"DESCRIPTION","DURATION IN MS","NAME","PARENT SUITE","START TIME","STATUS","STOP TIME","SUB SUITE","SUITE","TEST CLASS","TEST METHOD"
"","17","addOrIncreaseItem_ShouldUpdateQuantity_WhenProductAlreadyInCart()","","2026-09-16","passed","2026-09-16","","io.github.filipchyla.shopapi.cart.domain.CartDomainTest.GuestCartModel","io.github.filipchyla.shopapi.cart.domain.CartDomainTest$GuestCartModel","addOrIncreaseItem_ShouldUpdateQuantity_WhenProductAlreadyInCart"
"","4","getProducts_ShouldReturnEmptyContent_WhenNoProductsExist()","","2026-09-16","passed","2026-09-16","","io.github.filipchyla.shopapi.product.controller.ProductControllerTest.GetProducts","io.github.filipchyla.shopapi.product.controller.ProductControllerTest$GetProducts","getProducts_ShouldReturnEmptyContent_WhenNoProductsExist"
"","150","updateCategory_ShouldEvictTreeCache()","","2026-09-16","passed","2026-09-16","","io.github.filipchyla.shopapi.product.category.CategoryServiceCacheTest.UpdateCategory","io.github.filipchyla.shopapi.product.category.CategoryServiceCacheTest$UpdateCategory","updateCategory_ShouldEvictTreeCache"
"","3","getCart_ShouldRemoveStaleProductsAndPersistCleanedCart_WhenProductsNoLongerExist()","","2026-09-16","passed","2026-09-16","","io.github.filipchyla.shopapi.cart.service.GuestCartServiceTest.GetCart","io.github.filipchyla.shopapi.cart.service.GuestCartServiceTest$GetCart","getCart_ShouldRemoveStaleProductsAndPersistCleanedCart_WhenProductsNoLongerExist"
"","1","doFilterInternal_ShouldCallGetToken_WhenCsrfTokenPresent()","","2026-09-16","passed","2026-09-16","","io.github.filipchyla.shopapi.security.filter.CsrfCookieFilterTest","io.github.filipchyla.shopapi.security.filter.CsrfCookieFilterTest","doFilterInternal_ShouldCallGetToken_WhenCsrfTokenPresent"
"","170","logout_ClearsCookieAndInvalidatesToken()","","2026-09-16","passed","2026-09-16","","io.github.filipchyla.shopapi.auth.AuthIntegrationTest","io.github.filipchyla.shopapi.auth.AuthIntegrationTest","logout_ClearsCookieAndInvalidatesToken"
"","4","updateItemQuantity_ShouldThrowProductNotFound_WhenProductDoesNotExist()","","2026-09-16","passed","2026-09-16","","io.github.filipchyla.shopapi.cart.service.GuestCartServiceTest.UpdateAndRemove","io.github.filipchyla.shopapi.cart.service.GuestCartServiceTest$UpdateAndRemove","updateItemQuantity_ShouldThrowProductNotFound_WhenProductDoesNotExist"
"","54","mergeCart_ShouldReturnOkAndClearCookie_WhenAuthenticated()","","2026-09-16","passed","2026-09-16","","io.github.filipchyla.shopapi.cart.CartControllerTest.MergeCart","io.github.filipchyla.shopapi.cart.CartControllerTest$MergeCart","mergeCart_ShouldReturnOkAndClearCookie_WhenAuthenticated"
"","1","isTokenValid_ShouldReturnTrue_WhenTokenIsForUser()","","2026-09-16","passed","2026-09-16","","io.github.filipchyla.shopapi.auth.service.JwtServiceTest","io.github.filipchyla.shopapi.auth.service.JwtServiceTest","isTokenValid_ShouldReturnTrue_WhenTokenIsForUser"
"","2","findProducts_ShouldReturnPage_WhenPriceBoundsAreNull()","","2026-09-16","passed","2026-09-16","","io.github.filipchyla.shopapi.product.ProductServiceTest.FindProducts","io.github.filipchyla.shopapi.product.ProductServiceTest$FindProducts","findProducts_ShouldReturnPage_WhenPriceBoundsAreNull"
"","2","getCategoryTree_ShouldCallRepositoryOnlyOnce_WhenCalledMultipleTimes()","","2026-09-16","passed","2026-09-16","","io.github.filipchyla.shopapi.product.category.CategoryServiceCacheTest.GetCategoryTree","io.github.filipchyla.shopapi.product.category.CategoryServiceCacheTest$GetCategoryTree","getCategoryTree_ShouldCallRepositoryOnlyOnce_WhenCalledMultipleTimes"
"","3","addProduct_ShouldCreateProductAndReturnMappedResponse_WhenRequestIsValid()","","2026-09-16","passed","2026-09-16","","io.github.filipchyla.shopapi.product.controller.ProductAdminControllerTest.AddProduct","io.github.filipchyla.shopapi.product.controller.ProductAdminControllerTest$AddProduct","addProduct_ShouldCreateProductAndReturnMappedResponse_WhenRequestIsValid"
"","5","register_ShouldReturnBadRequest_WhenEmailIsInvalid()","","2026-09-16","passed","2026-09-16","","io.github.filipchyla.shopapi.auth.AuthenticationControllerTest.RegisterRequestTest","io.github.filipchyla.shopapi.auth.AuthenticationControllerTest$RegisterRequestTest","register_ShouldReturnBadRequest_WhenEmailIsInvalid"
"","369","deleteCategory_DeletesCategory_WhenAdminAndCategoryExists()","","2026-09-16","passed","2026-09-16","","io.github.filipchyla.shopapi.product.category.CategoryIntegrationTest.DeleteCategory","io.github.filipchyla.shopapi.product.category.CategoryIntegrationTest$DeleteCategory","deleteCategory_DeletesCategory_WhenAdminAndCategoryExists"
"","2","getCart_ShouldCreateNewCart_WhenNoneExistsForUser()","","2026-09-16","passed","2026-09-16","","io.github.filipchyla.shopapi.cart.service.CartServiceTest.GetCart","io.github.filipchyla.shopapi.cart.service.CartServiceTest$GetCart","getCart_ShouldCreateNewCart_WhenNoneExistsForUser"
"","335","addCategory_ReturnsForbidden_WhenUserIsNotAdmin()","","2026-09-16","passed","2026-09-16","","io.github.filipchyla.shopapi.product.category.CategoryIntegrationTest.AddCategory","io.github.filipchyla.shopapi.product.category.CategoryIntegrationTest$AddCategory","addCategory_ReturnsForbidden_WhenUserIsNotAdmin"
"","94","updateMe_ShouldClearInfo_WhenRequestHasEmptyStrings()","","2026-09-16","passed","2026-09-16","","io.github.filipchyla.shopapi.user.UserIntegrationTest","io.github.filipchyla.shopapi.user.UserIntegrationTest","updateMe_ShouldClearInfo_WhenRequestHasEmptyStrings"
"","3","getItems_ShouldReturnUnmodifiableList()","","2026-09-16","passed","2026-09-16","","io.github.filipchyla.shopapi.cart.domain.CartDomainTest.GuestCartModel","io.github.filipchyla.shopapi.cart.domain.CartDomainTest$GuestCartModel","getItems_ShouldReturnUnmodifiableList"
"","11","generateToken_ShouldReturnValidToken()","","2026-09-16","passed","2026-09-16","","io.github.filipchyla.shopapi.auth.service.JwtServiceTest","io.github.filipchyla.shopapi.auth.service.JwtServiceTest","generateToken_ShouldReturnValidToken"
"","74","patchUser_ShouldThrowUserNotFoundException_WhenUserDoesNotExist()","","2026-09-16","passed","2026-09-16","","io.github.filipchyla.shopapi.user.UserServiceTest","io.github.filipchyla.shopapi.user.UserServiceTest","patchUser_ShouldThrowUserNotFoundException_WhenUserDoesNotExist"
"","4","shouldDeleteAllUserSessions()","","2026-09-16","passed","2026-09-16","","io.github.filipchyla.shopapi.auth.service.RefreshTokenServiceTest.RevokeAllForUser","io.github.filipchyla.shopapi.auth.service.RefreshTokenServiceTest$RevokeAllForUser","shouldDeleteAllUserSessions"
"","3","removeItem_ShouldRemoveItem_WhenItemExists()","","2026-09-16","passed","2026-09-16","","io.github.filipchyla.shopapi.cart.domain.CartDomainTest.GuestCartModel","io.github.filipchyla.shopapi.cart.domain.CartDomainTest$GuestCartModel","removeItem_ShouldRemoveItem_WhenItemExists"
"","2","getProductById_ShouldCallRepositoryOnlyOnce_WhenCalledMultipleTimesWithSameId()","","2026-09-16","passed","2026-09-16","","io.github.filipchyla.shopapi.product.ProductServiceCacheTest.GetProductById","io.github.filipchyla.shopapi.product.ProductServiceCacheTest$GetProductById","getProductById_ShouldCallRepositoryOnlyOnce_WhenCalledMultipleTimesWithSameId"
"","1","isPriceChanged_ShouldReturnFalse_WhenPricesEqualRegardlessOfScale()","","2026-09-16","passed","2026-09-16","","io.github.filipchyla.shopapi.cart.PriceCalculatorTest.IsPriceChanged","io.github.filipchyla.shopapi.cart.PriceCalculatorTest$IsPriceChanged","isPriceChanged_ShouldReturnFalse_WhenPricesEqualRegardlessOfScale"
"","2","shouldRemoveOrphanedTokenFromSessionSetDuringEviction()","","2026-09-16","passed","2026-09-16","","io.github.filipchyla.shopapi.auth.service.RefreshTokenServiceTest.CreateNewToken","io.github.filipchyla.shopapi.auth.service.RefreshTokenServiceTest$CreateNewToken","shouldRemoveOrphanedTokenFromSessionSetDuringEviction"
"","4","deleteCategory_IsNotAccessible_WithoutAuthentication()","","2026-09-16","passed","2026-09-16","","io.github.filipchyla.shopapi.config.authorization.CategoryAuthorizationTest","io.github.filipchyla.shopapi.config.authorization.CategoryAuthorizationTest","deleteCategory_IsNotAccessible_WithoutAuthentication"
"","4","addItem_ShouldThrowLimitExceeded_WhenQuantityAboveMax()","","2026-09-16","passed","2026-09-16","","io.github.filipchyla.shopapi.cart.service.GuestCartServiceTest.AddItem","io.github.filipchyla.shopapi.cart.service.GuestCartServiceTest$AddItem","addItem_ShouldThrowLimitExceeded_WhenQuantityAboveMax"
"","2","addItem_ShouldAddNewLineItem_WhenProductNotYetInCart()","","2026-09-16","passed","2026-09-16","","io.github.filipchyla.shopapi.cart.service.CartServiceTest.AddItem","io.github.filipchyla.shopapi.cart.service.CartServiceTest$AddItem","addItem_ShouldAddNewLineItem_WhenProductNotYetInCart"
"","344","addCategory_EvictsTreeCache_SoNewCategoryIsVisibleImmediately()","","2026-09-16","passed","2026-09-16","","io.github.filipchyla.shopapi.product.category.CategoryIntegrationTest.AddCategory","io.github.filipchyla.shopapi.product.category.CategoryIntegrationTest$AddCategory","addCategory_EvictsTreeCache_SoNewCategoryIsVisibleImmediately"
"","13","getMe_IsAccessible_WhenAuthenticated()","","2026-09-16","passed","2026-09-16","","io.github.filipchyla.shopapi.config.authorization.UserAuthorizationTest","io.github.filipchyla.shopapi.config.authorization.UserAuthorizationTest","getMe_IsAccessible_WhenAuthenticated"
"","1","doFilterInternal_ShouldNotSetAuthentication_WhenTokenIsInvalid()","","2026-09-16","passed","2026-09-16","","io.github.filipchyla.shopapi.security.filter.JwtAuthenticationFilterTest","io.github.filipchyla.shopapi.security.filter.JwtAuthenticationFilterTest","doFilterInternal_ShouldNotSetAuthentication_WhenTokenIsInvalid"
"","2","addItem_ShouldThrowInsufficientStock_WhenRequestedQuantityExceedsStock()","","2026-09-16","passed","2026-09-16","","io.github.filipchyla.shopapi.cart.service.CartServiceTest.AddItem","io.github.filipchyla.shopapi.cart.service.CartServiceTest$AddItem","addItem_ShouldThrowInsufficientStock_WhenRequestedQuantityExceedsStock"
"","174","refresh_ShouldReturnUnauthorized_WhenCookieIsReused()","","2026-09-16","passed","2026-09-16","","io.github.filipchyla.shopapi.auth.AuthIntegrationTest","io.github.filipchyla.shopapi.auth.AuthIntegrationTest","refresh_ShouldReturnUnauthorized_WhenCookieIsReused"
"","7","updateItemQuantity_IsAccessible_WithoutAuthentication()","","2026-09-16","passed","2026-09-16","","io.github.filipchyla.shopapi.config.authorization.CartAuthorizationTest","io.github.filipchyla.shopapi.config.authorization.CartAuthorizationTest","updateItemQuantity_IsAccessible_WithoutAuthentication"
"","36","patchMe_ShouldReturnBadRequest_WhenRequestIsInvalid()","","2026-09-16","passed","2026-09-16","","io.github.filipchyla.shopapi.user.UserControllerTest","io.github.filipchyla.shopapi.user.UserControllerTest","patchMe_ShouldReturnBadRequest_WhenRequestIsInvalid"
"","332","updateCategory_ReturnsForbidden_WhenUserIsNotAdmin()","","2026-09-16","passed","2026-09-16","","io.github.filipchyla.shopapi.product.category.CategoryIntegrationTest.UpdateCategory","io.github.filipchyla.shopapi.product.category.CategoryIntegrationTest$UpdateCategory","updateCategory_ReturnsForbidden_WhenUserIsNotAdmin"
"","4","logout_ShouldStillClearCookie_WhenCookieMissing()","","2026-09-16","passed","2026-09-16","","io.github.filipchyla.shopapi.auth.AuthenticationControllerTest.LogoutTest","io.github.filipchyla.shopapi.auth.AuthenticationControllerTest$LogoutTest","logout_ShouldStillClearCookie_WhenCookieMissing"
"","35","deleteMe_ShouldDeactivateUser_WhenHeExists()","","2026-09-16","passed","2026-09-16","","io.github.filipchyla.shopapi.user.UserControllerTest","io.github.filipchyla.shopapi.user.UserControllerTest","deleteMe_ShouldDeactivateUser_WhenHeExists"
"","2","addItem_ShouldNotReturnNewToken_WhenAuthenticatedUserAddsItem()","","2026-09-16","passed","2026-09-16","","io.github.filipchyla.shopapi.cart.CartFacadeTest.AddItem","io.github.filipchyla.shopapi.cart.CartFacadeTest$AddItem","addItem_ShouldNotReturnNewToken_WhenAuthenticatedUserAddsItem"
"","2","updateItemQuantity_ShouldThrowNotFound_WhenItemNotInCart()","","2026-09-16","passed","2026-09-16","","io.github.filipchyla.shopapi.cart.service.CartServiceTest.UpdateItemQuantity","io.github.filipchyla.shopapi.cart.service.CartServiceTest$UpdateItemQuantity","updateItemQuantity_ShouldThrowNotFound_WhenItemNotInCart"
"","13","removeItem_IsAccessible_WithoutAuthentication()","","2026-09-16","passed","2026-09-16","","io.github.filipchyla.shopapi.config.authorization.CartAuthorizationTest","io.github.filipchyla.shopapi.config.authorization.CartAuthorizationTest","removeItem_IsAccessible_WithoutAuthentication"
"","354","getProducts_FiltersByPriceRange()","","2026-09-16","passed","2026-09-16","","io.github.filipchyla.shopapi.product.ProductIntegrationTest.GetProducts","io.github.filipchyla.shopapi.product.ProductIntegrationTest$GetProducts","getProducts_FiltersByPriceRange"
"","332","updateStock_DecreasesQuantity_WhenAdminAndValidRequest()","","2026-09-16","passed","2026-09-16","","io.github.filipchyla.shopapi.product.ProductIntegrationTest.UpdateStock","io.github.filipchyla.shopapi.product.ProductIntegrationTest$UpdateStock","updateStock_DecreasesQuantity_WhenAdminAndValidRequest"
"","3","shouldThrowUserDisabledException_whenUserAccountIsDeactivated()","","2026-09-16","passed","2026-09-16","","io.github.filipchyla.shopapi.auth.AuthenticationFacadeTest.RefreshTokenTest","io.github.filipchyla.shopapi.auth.AuthenticationFacadeTest$RefreshTokenTest","shouldThrowUserDisabledException_whenUserAccountIsDeactivated"
"","2","validateAddition_ShouldThrowLimitExceeded_WhenRequestedQuantityExceedsMaxPerItem()","","2026-09-16","passed","2026-09-16","","io.github.filipchyla.shopapi.cart.CartLimitPolicyTest.ValidateAddition","io.github.filipchyla.shopapi.cart.CartLimitPolicyTest$ValidateAddition","validateAddition_ShouldThrowLimitExceeded_WhenRequestedQuantityExceedsMaxPerItem"
"","334","addProduct_CreatesProduct_WhenAdminAndValidRequest()","","2026-09-16","passed","2026-09-16","","io.github.filipchyla.shopapi.product.ProductIntegrationTest.AddProduct","io.github.filipchyla.shopapi.product.ProductIntegrationTest$AddProduct","addProduct_CreatesProduct_WhenAdminAndValidRequest"
"","703","updateMe_ShouldUpdateUser_WhenUserExists()","","2026-09-16","passed","2026-09-16","","io.github.filipchyla.shopapi.user.UserIntegrationTest","io.github.filipchyla.shopapi.user.UserIntegrationTest","updateMe_ShouldUpdateUser_WhenUserExists"
"","3","clearCart_ShouldDelegateToGuestCartService_WhenPrincipalIsNull()","","2026-09-16","passed","2026-09-16","","io.github.filipchyla.shopapi.cart.CartFacadeTest.ClearCart","io.github.filipchyla.shopapi.cart.CartFacadeTest$ClearCart","clearCart_ShouldDelegateToGuestCartService_WhenPrincipalIsNull"
"","2","validateAddition_ShouldPass_WhenExistingItemInFullCart()","","2026-09-16","passed","2026-09-16","","io.github.filipchyla.shopapi.cart.CartLimitPolicyTest.ValidateAddition","io.github.filipchyla.shopapi.cart.CartLimitPolicyTest$ValidateAddition","validateAddition_ShouldPass_WhenExistingItemInFullCart"
"","92","shouldRevokeAllTokensForUserAndReturnExpiredCookie()","","2026-09-16","passed","2026-09-16","","io.github.filipchyla.shopapi.auth.AuthenticationFacadeTest.RevokeAllTokensForUserTest","io.github.filipchyla.shopapi.auth.AuthenticationFacadeTest$RevokeAllTokensForUserTest","shouldRevokeAllTokensForUserAndReturnExpiredCookie"
"","3","getCart_ShouldReturnMappedCart_WhenCartExists()","","2026-09-16","passed","2026-09-16","","io.github.filipchyla.shopapi.cart.service.GuestCartServiceTest.GetCart","io.github.filipchyla.shopapi.cart.service.GuestCartServiceTest$GetCart","getCart_ShouldReturnMappedCart_WhenCartExists"
"","4","addItem_ShouldThrowProductNotFound_WhenProductDoesNotExistOrInactive()","","2026-09-16","passed","2026-09-16","","io.github.filipchyla.shopapi.cart.service.GuestCartServiceTest.AddItem","io.github.filipchyla.shopapi.cart.service.GuestCartServiceTest$AddItem","addItem_ShouldThrowProductNotFound_WhenProductDoesNotExistOrInactive"
"","326","addProduct_ReturnsUnauthorized_WhenNoTokenProvided()","","2026-09-16","passed","2026-09-16","","io.github.filipchyla.shopapi.product.ProductIntegrationTest.AddProduct","io.github.filipchyla.shopapi.product.ProductIntegrationTest$AddProduct","addProduct_ReturnsUnauthorized_WhenNoTokenProvided"
"","2","updateItemQuantity_ShouldUpdateQuantity_WhenItemExistsAndStockSufficient()","","2026-09-16","passed","2026-09-16","","io.github.filipchyla.shopapi.cart.service.CartServiceTest.UpdateItemQuantity","io.github.filipchyla.shopapi.cart.service.CartServiceTest$UpdateItemQuantity","updateItemQuantity_ShouldUpdateQuantity_WhenItemExistsAndStockSufficient"
"","1","quantityIfAdded_ShouldReturnDelta_WhenProductNotInCart()","","2026-09-16","passed","2026-09-16","","io.github.filipchyla.shopapi.cart.domain.CartDomainTest.CartEntity","io.github.filipchyla.shopapi.cart.domain.CartDomainTest$CartEntity","quantityIfAdded_ShouldReturnDelta_WhenProductNotInCart"
"","196","updateProduct_ShouldPutResultInCache_ForGivenId()","","2026-09-16","passed","2026-09-16","","io.github.filipchyla.shopapi.product.ProductServiceCacheTest.UpdateProduct","io.github.filipchyla.shopapi.product.ProductServiceCacheTest$UpdateProduct","updateProduct_ShouldPutResultInCache_ForGivenId"
"","12","cookieBasedEndpoints_ShouldNotReturnForbidden_WhenCsrfTokenPresent(HttpMethod, String) [2] method=POST, url=/api/v1/auth/logout","","2026-09-16","passed","2026-09-16","","io.github.filipchyla.shopapi.config.CsrfConfigurationTest","io.github.filipchyla.shopapi.config.CsrfConfigurationTest","cookieBasedEndpoints_ShouldNotReturnForbidden_WhenCsrfTokenPresent"
"","5","updateItemQuantity_ShouldUpdateQuantity_WhenItemExists()","","2026-09-16","passed","2026-09-16","","io.github.filipchyla.shopapi.cart.service.GuestCartServiceTest.UpdateAndRemove","io.github.filipchyla.shopapi.cart.service.GuestCartServiceTest$UpdateAndRemove","updateItemQuantity_ShouldUpdateQuantity_WhenItemExists"
"","106","refresh_ShouldReturnUnauthorized_WhenCookieIsIncorrect()","","2026-09-16","passed","2026-09-16","","io.github.filipchyla.shopapi.auth.AuthIntegrationTest","io.github.filipchyla.shopapi.auth.AuthIntegrationTest","refresh_ShouldReturnUnauthorized_WhenCookieIsIncorrect"
"","22","authenticate_ShouldReturnUnauthorized_WhenCredentialsAreWrong()","","2026-09-16","passed","2026-09-16","","io.github.filipchyla.shopapi.auth.AuthenticationControllerTest.AuthenticationRequestTest","io.github.filipchyla.shopapi.auth.AuthenticationControllerTest$AuthenticationRequestTest","authenticate_ShouldReturnUnauthorized_WhenCredentialsAreWrong"
"","1","addNewItem_ShouldInitializeItemAndSetSnapshot()","","2026-09-16","passed","2026-09-16","","io.github.filipchyla.shopapi.cart.domain.CartDomainTest.CartEntity","io.github.filipchyla.shopapi.cart.domain.CartDomainTest$CartEntity","addNewItem_ShouldInitializeItemAndSetSnapshot"
"","2","getCart_ShouldDelegateToGuestCartService_WhenPrincipalIsNull()","","2026-09-16","passed","2026-09-16","","io.github.filipchyla.shopapi.cart.CartFacadeTest.GetCart","io.github.filipchyla.shopapi.cart.CartFacadeTest$GetCart","getCart_ShouldDelegateToGuestCartService_WhenPrincipalIsNull"
"","83","register_ShouldReturnBadCredentials_WhenCredentialsAreIncorrect()","","2026-09-16","passed","2026-09-16","","io.github.filipchyla.shopapi.auth.AuthIntegrationTest","io.github.filipchyla.shopapi.auth.AuthIntegrationTest","register_ShouldReturnBadCredentials_WhenCredentialsAreIncorrect"
"","1","doFilterInternal_ShouldContinueChainWithoutAuthentication_WhenNoAuthorizationHeader()","","2026-09-16","passed","2026-09-16","","io.github.filipchyla.shopapi.security.filter.JwtAuthenticationFilterTest","io.github.filipchyla.shopapi.security.filter.JwtAuthenticationFilterTest","doFilterInternal_ShouldContinueChainWithoutAuthentication_WhenNoAuthorizationHeader"
"","5","postCategories_IsNotAccessible_WithoutAuthentication()","","2026-09-16","passed","2026-09-16","","io.github.filipchyla.shopapi.config.authorization.CategoryAuthorizationTest","io.github.filipchyla.shopapi.config.authorization.CategoryAuthorizationTest","postCategories_IsNotAccessible_WithoutAuthentication"
"","14","updatePassword_ShouldReturnBadRequest_WhenNewPasswordIsWeak()","","2026-09-16","passed","2026-09-16","","io.github.filipchyla.shopapi.user.UserControllerTest","io.github.filipchyla.shopapi.user.UserControllerTest","updatePassword_ShouldReturnBadRequest_WhenNewPasswordIsWeak"
"","2","removeItem_ShouldRemoveItem_WhenItemExists()","","2026-09-16","passed","2026-09-16","","io.github.filipchyla.shopapi.cart.domain.CartDomainTest.CartEntity","io.github.filipchyla.shopapi.cart.domain.CartDomainTest$CartEntity","removeItem_ShouldRemoveItem_WhenItemExists"
"","11","removeItem_ShouldReturnOk_WhenProductRemoved()","","2026-09-16","passed","2026-09-16","","io.github.filipchyla.shopapi.cart.CartControllerTest.RemoveItem","io.github.filipchyla.shopapi.cart.CartControllerTest$RemoveItem","removeItem_ShouldReturnOk_WhenProductRemoved"
"","2","shouldThrowWhenSerializationFails()","","2026-09-16","passed","2026-09-16","","io.github.filipchyla.shopapi.auth.service.RefreshTokenServiceTest.CreateNewToken","io.github.filipchyla.shopapi.auth.service.RefreshTokenServiceTest$CreateNewToken","shouldThrowWhenSerializationFails"
"","35","register_ShouldReturnAccessTokenAndSetRefreshCookie_WhenRequestIsValid()","","2026-09-16","passed","2026-09-16","","io.github.filipchyla.shopapi.auth.AuthenticationControllerTest.RegisterRequestTest","io.github.filipchyla.shopapi.auth.AuthenticationControllerTest$RegisterRequestTest","register_ShouldReturnAccessTokenAndSetRefreshCookie_WhenRequestIsValid"
"","3","merge_ShouldSkipItemsThatFailWithProductNotFound_ButStillClearGuestCart()","","2026-09-16","passed","2026-09-16","","io.github.filipchyla.shopapi.cart.service.CartMergeServiceTest.PartialFailure","io.github.filipchyla.shopapi.cart.service.CartMergeServiceTest$PartialFailure","merge_ShouldSkipItemsThatFailWithProductNotFound_ButStillClearGuestCart"
"","6","addItem_ShouldReturnBadRequest_WhenProductIdIsNull()","","2026-09-16","passed","2026-09-16","","io.github.filipchyla.shopapi.cart.CartControllerTest.AddItem","io.github.filipchyla.shopapi.cart.CartControllerTest$AddItem","addItem_ShouldReturnBadRequest_WhenProductIdIsNull"
"","337","addCategory_ReturnsNotFound_WhenParentIdDoesNotExist()","","2026-09-16","passed","2026-09-16","","io.github.filipchyla.shopapi.product.category.CategoryIntegrationTest.AddCategory","io.github.filipchyla.shopapi.product.category.CategoryIntegrationTest$AddCategory","addCategory_ReturnsNotFound_WhenParentIdDoesNotExist"
"","331","updateCategory_ReturnsNotFound_WhenNewParentDoesNotExist()","","2026-09-16","passed","2026-09-16","","io.github.filipchyla.shopapi.product.category.CategoryIntegrationTest.UpdateCategory","io.github.filipchyla.shopapi.product.category.CategoryIntegrationTest$UpdateCategory","updateCategory_ReturnsNotFound_WhenNewParentDoesNotExist"
"","5","updateStock_ReturnsForbidden_WhenUser()","","2026-09-16","passed","2026-09-16","","io.github.filipchyla.shopapi.config.authorization.ProductAuthorizationTest","io.github.filipchyla.shopapi.config.authorization.ProductAuthorizationTest","updateStock_ReturnsForbidden_WhenUser"
"","4","addOrIncreaseItem_ShouldAddNewItem_WhenProductNotInCart()","","2026-09-16","passed","2026-09-16","","io.github.filipchyla.shopapi.cart.domain.CartDomainTest.GuestCartModel","io.github.filipchyla.shopapi.cart.domain.CartDomainTest$GuestCartModel","addOrIncreaseItem_ShouldAddNewItem_WhenProductNotInCart"
"","8","addItem_IsAccessible_WithoutAuthentication()","","2026-09-16","passed","2026-09-16","","io.github.filipchyla.shopapi.config.authorization.CartAuthorizationTest","io.github.filipchyla.shopapi.config.authorization.CartAuthorizationTest","addItem_IsAccessible_WithoutAuthentication"
"","2","shouldReturnAccessTokenAndRefreshCookie_whenAuthenticationIsSuccessful()","","2026-09-16","passed","2026-09-16","","io.github.filipchyla.shopapi.auth.AuthenticationFacadeTest.AuthenticateUserAndReturnTokensTest","io.github.filipchyla.shopapi.auth.AuthenticationFacadeTest$AuthenticateUserAndReturnTokensTest","shouldReturnAccessTokenAndRefreshCookie_whenAuthenticationIsSuccessful"
"","2","shouldNotRevokeAnything_whenTokenIsNull()","","2026-09-16","passed","2026-09-16","","io.github.filipchyla.shopapi.auth.AuthenticationFacadeTest.RevokeSingleForUserTest","io.github.filipchyla.shopapi.auth.AuthenticationFacadeTest$RevokeSingleForUserTest","shouldNotRevokeAnything_whenTokenIsNull"
"","1","validateAddition_ShouldThrowLimitExceeded_WhenNewItemExceedsMaxDistinctItems()","","2026-09-16","passed","2026-09-16","","io.github.filipchyla.shopapi.cart.CartLimitPolicyTest.ValidateAddition","io.github.filipchyla.shopapi.cart.CartLimitPolicyTest$ValidateAddition","validateAddition_ShouldThrowLimitExceeded_WhenNewItemExceedsMaxDistinctItems"
"","2","updateStock_ShouldShouldSubtractQuantity_WhenDifferenceIsNegative()","","2026-09-16","passed","2026-09-16","","io.github.filipchyla.shopapi.product.ProductServiceTest.UpdateStock","io.github.filipchyla.shopapi.product.ProductServiceTest$UpdateStock","updateStock_ShouldShouldSubtractQuantity_WhenDifferenceIsNegative"
"","4","getCart_ShouldReturnCart_ForGuestWithExistingCookie()","","2026-09-16","passed","2026-09-16","","io.github.filipchyla.shopapi.cart.CartControllerTest.GetCart","io.github.filipchyla.shopapi.cart.CartControllerTest$GetCart","getCart_ShouldReturnCart_ForGuestWithExistingCookie"
"","326","getProducts_FiltersByCategoryId()","","2026-09-16","passed","2026-09-16","","io.github.filipchyla.shopapi.product.ProductIntegrationTest.GetProducts","io.github.filipchyla.shopapi.product.ProductIntegrationTest$GetProducts","getProducts_FiltersByCategoryId"
"","210","deleteMe_ShouldDeactivateCurrentUser()","","2026-09-16","passed","2026-09-16","","io.github.filipchyla.shopapi.user.UserIntegrationTest","io.github.filipchyla.shopapi.user.UserIntegrationTest","deleteMe_ShouldDeactivateCurrentUser"
"","2","addItem_ShouldIncreaseQuantity_WhenProductAlreadyInCart()","","2026-09-16","passed","2026-09-16","","io.github.filipchyla.shopapi.cart.service.CartServiceTest.AddItem","io.github.filipchyla.shopapi.cart.service.CartServiceTest$AddItem","addItem_ShouldIncreaseQuantity_WhenProductAlreadyInCart"
"","336","updateCategory_ReturnsConflict_WhenCircularCategoryReference()","","2026-09-16","passed","2026-09-16","","io.github.filipchyla.shopapi.product.category.CategoryIntegrationTest.UpdateCategory","io.github.filipchyla.shopapi.product.category.CategoryIntegrationTest$UpdateCategory","updateCategory_ReturnsConflict_WhenCircularCategoryReference"
"","189","addItem_ReturnsConflict_WhenStockInsufficient()","","2026-09-16","passed","2026-09-16","","io.github.filipchyla.shopapi.cart.CartIntegrationTest.GuestFlow","io.github.filipchyla.shopapi.cart.CartIntegrationTest$GuestFlow","addItem_ReturnsConflict_WhenStockInsufficient"
"","3","addItem_ShouldPassIsNewFalseToPolicy_WhenAddingExistingItem()","","2026-09-16","passed","2026-09-16","","io.github.filipchyla.shopapi.cart.service.CartServiceTest.AddItem","io.github.filipchyla.shopapi.cart.service.CartServiceTest$AddItem","addItem_ShouldPassIsNewFalseToPolicy_WhenAddingExistingItem"
"","15","updatePassword_ShouldUpdatePassword_WhenRequestIsValid()","","2026-09-16","passed","2026-09-16","","io.github.filipchyla.shopapi.user.UserControllerTest","io.github.filipchyla.shopapi.user.UserControllerTest","updatePassword_ShouldUpdatePassword_WhenRequestIsValid"
"","2","updateStock_ShouldPopulateCache_SoSubsequentGetDoesNotHitRepository()","","2026-09-16","passed","2026-09-16","","io.github.filipchyla.shopapi.product.ProductServiceCacheTest.UpdateStock","io.github.filipchyla.shopapi.product.ProductServiceCacheTest$UpdateStock","updateStock_ShouldPopulateCache_SoSubsequentGetDoesNotHitRepository"
"","2","updateProduct_ShouldThrowNotFound_WhenCategoryDoesNotExist()","","2026-09-16","passed","2026-09-16","","io.github.filipchyla.shopapi.product.ProductServiceTest.UpdateProduct","io.github.filipchyla.shopapi.product.ProductServiceTest$UpdateProduct","updateProduct_ShouldThrowNotFound_WhenCategoryDoesNotExist"
"","5","authenticate_ShouldReturnBadRequest_WhenCredentialsAreInvalid()","","2026-09-16","passed","2026-09-16","","io.github.filipchyla.shopapi.auth.AuthenticationControllerTest.AuthenticationRequestTest","io.github.filipchyla.shopapi.auth.AuthenticationControllerTest$AuthenticationRequestTest","authenticate_ShouldReturnBadRequest_WhenCredentialsAreInvalid"
"","184","clearCart_ShouldClearAllItems_WhenCartExists()","","2026-09-16","passed","2026-09-16","","io.github.filipchyla.shopapi.cart.service.CartServiceTest.ClearCart","io.github.filipchyla.shopapi.cart.service.CartServiceTest$ClearCart","clearCart_ShouldClearAllItems_WhenCartExists"
"","4","getUserEntity_ShouldReturnUserEntity_WhenUserExists()","","2026-09-16","passed","2026-09-16","","io.github.filipchyla.shopapi.user.UserServiceTest","io.github.filipchyla.shopapi.user.UserServiceTest","getUserEntity_ShouldReturnUserEntity_WhenUserExists"
"","328","getCategories_DoesNotRequireAuthentication()","","2026-09-16","passed","2026-09-16","","io.github.filipchyla.shopapi.product.category.CategoryIntegrationTest.GetCategories","io.github.filipchyla.shopapi.product.category.CategoryIntegrationTest$GetCategories","getCategories_DoesNotRequireAuthentication"
"","4","removeItem_ShouldDelegateToGuestCartService_WhenGuest()","","2026-09-16","passed","2026-09-16","","io.github.filipchyla.shopapi.cart.CartFacadeTest.RemoveItem","io.github.filipchyla.shopapi.cart.CartFacadeTest$RemoveItem","removeItem_ShouldDelegateToGuestCartService_WhenGuest"
"","4","update_ShouldReturnConflict_WhenCircularCategoryReference()","","2026-09-16","passed","2026-09-16","","io.github.filipchyla.shopapi.product.category.controller.CategoryAdminControllerTest.UpdateCategory","io.github.filipchyla.shopapi.product.category.controller.CategoryAdminControllerTest$UpdateCategory","update_ShouldReturnConflict_WhenCircularCategoryReference"
"","7","addItem_ShouldReturnBadRequest_WhenQuantityIsZero()","","2026-09-16","passed","2026-09-16","","io.github.filipchyla.shopapi.cart.CartControllerTest.AddItem","io.github.filipchyla.shopapi.cart.CartControllerTest$AddItem","addItem_ShouldReturnBadRequest_WhenQuantityIsZero"
"","1","getCategoryTree_ShouldHandlesMultipleRootsWithSeparateSubtrees()","","2026-09-16","passed","2026-09-16","","io.github.filipchyla.shopapi.product.category.CategoryServiceTest.GetCategoryTree","io.github.filipchyla.shopapi.product.category.CategoryServiceTest$GetCategoryTree","getCategoryTree_ShouldHandlesMultipleRootsWithSeparateSubtrees"
"","2","addProduct_ShouldSaveProduct_WhenCategoryExists()","","2026-09-16","passed","2026-09-16","","io.github.filipchyla.shopapi.product.ProductServiceTest.AddProduct","io.github.filipchyla.shopapi.product.ProductServiceTest$AddProduct","addProduct_ShouldSaveProduct_WhenCategoryExists"
"","3","addItem_ShouldThrowInsufficientStock_WhenRequestExceedsStock()","","2026-09-16","passed","2026-09-16","","io.github.filipchyla.shopapi.cart.service.GuestCartServiceTest.AddItem","io.github.filipchyla.shopapi.cart.service.GuestCartServiceTest$AddItem","addItem_ShouldThrowInsufficientStock_WhenRequestExceedsStock"
"","2","merge_ShouldSkipItemsThatFailWithConflict_ButStillClearGuestCart()","","2026-09-16","passed","2026-09-16","","io.github.filipchyla.shopapi.cart.service.CartMergeServiceTest.PartialFailure","io.github.filipchyla.shopapi.cart.service.CartMergeServiceTest$PartialFailure","merge_ShouldSkipItemsThatFailWithConflict_ButStillClearGuestCart"
"","18","deactivateUser_ShouldSetEnabledToFalse_WhenUserExists()","","2026-09-16","passed","2026-09-16","","io.github.filipchyla.shopapi.user.UserServiceTest","io.github.filipchyla.shopapi.user.UserServiceTest","deactivateUser_ShouldSetEnabledToFalse_WhenUserExists"
"","7","getMe_ShouldReturnUser_WhenUserExist()","","2026-09-16","passed","2026-09-16","","io.github.filipchyla.shopapi.user.UserControllerTest","io.github.filipchyla.shopapi.user.UserControllerTest","getMe_ShouldReturnUser_WhenUserExist"
"","12","cookieBasedEndpoints_ShouldNotReturnForbidden_WhenCsrfTokenPresent(HttpMethod, String) [6] method=DELETE, url=/api/v1/cart","","2026-09-16","passed","2026-09-16","","io.github.filipchyla.shopapi.config.CsrfConfigurationTest","io.github.filipchyla.shopapi.config.CsrfConfigurationTest","cookieBasedEndpoints_ShouldNotReturnForbidden_WhenCsrfTokenPresent"
"","1","doFilterInternal_ShouldReturnUnauthorized_WhenTokenIsExpired()","","2026-09-16","passed","2026-09-16","","io.github.filipchyla.shopapi.security.filter.JwtAuthenticationFilterTest","io.github.filipchyla.shopapi.security.filter.JwtAuthenticationFilterTest","doFilterInternal_ShouldReturnUnauthorized_WhenTokenIsExpired"
"","3","removeItem_ShouldThrowNotFound_WhenItemMissing()","","2026-09-16","passed","2026-09-16","","io.github.filipchyla.shopapi.cart.service.GuestCartServiceTest.UpdateAndRemove","io.github.filipchyla.shopapi.cart.service.GuestCartServiceTest$UpdateAndRemove","removeItem_ShouldThrowNotFound_WhenItemMissing"
"","2","shouldThrowWhenTokenDoesNotExist()","","2026-09-16","passed","2026-09-16","","io.github.filipchyla.shopapi.auth.service.RefreshTokenServiceTest.GetUserIdFromToken","io.github.filipchyla.shopapi.auth.service.RefreshTokenServiceTest$GetUserIdFromToken","shouldThrowWhenTokenDoesNotExist"
"","3","shouldCreateTokenAndSaveItsData()","","2026-09-16","passed","2026-09-16","","io.github.filipchyla.shopapi.auth.service.RefreshTokenServiceTest.CreateNewToken","io.github.filipchyla.shopapi.auth.service.RefreshTokenServiceTest$CreateNewToken","shouldCreateTokenAndSaveItsData"
"","2","removeItem_ShouldDelegateToCartService_WhenAuthenticated()","","2026-09-16","passed","2026-09-16","","io.github.filipchyla.shopapi.cart.CartFacadeTest.RemoveItem","io.github.filipchyla.shopapi.cart.CartFacadeTest$RemoveItem","removeItem_ShouldDelegateToCartService_WhenAuthenticated"
"","2","updateStock_ShouldOverwriteExistingCacheEntry()","","2026-09-16","passed","2026-09-16","","io.github.filipchyla.shopapi.product.ProductServiceCacheTest.UpdateStock","io.github.filipchyla.shopapi.product.ProductServiceCacheTest$UpdateStock","updateStock_ShouldOverwriteExistingCacheEntry"
"","5","quantityIfAdded_ShouldReturnDelta_WhenProductNotInCart()","","2026-09-16","passed","2026-09-16","","io.github.filipchyla.shopapi.cart.domain.CartDomainTest.GuestCartModel","io.github.filipchyla.shopapi.cart.domain.CartDomainTest$GuestCartModel","quantityIfAdded_ShouldReturnDelta_WhenProductNotInCart"
"","954","clearCart_ShouldDeleteKey_WhenTokenPresent()","","2026-09-16","passed","2026-09-16","","io.github.filipchyla.shopapi.cart.service.GuestCartServiceTest.ClearCart","io.github.filipchyla.shopapi.cart.service.GuestCartServiceTest$ClearCart","clearCart_ShouldDeleteKey_WhenTokenPresent"
"","8","refresh_ShouldRotateTokenAndReturnNewAccessToken_WhenRequestIsValid()","","2026-09-16","passed","2026-09-16","","io.github.filipchyla.shopapi.auth.AuthenticationControllerTest.RefreshTokenCookieTest","io.github.filipchyla.shopapi.auth.AuthenticationControllerTest$RefreshTokenCookieTest","refresh_ShouldRotateTokenAndReturnNewAccessToken_WhenRequestIsValid"
"","2","getCategoryById_ShouldThrowNotFound_WhenCategoryDoesNotExists()","","2026-09-16","passed","2026-09-16","","io.github.filipchyla.shopapi.product.category.CategoryServiceTest.GetCategoryById","io.github.filipchyla.shopapi.product.category.CategoryServiceTest$GetCategoryById","getCategoryById_ShouldThrowNotFound_WhenCategoryDoesNotExists"
"","3","merge_ShouldSkipItemsThatFailWithBadRequest_ButStillClearGuestCart()","","2026-09-16","passed","2026-09-16","","io.github.filipchyla.shopapi.cart.service.CartMergeServiceTest.PartialFailure","io.github.filipchyla.shopapi.cart.service.CartMergeServiceTest$PartialFailure","merge_ShouldSkipItemsThatFailWithBadRequest_ButStillClearGuestCart"
"","2","shouldNotEvictAnythingWhenSessionLimitIsNotExceeded()","","2026-09-16","passed","2026-09-16","","io.github.filipchyla.shopapi.auth.service.RefreshTokenServiceTest.CreateNewToken","io.github.filipchyla.shopapi.auth.service.RefreshTokenServiceTest$CreateNewToken","shouldNotEvictAnythingWhenSessionLimitIsNotExceeded"
"","250","register_ShouldReturnConflict_WhenEmailAlreadyUsed()","","2026-09-16","passed","2026-09-16","","io.github.filipchyla.shopapi.auth.AuthIntegrationTest","io.github.filipchyla.shopapi.auth.AuthIntegrationTest","register_ShouldReturnConflict_WhenEmailAlreadyUsed"
"","191","addItem_CreatesCookieAndAddsItem_WhenNoCookiePresent()","","2026-09-16","passed","2026-09-16","","io.github.filipchyla.shopapi.cart.CartIntegrationTest.GuestFlow","io.github.filipchyla.shopapi.cart.CartIntegrationTest$GuestFlow","addItem_CreatesCookieAndAddsItem_WhenNoCookiePresent"
"","3","validateQuantityUpdate_ShouldPass_WhenValidAndInStock()","","2026-09-16","passed","2026-09-16","","io.github.filipchyla.shopapi.cart.CartLimitPolicyTest.ValidateQuantityUpdate","io.github.filipchyla.shopapi.cart.CartLimitPolicyTest$ValidateQuantityUpdate","validateQuantityUpdate_ShouldPass_WhenValidAndInStock"
"","5","patchUser_ShouldUpdateUser_WhenUserExists()","","2026-09-16","passed","2026-09-16","","io.github.filipchyla.shopapi.user.UserServiceTest","io.github.filipchyla.shopapi.user.UserServiceTest","patchUser_ShouldUpdateUser_WhenUserExists"
"","9","updateItemQuantity_ShouldReturnOk_WhenValidQuantityProvided()","","2026-09-16","passed","2026-09-16","","io.github.filipchyla.shopapi.cart.CartControllerTest.UpdateItemQuantity","io.github.filipchyla.shopapi.cart.CartControllerTest$UpdateItemQuantity","updateItemQuantity_ShouldReturnOk_WhenValidQuantityProvided"
"","3","shouldReturnUserId()","","2026-09-16","passed","2026-09-16","","io.github.filipchyla.shopapi.auth.service.RefreshTokenServiceTest.GetUserIdFromToken","io.github.filipchyla.shopapi.auth.service.RefreshTokenServiceTest$GetUserIdFromToken","shouldReturnUserId"
"","2","updateStock_ShouldUpdateStockQuantity_WhenProductExists()","","2026-09-16","passed","2026-09-16","","io.github.filipchyla.shopapi.product.ProductServiceTest.UpdateStock","io.github.filipchyla.shopapi.product.ProductServiceTest$UpdateStock","updateStock_ShouldUpdateStockQuantity_WhenProductExists"
"","1","isPriceChanged_ShouldReturnTrue_WhenPricesDiffer()","","2026-09-16","passed","2026-09-16","","io.github.filipchyla.shopapi.cart.PriceCalculatorTest.IsPriceChanged","io.github.filipchyla.shopapi.cart.PriceCalculatorTest$IsPriceChanged","isPriceChanged_ShouldReturnTrue_WhenPricesDiffer"
"","8","deleteCategory_IsAccessible_WhenAdmin()","","2026-09-16","passed","2026-09-16","","io.github.filipchyla.shopapi.config.authorization.CategoryAuthorizationTest","io.github.filipchyla.shopapi.config.authorization.CategoryAuthorizationTest","deleteCategory_IsAccessible_WhenAdmin"
"","1","addOrIncreaseItem_ShouldAddNewItem_WhenProductNotInCart()","","2026-09-16","passed","2026-09-16","","io.github.filipchyla.shopapi.cart.domain.CartDomainTest.CartEntity","io.github.filipchyla.shopapi.cart.domain.CartDomainTest$CartEntity","addOrIncreaseItem_ShouldAddNewItem_WhenProductNotInCart"
"","3","shouldPropagateException_whenRefreshTokenIsInvalidOrExpired()","","2026-09-16","passed","2026-09-16","","io.github.filipchyla.shopapi.auth.AuthenticationFacadeTest.RefreshTokenTest","io.github.filipchyla.shopapi.auth.AuthenticationFacadeTest$RefreshTokenTest","shouldPropagateException_whenRefreshTokenIsInvalidOrExpired"
"","3","shouldEvictOldestSessionWhenLimitIsExceeded()","","2026-09-16","passed","2026-09-16","","io.github.filipchyla.shopapi.auth.service.RefreshTokenServiceTest.CreateNewToken","io.github.filipchyla.shopapi.auth.service.RefreshTokenServiceTest$CreateNewToken","shouldEvictOldestSessionWhenLimitIsExceeded"
"","1","validateAddition_ShouldThrowInsufficientStock_WhenRequestedQuantityExceedsAvailableStock()","","2026-09-16","passed","2026-09-16","","io.github.filipchyla.shopapi.cart.CartLimitPolicyTest.ValidateAddition","io.github.filipchyla.shopapi.cart.CartLimitPolicyTest$ValidateAddition","validateAddition_ShouldThrowInsufficientStock_WhenRequestedQuantityExceedsAvailableStock"
"","6","cookieBasedEndpoints_ShouldReturnForbidden_WhenCsrfTokenMissing(HttpMethod, String) [2] method=POST, url=/api/v1/auth/logout","","2026-09-16","passed","2026-09-16","","io.github.filipchyla.shopapi.config.CsrfConfigurationTest","io.github.filipchyla.shopapi.config.CsrfConfigurationTest","cookieBasedEndpoints_ShouldReturnForbidden_WhenCsrfTokenMissing"
"","1","clear_ShouldRemoveAllItems()","","2026-09-16","passed","2026-09-16","","io.github.filipchyla.shopapi.cart.domain.CartDomainTest.CartEntity","io.github.filipchyla.shopapi.cart.domain.CartDomainTest$CartEntity","clear_ShouldRemoveAllItems"
"","12","addProduct_ShouldReturnNotFound_WhenCategoryDoesNotExist()","","2026-09-16","passed","2026-09-16","","io.github.filipchyla.shopapi.product.controller.ProductAdminControllerTest.AddProduct","io.github.filipchyla.shopapi.product.controller.ProductAdminControllerTest$AddProduct","addProduct_ShouldReturnNotFound_WhenCategoryDoesNotExist"
"","75","addCategory_ShouldEvictTreeCache()","","2026-09-16","passed","2026-09-16","","io.github.filipchyla.shopapi.product.category.CategoryServiceCacheTest.AddCategory","io.github.filipchyla.shopapi.product.category.CategoryServiceCacheTest$AddCategory","addCategory_ShouldEvictTreeCache"
"","1","removeStaleItems_ShouldDropItemsNotInValidSet()","","2026-09-16","passed","2026-09-16","","io.github.filipchyla.shopapi.cart.domain.CartDomainTest.GuestCartModel","io.github.filipchyla.shopapi.cart.domain.CartDomainTest$GuestCartModel","removeStaleItems_ShouldDropItemsNotInValidSet"
"","4","mergeCart_IsNotAccessible_WithoutAuthentication()","","2026-09-16","passed","2026-09-16","","io.github.filipchyla.shopapi.config.authorization.CartAuthorizationTest","io.github.filipchyla.shopapi.config.authorization.CartAuthorizationTest","mergeCart_IsNotAccessible_WithoutAuthentication"
"","326","addCategory_ReturnsUnauthorized_WhenNoTokenProvided()","","2026-09-16","passed","2026-09-16","","io.github.filipchyla.shopapi.product.category.CategoryIntegrationTest.AddCategory","io.github.filipchyla.shopapi.product.category.CategoryIntegrationTest$AddCategory","addCategory_ReturnsUnauthorized_WhenNoTokenProvided"
"","7","addItem_ShouldNotSetCookie_WhenGuestAlreadyHasCartToken()","","2026-09-16","passed","2026-09-16","","io.github.filipchyla.shopapi.cart.CartControllerTest.AddItem","io.github.filipchyla.shopapi.cart.CartControllerTest$AddItem","addItem_ShouldNotSetCookie_WhenGuestAlreadyHasCartToken"
"","4","getProducts_ShouldReturnPageOfProducts_WhenNoFiltersProvided()","","2026-09-16","passed","2026-09-16","","io.github.filipchyla.shopapi.product.controller.ProductControllerTest.GetProducts","io.github.filipchyla.shopapi.product.controller.ProductControllerTest$GetProducts","getProducts_ShouldReturnPageOfProducts_WhenNoFiltersProvided"
"","5","addItem_ShouldCorrectlyAccumulateQuantity_WhenProductAlreadyExistsInCart()","","2026-09-16","passed","2026-09-16","","io.github.filipchyla.shopapi.cart.service.GuestCartServiceTest.AddItem","io.github.filipchyla.shopapi.cart.service.GuestCartServiceTest$AddItem","addItem_ShouldCorrectlyAccumulateQuantity_WhenProductAlreadyExistsInCart"
"","19","addItem_ShouldSetCartTokenCookie_WhenGuestHasNoCookieYet()","","2026-09-16","passed","2026-09-16","","io.github.filipchyla.shopapi.cart.CartControllerTest.AddItem","io.github.filipchyla.shopapi.cart.CartControllerTest$AddItem","addItem_ShouldSetCartTokenCookie_WhenGuestHasNoCookieYet"
"","2","deleteCategory_ShouldDelegateToRepository()","","2026-09-16","passed","2026-09-16","","io.github.filipchyla.shopapi.product.category.CategoryServiceTest.DeleteCategory","io.github.filipchyla.shopapi.product.category.CategoryServiceTest$DeleteCategory","deleteCategory_ShouldDelegateToRepository"
"","352","deleteProduct_DeletesProduct_WhenAdminAndProductExists()","","2026-09-16","passed","2026-09-16","","io.github.filipchyla.shopapi.product.ProductIntegrationTest.DeleteProduct","io.github.filipchyla.shopapi.product.ProductIntegrationTest$DeleteProduct","deleteProduct_DeletesProduct_WhenAdminAndProductExists"
"","15","logoutAll_IsAccessible_WhenAuthenticated()","","2026-09-16","passed","2026-09-16","","io.github.filipchyla.shopapi.config.authorization.AuthenticationAuthorizationTest","io.github.filipchyla.shopapi.config.authorization.AuthenticationAuthorizationTest","logoutAll_IsAccessible_WhenAuthenticated"
"","4","getMe_IsNotAccessible_WithoutAuthentication()","","2026-09-16","passed","2026-09-16","","io.github.filipchyla.shopapi.config.authorization.UserAuthorizationTest","io.github.filipchyla.shopapi.config.authorization.UserAuthorizationTest","getMe_IsNotAccessible_WithoutAuthentication"
"","6","getCategoryTree_ShouldReturnAllCategoriesAsRoots_WhenNoneHaveParent()","","2026-09-16","passed","2026-09-16","","io.github.filipchyla.shopapi.product.category.CategoryServiceTest.GetCategoryTree","io.github.filipchyla.shopapi.product.category.CategoryServiceTest$GetCategoryTree","getCategoryTree_ShouldReturnAllCategoriesAsRoots_WhenNoneHaveParent"
"","246","login_SetsRefreshCookieAndReturnsAccessToken_WhenCredentialsAreCorrect()","","2026-09-16","passed","2026-09-16","","io.github.filipchyla.shopapi.auth.AuthIntegrationTest","io.github.filipchyla.shopapi.auth.AuthIntegrationTest","login_SetsRefreshCookieAndReturnsAccessToken_WhenCredentialsAreCorrect"
"","12","getProductById_IsAccessible_WithoutAuthentication()","","2026-09-16","passed","2026-09-16","","io.github.filipchyla.shopapi.config.authorization.ProductAuthorizationTest","io.github.filipchyla.shopapi.config.authorization.ProductAuthorizationTest","getProductById_IsAccessible_WithoutAuthentication"
"","13","cookieBasedEndpoints_ShouldNotReturnForbidden_WhenCsrfTokenPresent(HttpMethod, String) [3] method=POST, url=/api/v1/cart/items","","2026-09-16","passed","2026-09-16","","io.github.filipchyla.shopapi.config.CsrfConfigurationTest","io.github.filipchyla.shopapi.config.CsrfConfigurationTest","cookieBasedEndpoints_ShouldNotReturnForbidden_WhenCsrfTokenPresent"
"","12","clearCart_IsAccessible_WithoutAuthentication()","","2026-09-16","passed","2026-09-16","","io.github.filipchyla.shopapi.config.authorization.CartAuthorizationTest","io.github.filipchyla.shopapi.config.authorization.CartAuthorizationTest","clearCart_IsAccessible_WithoutAuthentication"
"","4","updateProduct_ShouldReturnNotFound_WhenCategoryDoesNotExist()","","2026-09-16","passed","2026-09-16","","io.github.filipchyla.shopapi.product.controller.ProductAdminControllerTest.UpdateProduct","io.github.filipchyla.shopapi.product.controller.ProductAdminControllerTest$UpdateProduct","updateProduct_ShouldReturnNotFound_WhenCategoryDoesNotExist"
"","2","getCategoryTree_ShouldStoreResultUnderExpectedCacheKey()","","2026-09-16","passed","2026-09-16","","io.github.filipchyla.shopapi.product.category.CategoryServiceCacheTest.GetCategoryTree","io.github.filipchyla.shopapi.product.category.CategoryServiceCacheTest$GetCategoryTree","getCategoryTree_ShouldStoreResultUnderExpectedCacheKey"
"","3","removeItem_ShouldThrowNotFound_WhenItemDoesNotExist()","","2026-09-16","passed","2026-09-16","","io.github.filipchyla.shopapi.cart.service.CartServiceTest.RemoveItem","io.github.filipchyla.shopapi.cart.service.CartServiceTest$RemoveItem","removeItem_ShouldThrowNotFound_WhenItemDoesNotExist"
"","12","updateProduct_ShouldReturnNotFound_WhenProductDoesNotExist()","","2026-09-16","passed","2026-09-16","","io.github.filipchyla.shopapi.product.controller.ProductAdminControllerTest.UpdateProduct","io.github.filipchyla.shopapi.product.controller.ProductAdminControllerTest$UpdateProduct","updateProduct_ShouldReturnNotFound_WhenProductDoesNotExist"
"","2","removeItem_ShouldRemoveItem_WhenItExists()","","2026-09-16","passed","2026-09-16","","io.github.filipchyla.shopapi.cart.service.CartServiceTest.RemoveItem","io.github.filipchyla.shopapi.cart.service.CartServiceTest$RemoveItem","removeItem_ShouldRemoveItem_WhenItExists"
"","337","updateProduct_ReturnsNotFound_WhenNewCategoryDoesNotExist()","","2026-09-16","passed","2026-09-16","","io.github.filipchyla.shopapi.product.ProductIntegrationTest.UpdateProduct","io.github.filipchyla.shopapi.product.ProductIntegrationTest$UpdateProduct","updateProduct_ReturnsNotFound_WhenNewCategoryDoesNotExist"
"","333","getCategories_ReturnsNestedTree_WhenParentAndChildExist()","","2026-09-16","passed","2026-09-16","","io.github.filipchyla.shopapi.product.category.CategoryIntegrationTest.GetCategories","io.github.filipchyla.shopapi.product.category.CategoryIntegrationTest$GetCategories","getCategories_ReturnsNestedTree_WhenParentAndChildExist"
"","3","addItem_ShouldNotReturnNewToken_WhenGuestWithExistingCookieAddsItem()","","2026-09-16","passed","2026-09-16","","io.github.filipchyla.shopapi.cart.CartFacadeTest.AddItem","io.github.filipchyla.shopapi.cart.CartFacadeTest$AddItem","addItem_ShouldNotReturnNewToken_WhenGuestWithExistingCookieAddsItem"
"","2","updateCategory_ShouldOverrideParent_WhenParentIdIsNotNull()","","2026-09-16","passed","2026-09-16","","io.github.filipchyla.shopapi.product.category.CategoryServiceTest.UpdateCategory","io.github.filipchyla.shopapi.product.category.CategoryServiceTest$UpdateCategory","updateCategory_ShouldOverrideParent_WhenParentIdIsNotNull"
"","7","getUser_ShouldReturnUser_WhenUserExists()","","2026-09-16","passed","2026-09-16","","io.github.filipchyla.shopapi.user.UserServiceTest","io.github.filipchyla.shopapi.user.UserServiceTest","getUser_ShouldReturnUser_WhenUserExists"
"","4","addItem_ShouldStoreItem_WhenValid()","","2026-09-16","passed","2026-09-16","","io.github.filipchyla.shopapi.cart.service.GuestCartServiceTest.AddItem","io.github.filipchyla.shopapi.cart.service.GuestCartServiceTest$AddItem","addItem_ShouldStoreItem_WhenValid"
"","2","getProductById_ShouldCacheSeparateEntries_ForDifferentIds()","","2026-09-16","passed","2026-09-16","","io.github.filipchyla.shopapi.product.ProductServiceCacheTest.GetProductById","io.github.filipchyla.shopapi.product.ProductServiceCacheTest$GetProductById","getProductById_ShouldCacheSeparateEntries_ForDifferentIds"
"","2","addItem_ShouldThrowProductNotFound_WhenProductIsInactiveOrNotFound()","","2026-09-16","passed","2026-09-16","","io.github.filipchyla.shopapi.cart.service.CartServiceTest.AddItem","io.github.filipchyla.shopapi.cart.service.CartServiceTest$AddItem","addItem_ShouldThrowProductNotFound_WhenProductIsInactiveOrNotFound"
"","3","shouldRotateTokenAndReturnNewAccessToken_whenRequestIsValid()","","2026-09-16","passed","2026-09-16","","io.github.filipchyla.shopapi.auth.AuthenticationFacadeTest.RefreshTokenTest","io.github.filipchyla.shopapi.auth.AuthenticationFacadeTest$RefreshTokenTest","shouldRotateTokenAndReturnNewAccessToken_whenRequestIsValid"
"","324","getProducts_DoesNotRequireAuthentication()","","2026-09-16","passed","2026-09-16","","io.github.filipchyla.shopapi.product.ProductIntegrationTest.GetProducts","io.github.filipchyla.shopapi.product.ProductIntegrationTest$GetProducts","getProducts_DoesNotRequireAuthentication"
"","2","isTokenValid_ShouldThrowException_WhenTokenIsExpired()","","2026-09-16","passed","2026-09-16","","io.github.filipchyla.shopapi.auth.service.JwtServiceTest","io.github.filipchyla.shopapi.auth.service.JwtServiceTest","isTokenValid_ShouldThrowException_WhenTokenIsExpired"
"","328","updateProduct_ReturnsNotFound_WhenProductDoesNotExist()","","2026-09-16","passed","2026-09-16","","io.github.filipchyla.shopapi.product.ProductIntegrationTest.UpdateProduct","io.github.filipchyla.shopapi.product.ProductIntegrationTest$UpdateProduct","updateProduct_ReturnsNotFound_WhenProductDoesNotExist"
"","2","getCart_ShouldReturnExistingCart_WhenOneExistsForUser()","","2026-09-16","passed","2026-09-16","","io.github.filipchyla.shopapi.cart.service.CartServiceTest.GetCart","io.github.filipchyla.shopapi.cart.service.CartServiceTest$GetCart","getCart_ShouldReturnExistingCart_WhenOneExistsForUser"
"","96","getMe_ShouldReturnCurrentUser()","","2026-09-16","passed","2026-09-16","","io.github.filipchyla.shopapi.user.UserIntegrationTest","io.github.filipchyla.shopapi.user.UserIntegrationTest","getMe_ShouldReturnCurrentUser"
"","378","createUser_ShouldThrowEmailTakenException_WhenEmailIsTaken()","","2026-09-16","passed","2026-09-16","","io.github.filipchyla.shopapi.user.UserServiceTest","io.github.filipchyla.shopapi.user.UserServiceTest","createUser_ShouldThrowEmailTakenException_WhenEmailIsTaken"
"","333","updateProduct_ReturnsBadRequest_WhenPriceIsNegative()","","2026-09-16","passed","2026-09-16","","io.github.filipchyla.shopapi.product.ProductIntegrationTest.UpdateProduct","io.github.filipchyla.shopapi.product.ProductIntegrationTest$UpdateProduct","updateProduct_ReturnsBadRequest_WhenPriceIsNegative"
"","2","shouldThrowWhenTokenDoesNotExist()","","2026-09-16","passed","2026-09-16","","io.github.filipchyla.shopapi.auth.service.RefreshTokenServiceTest.RevokeToken","io.github.filipchyla.shopapi.auth.service.RefreshTokenServiceTest$RevokeToken","shouldThrowWhenTokenDoesNotExist"
"","5","cookieBasedEndpoints_ShouldReturnForbidden_WhenCsrfTokenMissing(HttpMethod, String) [5] method=DELETE, url=/api/v1/cart/items/*","","2026-09-16","passed","2026-09-16","","io.github.filipchyla.shopapi.config.CsrfConfigurationTest","io.github.filipchyla.shopapi.config.CsrfConfigurationTest","cookieBasedEndpoints_ShouldReturnForbidden_WhenCsrfTokenMissing"
"","3","updateItemQuantity_ShouldDelegateToCartService_WhenAuthenticated()","","2026-09-16","passed","2026-09-16","","io.github.filipchyla.shopapi.cart.CartFacadeTest.UpdateItemQuantity","io.github.filipchyla.shopapi.cart.CartFacadeTest$UpdateItemQuantity","updateItemQuantity_ShouldDelegateToCartService_WhenAuthenticated"
"","24","register_ShouldReturnConflict_WhenEmailIsTaken()","","2026-09-16","passed","2026-09-16","","io.github.filipchyla.shopapi.auth.AuthenticationControllerTest.RegisterRequestTest","io.github.filipchyla.shopapi.auth.AuthenticationControllerTest$RegisterRequestTest","register_ShouldReturnConflict_WhenEmailIsTaken"
"","336","deleteProduct_ReturnsUnauthorized_WhenNoTokenProvided()","","2026-09-16","passed","2026-09-16","","io.github.filipchyla.shopapi.product.ProductIntegrationTest.DeleteProduct","io.github.filipchyla.shopapi.product.ProductIntegrationTest$DeleteProduct","deleteProduct_ReturnsUnauthorized_WhenNoTokenProvided"
"","337","deleteCategory_ReturnsUnauthorized_WhenNoTokenProvided()","","2026-09-16","passed","2026-09-16","","io.github.filipchyla.shopapi.product.category.CategoryIntegrationTest.DeleteCategory","io.github.filipchyla.shopapi.product.category.CategoryIntegrationTest$DeleteCategory","deleteCategory_ReturnsUnauthorized_WhenNoTokenProvided"
"","324","addProduct_ReturnsBadRequest_WhenNameIsBlank()","","2026-09-16","passed","2026-09-16","","io.github.filipchyla.shopapi.product.ProductIntegrationTest.AddProduct","io.github.filipchyla.shopapi.product.ProductIntegrationTest$AddProduct","addProduct_ReturnsBadRequest_WhenNameIsBlank"
"","4","postCategories_ReturnsForbidden_WhenUser()","","2026-09-16","passed","2026-09-16","","io.github.filipchyla.shopapi.config.authorization.CategoryAuthorizationTest","io.github.filipchyla.shopapi.config.authorization.CategoryAuthorizationTest","postCategories_ReturnsForbidden_WhenUser"
"","8","update_ShouldUpdateCategoryAndReturnsMappedResponse_WhenRequestIsValid()","","2026-09-16","passed","2026-09-16","","io.github.filipchyla.shopapi.product.category.controller.CategoryAdminControllerTest.UpdateCategory","io.github.filipchyla.shopapi.product.category.controller.CategoryAdminControllerTest$UpdateCategory","update_ShouldUpdateCategoryAndReturnsMappedResponse_WhenRequestIsValid"
"","2","updateCategory_ShouldNotOverrideParent_WhenParentIdIsNull()","","2026-09-16","passed","2026-09-16","","io.github.filipchyla.shopapi.product.category.CategoryServiceTest.UpdateCategory","io.github.filipchyla.shopapi.product.category.CategoryServiceTest$UpdateCategory","updateCategory_ShouldNotOverrideParent_WhenParentIdIsNull"
"","97","doFilterInternal_ShouldReturnUnauthorized_WhenTokenIsInvalidJwt()","","2026-09-16","passed","2026-09-16","","io.github.filipchyla.shopapi.security.filter.JwtAuthenticationFilterTest","io.github.filipchyla.shopapi.security.filter.JwtAuthenticationFilterTest","doFilterInternal_ShouldReturnUnauthorized_WhenTokenIsInvalidJwt"
"","2","updateStock_ShouldThrowNotFound_WhenProductDoesNotExist()","","2026-09-16","passed","2026-09-16","","io.github.filipchyla.shopapi.product.ProductServiceTest.UpdateStock","io.github.filipchyla.shopapi.product.ProductServiceTest$UpdateStock","updateStock_ShouldThrowNotFound_WhenProductDoesNotExist"
"","3","clearCart_ShouldDoNothing_WhenTokenIsNull()","","2026-09-16","passed","2026-09-16","","io.github.filipchyla.shopapi.cart.service.GuestCartServiceTest.ClearCart","io.github.filipchyla.shopapi.cart.service.GuestCartServiceTest$ClearCart","clearCart_ShouldDoNothing_WhenTokenIsNull"
"","3","addProduct_ShouldThrowNotFound_WhenCategoryDoesNotExist()","","2026-09-16","passed","2026-09-16","","io.github.filipchyla.shopapi.product.ProductServiceTest.AddProduct","io.github.filipchyla.shopapi.product.ProductServiceTest$AddProduct","addProduct_ShouldThrowNotFound_WhenCategoryDoesNotExist"
"","12","createUser_ShouldSaveUser_WhenEmailIsNotTaken()","","2026-09-16","passed","2026-09-16","","io.github.filipchyla.shopapi.user.UserServiceTest","io.github.filipchyla.shopapi.user.UserServiceTest","createUser_ShouldSaveUser_WhenEmailIsNotTaken"
"","2","updateItemQuantity_ShouldThrowLimitExceeded_WhenQuantityExceedsMaxItemLimit()","","2026-09-16","passed","2026-09-16","","io.github.filipchyla.shopapi.cart.service.CartServiceTest.UpdateItemQuantity","io.github.filipchyla.shopapi.cart.service.CartServiceTest$UpdateItemQuantity","updateItemQuantity_ShouldThrowLimitExceeded_WhenQuantityExceedsMaxItemLimit"
"","21","cookieBasedEndpoints_ShouldReturnForbidden_WhenCsrfTokenMissing(HttpMethod, String) [1] method=POST, url=/api/v1/auth/refresh","","2026-09-16","passed","2026-09-16","","io.github.filipchyla.shopapi.config.CsrfConfigurationTest","io.github.filipchyla.shopapi.config.CsrfConfigurationTest","cookieBasedEndpoints_ShouldReturnForbidden_WhenCsrfTokenMissing"
"","325","getProducts_ReturnsAllProducts_WhenNoFiltersApplied()","","2026-09-16","passed","2026-09-16","","io.github.filipchyla.shopapi.product.ProductIntegrationTest.GetProducts","io.github.filipchyla.shopapi.product.ProductIntegrationTest$GetProducts","getProducts_ReturnsAllProducts_WhenNoFiltersApplied"
"","3","updateStock_IsNotAccessible_WithoutAuthentication()","","2026-09-16","passed","2026-09-16","","io.github.filipchyla.shopapi.config.authorization.ProductAuthorizationTest","io.github.filipchyla.shopapi.config.authorization.ProductAuthorizationTest","updateStock_IsNotAccessible_WithoutAuthentication"
"","5","cookieBasedEndpoints_ShouldReturnForbidden_WhenCsrfTokenMissing(HttpMethod, String) [4] method=PATCH, url=/api/v1/cart/items/*","","2026-09-16","passed","2026-09-16","","io.github.filipchyla.shopapi.config.CsrfConfigurationTest","io.github.filipchyla.shopapi.config.CsrfConfigurationTest","cookieBasedEndpoints_ShouldReturnForbidden_WhenCsrfTokenMissing"
"","3","addItem_ShouldPassIsNewTrueToPolicy_WhenAddingNewItem()","","2026-09-16","passed","2026-09-16","","io.github.filipchyla.shopapi.cart.service.CartServiceTest.AddItem","io.github.filipchyla.shopapi.cart.service.CartServiceTest$AddItem","addItem_ShouldPassIsNewTrueToPolicy_WhenAddingNewItem"
"","4","deleteCategory_ReturnsForbidden_WhenUser()","","2026-09-16","passed","2026-09-16","","io.github.filipchyla.shopapi.config.authorization.CategoryAuthorizationTest","io.github.filipchyla.shopapi.config.authorization.CategoryAuthorizationTest","deleteCategory_ReturnsForbidden_WhenUser"
"","1","validateAddition_ShouldPass_WhenRequestedQuantityEqualsMaxPerItem()","","2026-09-16","passed","2026-09-16","","io.github.filipchyla.shopapi.cart.CartLimitPolicyTest.ValidateAddition","io.github.filipchyla.shopapi.cart.CartLimitPolicyTest$ValidateAddition","validateAddition_ShouldPass_WhenRequestedQuantityEqualsMaxPerItem"
"","8","updateProduct_ShouldUpdateProductAndReturnMappedResponse_WhenRequestIsValid()","","2026-09-16","passed","2026-09-16","","io.github.filipchyla.shopapi.product.controller.ProductAdminControllerTest.UpdateProduct","io.github.filipchyla.shopapi.product.controller.ProductAdminControllerTest$UpdateProduct","updateProduct_ShouldUpdateProductAndReturnMappedResponse_WhenRequestIsValid"
"","2","getProductById_ShouldThrowNotFound_WhenProductDoesNotExist()","","2026-09-16","passed","2026-09-16","","io.github.filipchyla.shopapi.product.ProductServiceTest.GetProductById","io.github.filipchyla.shopapi.product.ProductServiceTest$GetProductById","getProductById_ShouldThrowNotFound_WhenProductDoesNotExist"
"","9","refresh_ShouldReturnUnauthorized_WhenCookieIsWrongOrExpired()","","2026-09-16","passed","2026-09-16","","io.github.filipchyla.shopapi.auth.AuthenticationControllerTest.RefreshTokenCookieTest","io.github.filipchyla.shopapi.auth.AuthenticationControllerTest$RefreshTokenCookieTest","refresh_ShouldReturnUnauthorized_WhenCookieIsWrongOrExpired"
"","4","updateItemQuantity_ShouldThrowNotFound_WhenItemMissing()","","2026-09-16","passed","2026-09-16","","io.github.filipchyla.shopapi.cart.service.GuestCartServiceTest.UpdateAndRemove","io.github.filipchyla.shopapi.cart.service.GuestCartServiceTest$UpdateAndRemove","updateItemQuantity_ShouldThrowNotFound_WhenItemMissing"
"","24","updateStock_IsAccessible_WhenAdmin()","","2026-09-16","passed","2026-09-16","","io.github.filipchyla.shopapi.config.authorization.ProductAuthorizationTest","io.github.filipchyla.shopapi.config.authorization.ProductAuthorizationTest","updateStock_IsAccessible_WhenAdmin"
"","1","addCategory_ShouldSaveCategoryWithoutParent_WhenParentIdIsNull()","","2026-09-16","passed","2026-09-16","","io.github.filipchyla.shopapi.product.category.CategoryServiceTest.AddCategory","io.github.filipchyla.shopapi.product.category.CategoryServiceTest$AddCategory","addCategory_ShouldSaveCategoryWithoutParent_WhenParentIdIsNull"
"","3","merge_ShouldAddAllItemsAndClearGuestCart_WhenEverythingSucceeds()","","2026-09-16","passed","2026-09-16","","io.github.filipchyla.shopapi.cart.service.CartMergeServiceTest.HappyPath","io.github.filipchyla.shopapi.cart.service.CartMergeServiceTest$HappyPath","merge_ShouldAddAllItemsAndClearGuestCart_WhenEverythingSucceeds"
"","12","postCategories_IsAccessible_WhenAdmin()","","2026-09-16","passed","2026-09-16","","io.github.filipchyla.shopapi.config.authorization.CategoryAuthorizationTest","io.github.filipchyla.shopapi.config.authorization.CategoryAuthorizationTest","postCategories_IsAccessible_WhenAdmin"
"","13","register_ShouldReturnBadRequest_WhenBodyInvalid()","","2026-09-16","passed","2026-09-16","","io.github.filipchyla.shopapi.auth.AuthenticationControllerTest.RegisterRequestTest","io.github.filipchyla.shopapi.auth.AuthenticationControllerTest$RegisterRequestTest","register_ShouldReturnBadRequest_WhenBodyInvalid"
"","329","getCategories_ReturnsEmptyList_WhenNoCategoriesExist()","","2026-09-16","passed","2026-09-16","","io.github.filipchyla.shopapi.product.category.CategoryIntegrationTest.GetCategories","io.github.filipchyla.shopapi.product.category.CategoryIntegrationTest$GetCategories","getCategories_ReturnsEmptyList_WhenNoCategoriesExist"
"","7","changePassword_IsAccessible_WhenAuthenticated()","","2026-09-16","passed","2026-09-16","","io.github.filipchyla.shopapi.config.authorization.UserAuthorizationTest","io.github.filipchyla.shopapi.config.authorization.UserAuthorizationTest","changePassword_IsAccessible_WhenAuthenticated"
"","2","shouldPropagateException_whenEmailIsTaken()","","2026-09-16","passed","2026-09-16","","io.github.filipchyla.shopapi.auth.AuthenticationFacadeTest.RegisterUserAndReturnTokensTest","io.github.filipchyla.shopapi.auth.AuthenticationFacadeTest$RegisterUserAndReturnTokensTest","shouldPropagateException_whenEmailIsTaken"
"","1","extractUsername_ShouldReturnCorrectUsername()","","2026-09-16","passed","2026-09-16","","io.github.filipchyla.shopapi.auth.service.JwtServiceTest","io.github.filipchyla.shopapi.auth.service.JwtServiceTest","extractUsername_ShouldReturnCorrectUsername"
"","338","updateCategory_KeepsExistingName_WhenNameIsNull()","","2026-09-16","passed","2026-09-16","","io.github.filipchyla.shopapi.product.category.CategoryIntegrationTest.UpdateCategory","io.github.filipchyla.shopapi.product.category.CategoryIntegrationTest$UpdateCategory","updateCategory_KeepsExistingName_WhenNameIsNull"
"","25","updateItemQuantity_ShouldReturnBadRequest_WhenQuantityIsZeroOrNegative()","","2026-09-16","passed","2026-09-16","","io.github.filipchyla.shopapi.cart.CartControllerTest.UpdateItemQuantity","io.github.filipchyla.shopapi.cart.CartControllerTest$UpdateItemQuantity","updateItemQuantity_ShouldReturnBadRequest_WhenQuantityIsZeroOrNegative"
"","353","updateProduct_ReturnsForbidden_WhenUserIsNotAdmin()","","2026-09-16","passed","2026-09-16","","io.github.filipchyla.shopapi.product.ProductIntegrationTest.UpdateProduct","io.github.filipchyla.shopapi.product.ProductIntegrationTest$UpdateProduct","updateProduct_ReturnsForbidden_WhenUserIsNotAdmin"
"","2","doFilterInternal_ShouldSetAuthentication_WhenTokenIsValid()","","2026-09-16","passed","2026-09-16","","io.github.filipchyla.shopapi.security.filter.JwtAuthenticationFilterTest","io.github.filipchyla.shopapi.security.filter.JwtAuthenticationFilterTest","doFilterInternal_ShouldSetAuthentication_WhenTokenIsValid"
"","14","getCategories_ShouldMapNestedTreeToJson_WhenCategoriesHaveDepth()","","2026-09-16","passed","2026-09-16","","io.github.filipchyla.shopapi.product.category.controller.CategoryControllerTest.GetCategories","io.github.filipchyla.shopapi.product.category.controller.CategoryControllerTest$GetCategories","getCategories_ShouldMapNestedTreeToJson_WhenCategoriesHaveDepth"
"","2","shouldReturnAccessTokenAndRefreshCookie_whenRegisterIsSuccessful()","","2026-09-16","passed","2026-09-16","","io.github.filipchyla.shopapi.auth.AuthenticationFacadeTest.RegisterUserAndReturnTokensTest","io.github.filipchyla.shopapi.auth.AuthenticationFacadeTest$RegisterUserAndReturnTokensTest","shouldReturnAccessTokenAndRefreshCookie_whenRegisterIsSuccessful"
"","2","getItems_ShouldReturnUnmodifiableList()","","2026-09-16","passed","2026-09-16","","io.github.filipchyla.shopapi.cart.domain.CartDomainTest.CartEntity","io.github.filipchyla.shopapi.cart.domain.CartDomainTest$CartEntity","getItems_ShouldReturnUnmodifiableList"
"","3","deleteProduct_ShouldNotEvictOtherCachedEntries()","","2026-09-16","passed","2026-09-16","","io.github.filipchyla.shopapi.product.ProductServiceCacheTest.DeleteProduct","io.github.filipchyla.shopapi.product.ProductServiceCacheTest$DeleteProduct","deleteProduct_ShouldNotEvictOtherCachedEntries"
"","3","shouldDeleteTokenSessionAndFamily()","","2026-09-16","passed","2026-09-16","","io.github.filipchyla.shopapi.auth.service.RefreshTokenServiceTest.RevokeToken","io.github.filipchyla.shopapi.auth.service.RefreshTokenServiceTest$RevokeToken","shouldDeleteTokenSessionAndFamily"
"","5","updateStock_ShouldReturnNotFound_WhenProductDoesNotExist()","","2026-09-16","passed","2026-09-16","","io.github.filipchyla.shopapi.product.controller.ProductAdminControllerTest.UpdateStock","io.github.filipchyla.shopapi.product.controller.ProductAdminControllerTest$UpdateStock","updateStock_ShouldReturnNotFound_WhenProductDoesNotExist"
"","2","register_ShouldThrowException_WhenEmailIsTaken()","","2026-09-16","passed","2026-09-16","","io.github.filipchyla.shopapi.auth.service.AuthenticationServiceTest","io.github.filipchyla.shopapi.auth.service.AuthenticationServiceTest","register_ShouldThrowException_WhenEmailIsTaken"
"","8","getProduct_ShouldReturnProduct_WhenProductExists()","","2026-09-16","passed","2026-09-16","","io.github.filipchyla.shopapi.product.controller.ProductControllerTest.GetProduct","io.github.filipchyla.shopapi.product.controller.ProductControllerTest$GetProduct","getProduct_ShouldReturnProduct_WhenProductExists"
"","2","merge_ShouldReturnCurrentCart_WhenNoCartTokenPresent()","","2026-09-16","passed","2026-09-16","","io.github.filipchyla.shopapi.cart.service.CartMergeServiceTest.NoGuestToken","io.github.filipchyla.shopapi.cart.service.CartMergeServiceTest$NoGuestToken","merge_ShouldReturnCurrentCart_WhenNoCartTokenPresent"
"","2","deleteProduct_ShouldEvictCacheEntry_ForGivenId()","","2026-09-16","passed","2026-09-16","","io.github.filipchyla.shopapi.product.ProductServiceCacheTest.DeleteProduct","io.github.filipchyla.shopapi.product.ProductServiceCacheTest$DeleteProduct","deleteProduct_ShouldEvictCacheEntry_ForGivenId"
"","15","mergeCart_IsAccessible_WhenAuthenticated()","","2026-09-16","passed","2026-09-16","","io.github.filipchyla.shopapi.config.authorization.CartAuthorizationTest","io.github.filipchyla.shopapi.config.authorization.CartAuthorizationTest","mergeCart_IsAccessible_WhenAuthenticated"
"","201","getCart_ReturnsPreviouslyAddedItems_WhenCookieReused()","","2026-09-16","passed","2026-09-16","","io.github.filipchyla.shopapi.cart.CartIntegrationTest.GuestFlow","io.github.filipchyla.shopapi.cart.CartIntegrationTest$GuestFlow","getCart_ReturnsPreviouslyAddedItems_WhenCookieReused"
"","2","updateStock_ShouldPutResultInCache_ForGivenId()","","2026-09-16","passed","2026-09-16","","io.github.filipchyla.shopapi.product.ProductServiceCacheTest.UpdateStock","io.github.filipchyla.shopapi.product.ProductServiceCacheTest$UpdateStock","updateStock_ShouldPutResultInCache_ForGivenId"
"","242","refresh_ShouldRotateCookieAndReturnsNewAccessToken_WhenCookieIsCorrect()","","2026-09-16","passed","2026-09-16","","io.github.filipchyla.shopapi.auth.AuthIntegrationTest","io.github.filipchyla.shopapi.auth.AuthIntegrationTest","refresh_ShouldRotateCookieAndReturnsNewAccessToken_WhenCookieIsCorrect"
"","4","refresh_ShouldReturnBadRequest_WhenCookieMissing()","","2026-09-16","passed","2026-09-16","","io.github.filipchyla.shopapi.auth.AuthenticationControllerTest.RefreshTokenCookieTest","io.github.filipchyla.shopapi.auth.AuthenticationControllerTest$RefreshTokenCookieTest","refresh_ShouldReturnBadRequest_WhenCookieMissing"
"","7","authenticate_ShouldReturnAccessTokenAndSetRefreshCookie_WhenRequestIsValid()","","2026-09-16","passed","2026-09-16","","io.github.filipchyla.shopapi.auth.AuthenticationControllerTest.AuthenticationRequestTest","io.github.filipchyla.shopapi.auth.AuthenticationControllerTest$AuthenticationRequestTest","authenticate_ShouldReturnAccessTokenAndSetRefreshCookie_WhenRequestIsValid"
"","1","isTokenValid_ShouldReturnFalse_WhenUsernameDoesNotMatch()","","2026-09-16","passed","2026-09-16","","io.github.filipchyla.shopapi.auth.service.JwtServiceTest","io.github.filipchyla.shopapi.auth.service.JwtServiceTest","isTokenValid_ShouldReturnFalse_WhenUsernameDoesNotMatch"
"","2","getCategoryById_ShouldReturnCategory_WhenItExists()","","2026-09-16","passed","2026-09-16","","io.github.filipchyla.shopapi.product.category.CategoryServiceTest.GetCategoryById","io.github.filipchyla.shopapi.product.category.CategoryServiceTest$GetCategoryById","getCategoryById_ShouldReturnCategory_WhenItExists"
"","3","merge_ShouldClearGuestCartAndSkipAddItem_WhenGuestCartHasNoItems()","","2026-09-16","passed","2026-09-16","","io.github.filipchyla.shopapi.cart.service.CartMergeServiceTest.HappyPath","io.github.filipchyla.shopapi.cart.service.CartMergeServiceTest$HappyPath","merge_ShouldClearGuestCartAndSkipAddItem_WhenGuestCartHasNoItems"
"","4","logoutAll_ShouldRevokeAllTokensForUser_WhenUserIsAuthenticated()","","2026-09-16","passed","2026-09-16","","io.github.filipchyla.shopapi.auth.AuthenticationControllerTest.LogoutTest","io.github.filipchyla.shopapi.auth.AuthenticationControllerTest$LogoutTest","logoutAll_ShouldRevokeAllTokensForUser_WhenUserIsAuthenticated"
"","333","deleteCategory_ReturnsForbidden_WhenUserIsNotAdmin()","","2026-09-16","passed","2026-09-16","","io.github.filipchyla.shopapi.product.category.CategoryIntegrationTest.DeleteCategory","io.github.filipchyla.shopapi.product.category.CategoryIntegrationTest$DeleteCategory","deleteCategory_ReturnsForbidden_WhenUserIsNotAdmin"
"","1","doFilterInternal_ShouldContinueChainWithoutAuthentication_WhenHeaderIsNotBearer()","","2026-09-16","passed","2026-09-16","","io.github.filipchyla.shopapi.security.filter.JwtAuthenticationFilterTest","io.github.filipchyla.shopapi.security.filter.JwtAuthenticationFilterTest","doFilterInternal_ShouldContinueChainWithoutAuthentication_WhenHeaderIsNotBearer"
"","83","refresh_ReturnBadRequest_WhenCookieIsMissing()","","2026-09-16","passed","2026-09-16","","io.github.filipchyla.shopapi.auth.AuthIntegrationTest","io.github.filipchyla.shopapi.auth.AuthIntegrationTest","refresh_ReturnBadRequest_WhenCookieIsMissing"
"","2","addCategory_ShouldThrowNotFound_WhenParentDoesNotExist()","","2026-09-16","passed","2026-09-16","","io.github.filipchyla.shopapi.product.category.CategoryServiceTest.AddCategory","io.github.filipchyla.shopapi.product.category.CategoryServiceTest$AddCategory","addCategory_ShouldThrowNotFound_WhenParentDoesNotExist"
"","329","updateStock_ReturnsForbidden_WhenUserIsNotAdmin()","","2026-09-16","passed","2026-09-16","","io.github.filipchyla.shopapi.product.ProductIntegrationTest.UpdateStock","io.github.filipchyla.shopapi.product.ProductIntegrationTest$UpdateStock","updateStock_ReturnsForbidden_WhenUserIsNotAdmin"
"","329","getProduct_ReturnsNotFound_WhenProductDoesNotExist()","","2026-09-16","passed","2026-09-16","","io.github.filipchyla.shopapi.product.ProductIntegrationTest.GetProduct","io.github.filipchyla.shopapi.product.ProductIntegrationTest$GetProduct","getProduct_ReturnsNotFound_WhenProductDoesNotExist"
"","7","getProduct_ShouldReturnNotFound_WhenProductDoesNotExist()","","2026-09-16","passed","2026-09-16","","io.github.filipchyla.shopapi.product.controller.ProductControllerTest.GetProduct","io.github.filipchyla.shopapi.product.controller.ProductControllerTest$GetProduct","getProduct_ShouldReturnNotFound_WhenProductDoesNotExist"
"","6","register_ShouldReturnBadRequest_WhenPasswordIsWeak()","","2026-09-16","passed","2026-09-16","","io.github.filipchyla.shopapi.auth.AuthenticationControllerTest.RegisterRequestTest","io.github.filipchyla.shopapi.auth.AuthenticationControllerTest$RegisterRequestTest","register_ShouldReturnBadRequest_WhenPasswordIsWeak"
"","4","getCart_ShouldThrowIllegalStateException_WhenJsonIsCorrupted()","","2026-09-16","passed","2026-09-16","","io.github.filipchyla.shopapi.cart.service.GuestCartServiceTest.GetCart","io.github.filipchyla.shopapi.cart.service.GuestCartServiceTest$GetCart","getCart_ShouldThrowIllegalStateException_WhenJsonIsCorrupted"
"","29","getProducts_IsAccessible_WithoutAuthentication()","","2026-09-16","passed","2026-09-16","","io.github.filipchyla.shopapi.config.authorization.ProductAuthorizationTest","io.github.filipchyla.shopapi.config.authorization.ProductAuthorizationTest","getProducts_IsAccessible_WithoutAuthentication"
"","3","shouldRevokeFamilyWhenOldTokenIsNotFamilyHead()","","2026-09-16","passed","2026-09-16","","io.github.filipchyla.shopapi.auth.service.RefreshTokenServiceTest.RotateToken","io.github.filipchyla.shopapi.auth.service.RefreshTokenServiceTest$RotateToken","shouldRevokeFamilyWhenOldTokenIsNotFamilyHead"
"","307","mergeCart_MovesGuestItemsToUserCart_AndClearsCookie()","","2026-09-16","passed","2026-09-16","","io.github.filipchyla.shopapi.cart.CartIntegrationTest.MergeFlow","io.github.filipchyla.shopapi.cart.CartIntegrationTest$MergeFlow","mergeCart_MovesGuestItemsToUserCart_AndClearsCookie"
"","4","cookieBasedEndpoints_ShouldReturnForbidden_WhenCsrfTokenMissing(HttpMethod, String) [7] method=POST, url=/api/v1/cart/merge","","2026-09-16","passed","2026-09-16","","io.github.filipchyla.shopapi.config.CsrfConfigurationTest","io.github.filipchyla.shopapi.config.CsrfConfigurationTest","cookieBasedEndpoints_ShouldReturnForbidden_WhenCsrfTokenMissing"
"","329","addProduct_ReturnsForbidden_WhenUserIsNotAdmin()","","2026-09-16","passed","2026-09-16","","io.github.filipchyla.shopapi.product.ProductIntegrationTest.AddProduct","io.github.filipchyla.shopapi.product.ProductIntegrationTest$AddProduct","addProduct_ReturnsForbidden_WhenUserIsNotAdmin"
"","2","changePassword_ShouldThrowException_WhenCurrentPasswordIsIncorrect()","","2026-09-16","passed","2026-09-16","","io.github.filipchyla.shopapi.auth.service.AuthenticationServiceTest","io.github.filipchyla.shopapi.auth.service.AuthenticationServiceTest","changePassword_ShouldThrowException_WhenCurrentPasswordIsIncorrect"
"","338","updateCategory_ReturnsBadRequest_WhenNameTooShort()","","2026-09-16","passed","2026-09-16","","io.github.filipchyla.shopapi.product.category.CategoryIntegrationTest.UpdateCategory","io.github.filipchyla.shopapi.product.category.CategoryIntegrationTest$UpdateCategory","updateCategory_ReturnsBadRequest_WhenNameTooShort"
"","2","validateQuantityUpdate_ShouldThrowInsufficientStock_WhenNewQuantityExceedsStock()","","2026-09-16","passed","2026-09-16","","io.github.filipchyla.shopapi.cart.CartLimitPolicyTest.ValidateQuantityUpdate","io.github.filipchyla.shopapi.cart.CartLimitPolicyTest$ValidateQuantityUpdate","validateQuantityUpdate_ShouldThrowInsufficientStock_WhenNewQuantityExceedsStock"
"","43","patchMe_ShouldUpdateOnlyProvidedFields_WhenRequestIsPartial()","","2026-09-16","passed","2026-09-16","","io.github.filipchyla.shopapi.user.UserControllerTest","io.github.filipchyla.shopapi.user.UserControllerTest","patchMe_ShouldUpdateOnlyProvidedFields_WhenRequestIsPartial"
"","3","validateAddition_ShouldPass_WhenWithinQuantityAndDistinctLimitsAndStockSufficient()","","2026-09-16","passed","2026-09-16","","io.github.filipchyla.shopapi.cart.CartLimitPolicyTest.ValidateAddition","io.github.filipchyla.shopapi.cart.CartLimitPolicyTest$ValidateAddition","validateAddition_ShouldPass_WhenWithinQuantityAndDistinctLimitsAndStockSufficient"
"","5","addCategory_ShouldCreateCategoryAndReturnsMappedResponse_WhenRequestIsCorrect()","","2026-09-16","passed","2026-09-16","","io.github.filipchyla.shopapi.product.category.controller.CategoryAdminControllerTest.AddCategory","io.github.filipchyla.shopapi.product.category.controller.CategoryAdminControllerTest$AddCategory","addCategory_ShouldCreateCategoryAndReturnsMappedResponse_WhenRequestIsCorrect"
"","2","shouldRevokeTokenAndReturnExpiredCookie_whenTokenIsPresent()","","2026-09-16","passed","2026-09-16","","io.github.filipchyla.shopapi.auth.AuthenticationFacadeTest.RevokeSingleForUserTest","io.github.filipchyla.shopapi.auth.AuthenticationFacadeTest$RevokeSingleForUserTest","shouldRevokeTokenAndReturnExpiredCookie_whenTokenIsPresent"
"","5","logoutAll_IsNotAccessible_WithoutAuthentication()","","2026-09-16","passed","2026-09-16","","io.github.filipchyla.shopapi.config.authorization.AuthenticationAuthorizationTest","io.github.filipchyla.shopapi.config.authorization.AuthenticationAuthorizationTest","logoutAll_IsNotAccessible_WithoutAuthentication"
"","5","shouldRevokeOldTokenAndCreateNewTokenInSameFamily()","","2026-09-16","passed","2026-09-16","","io.github.filipchyla.shopapi.auth.service.RefreshTokenServiceTest.RotateToken","io.github.filipchyla.shopapi.auth.service.RefreshTokenServiceTest$RotateToken","shouldRevokeOldTokenAndCreateNewTokenInSameFamily"
"","195","addItem_PersistsToDatabase_WhenAuthenticated()","","2026-09-16","passed","2026-09-16","","io.github.filipchyla.shopapi.cart.CartIntegrationTest.UserFlow","io.github.filipchyla.shopapi.cart.CartIntegrationTest$UserFlow","addItem_PersistsToDatabase_WhenAuthenticated"
"","1","doFilterInternal_ShouldThrowClassCastException_WhenCsrfAttributeHasWrongType()","","2026-09-16","passed","2026-09-16","","io.github.filipchyla.shopapi.security.filter.CsrfCookieFilterTest","io.github.filipchyla.shopapi.security.filter.CsrfCookieFilterTest","doFilterInternal_ShouldThrowClassCastException_WhenCsrfAttributeHasWrongType"
"","326","updateStock_ReturnsNotFound_WhenProductDoesNotExist()","","2026-09-16","passed","2026-09-16","","io.github.filipchyla.shopapi.product.ProductIntegrationTest.UpdateStock","io.github.filipchyla.shopapi.product.ProductIntegrationTest$UpdateStock","updateStock_ReturnsNotFound_WhenProductDoesNotExist"
"","177","updatePassword_ShouldReturnError_WhenCurrentPasswordIsIncorrect()","","2026-09-16","passed","2026-09-16","","io.github.filipchyla.shopapi.user.UserIntegrationTest","io.github.filipchyla.shopapi.user.UserIntegrationTest","updatePassword_ShouldReturnError_WhenCurrentPasswordIsIncorrect"
"","1","removeItem_ShouldThrowNotFound_WhenItemNotInCart()","","2026-09-16","passed","2026-09-16","","io.github.filipchyla.shopapi.cart.domain.CartDomainTest.GuestCartModel","io.github.filipchyla.shopapi.cart.domain.CartDomainTest$GuestCartModel","removeItem_ShouldThrowNotFound_WhenItemNotInCart"
"","3","addItem_ShouldThrowLimitExceeded_WhenCartAlreadyHasMaxDistinctItems()","","2026-09-16","passed","2026-09-16","","io.github.filipchyla.shopapi.cart.service.CartServiceTest.AddItem","io.github.filipchyla.shopapi.cart.service.CartServiceTest$AddItem","addItem_ShouldThrowLimitExceeded_WhenCartAlreadyHasMaxDistinctItems"
"","9","patchMe_ShouldReturnUpdatedUser_WhenRequestIsValid()","","2026-09-16","passed","2026-09-16","","io.github.filipchyla.shopapi.user.UserControllerTest","io.github.filipchyla.shopapi.user.UserControllerTest","patchMe_ShouldReturnUpdatedUser_WhenRequestIsValid"
"","11","getCategories_IsAccessible_WithoutAuthentication()","","2026-09-16","passed","2026-09-16","","io.github.filipchyla.shopapi.config.authorization.CategoryAuthorizationTest","io.github.filipchyla.shopapi.config.authorization.CategoryAuthorizationTest","getCategories_IsAccessible_WithoutAuthentication"
"","6","changePassword_IsNotAccessible_WithoutAuthentication()","","2026-09-16","passed","2026-09-16","","io.github.filipchyla.shopapi.config.authorization.UserAuthorizationTest","io.github.filipchyla.shopapi.config.authorization.UserAuthorizationTest","changePassword_IsNotAccessible_WithoutAuthentication"
"","13","delete_ShouldDeleteCategoryAndReturnsConfirmationMessage()","","2026-09-16","passed","2026-09-16","","io.github.filipchyla.shopapi.product.category.controller.CategoryAdminControllerTest.DeleteCategory","io.github.filipchyla.shopapi.product.category.controller.CategoryAdminControllerTest$DeleteCategory","delete_ShouldDeleteCategoryAndReturnsConfirmationMessage"
"","1","validateQuantityUpdate_ShouldThrowLimitExceeded_WhenNewQuantityExceedsMaxPerItem()","","2026-09-16","passed","2026-09-16","","io.github.filipchyla.shopapi.cart.CartLimitPolicyTest.ValidateQuantityUpdate","io.github.filipchyla.shopapi.cart.CartLimitPolicyTest$ValidateQuantityUpdate","validateQuantityUpdate_ShouldThrowLimitExceeded_WhenNewQuantityExceedsMaxPerItem"
"","333","deleteProduct_ReturnsForbidden_WhenUserIsNotAdmin()","","2026-09-16","passed","2026-09-16","","io.github.filipchyla.shopapi.product.ProductIntegrationTest.DeleteProduct","io.github.filipchyla.shopapi.product.ProductIntegrationTest$DeleteProduct","deleteProduct_ReturnsForbidden_WhenUserIsNotAdmin"
"","349","doFilterInternal_ShouldProceedFilterChain_WhenCsrfTokenAbsent()","","2026-09-16","passed","2026-09-16","","io.github.filipchyla.shopapi.security.filter.CsrfCookieFilterTest","io.github.filipchyla.shopapi.security.filter.CsrfCookieFilterTest","doFilterInternal_ShouldProceedFilterChain_WhenCsrfTokenAbsent"
"","337","addProduct_ReturnsNotFound_WhenCategoryIdDoesNotExist()","","2026-09-16","passed","2026-09-16","","io.github.filipchyla.shopapi.product.ProductIntegrationTest.AddProduct","io.github.filipchyla.shopapi.product.ProductIntegrationTest$AddProduct","addProduct_ReturnsNotFound_WhenCategoryIdDoesNotExist"
"","2","addItem_ShouldReturnNewCartToken_WhenGuestWithoutCookieAddsItem()","","2026-09-16","passed","2026-09-16","","io.github.filipchyla.shopapi.cart.CartFacadeTest.AddItem","io.github.filipchyla.shopapi.cart.CartFacadeTest$AddItem","addItem_ShouldReturnNewCartToken_WhenGuestWithoutCookieAddsItem"
"","161","register_SetsRefreshCookieAndReturnsAccessToken_WhenCredentialsAreCorrect()","","2026-09-16","passed","2026-09-16","","io.github.filipchyla.shopapi.auth.AuthIntegrationTest","io.github.filipchyla.shopapi.auth.AuthIntegrationTest","register_SetsRefreshCookieAndReturnsAccessToken_WhenCredentialsAreCorrect"
"","1","totalPrice_ShouldReturnZero_WhenItemListIsEmpty()","","2026-09-16","passed","2026-09-16","","io.github.filipchyla.shopapi.cart.PriceCalculatorTest.TotalPrice","io.github.filipchyla.shopapi.cart.PriceCalculatorTest$TotalPrice","totalPrice_ShouldReturnZero_WhenItemListIsEmpty"
"","2","updateItemQuantity_ShouldDelegateToGuestCartService_WhenGuest()","","2026-09-16","passed","2026-09-16","","io.github.filipchyla.shopapi.cart.CartFacadeTest.UpdateItemQuantity","io.github.filipchyla.shopapi.cart.CartFacadeTest$UpdateItemQuantity","updateItemQuantity_ShouldDelegateToGuestCartService_WhenGuest"
"","340","updateCategory_ReassignsParent_WhenParentIdProvided()","","2026-09-16","passed","2026-09-16","","io.github.filipchyla.shopapi.product.category.CategoryIntegrationTest.UpdateCategory","io.github.filipchyla.shopapi.product.category.CategoryIntegrationTest$UpdateCategory","updateCategory_ReassignsParent_WhenParentIdProvided"
"","2","getProductById_ShouldNotCacheResult_WhenProductNotFound()","","2026-09-16","passed","2026-09-16","","io.github.filipchyla.shopapi.product.ProductServiceCacheTest.GetProductById","io.github.filipchyla.shopapi.product.ProductServiceCacheTest$GetProductById","getProductById_ShouldNotCacheResult_WhenProductNotFound"
"","2","shouldPropagateException_whenCredentialsAreWrong()","","2026-09-16","passed","2026-09-16","","io.github.filipchyla.shopapi.auth.AuthenticationFacadeTest.AuthenticateUserAndReturnTokensTest","io.github.filipchyla.shopapi.auth.AuthenticationFacadeTest$AuthenticateUserAndReturnTokensTest","shouldPropagateException_whenCredentialsAreWrong"
"","8","getProducts_ShouldPassFiltersToService_WhenCategoryAndPriceRangeProvided()","","2026-09-16","passed","2026-09-16","","io.github.filipchyla.shopapi.product.controller.ProductControllerTest.GetProducts","io.github.filipchyla.shopapi.product.controller.ProductControllerTest$GetProducts","getProducts_ShouldPassFiltersToService_WhenCategoryAndPriceRangeProvided"
"","4","cookieBasedEndpoints_ShouldReturnForbidden_WhenCsrfTokenMissing(HttpMethod, String) [6] method=DELETE, url=/api/v1/cart","","2026-09-16","passed","2026-09-16","","io.github.filipchyla.shopapi.config.CsrfConfigurationTest","io.github.filipchyla.shopapi.config.CsrfConfigurationTest","cookieBasedEndpoints_ShouldReturnForbidden_WhenCsrfTokenMissing"
"","276","updatePassword_ShouldChangePassword_WhenCurrentPasswordIsCorrect()","","2026-09-16","passed","2026-09-16","","io.github.filipchyla.shopapi.user.UserIntegrationTest","io.github.filipchyla.shopapi.user.UserIntegrationTest","updatePassword_ShouldChangePassword_WhenCurrentPasswordIsCorrect"
"","2","deleteProduct_ShouldMarkProductInactive_WhenProductExists()","","2026-09-16","passed","2026-09-16","","io.github.filipchyla.shopapi.product.ProductServiceTest.DeleteProduct","io.github.filipchyla.shopapi.product.ProductServiceTest$DeleteProduct","deleteProduct_ShouldMarkProductInactive_WhenProductExists"
"","2","findProducts_ShouldReturnPage_WhenFiltersAreValid()","","2026-09-16","passed","2026-09-16","","io.github.filipchyla.shopapi.product.ProductServiceTest.FindProducts","io.github.filipchyla.shopapi.product.ProductServiceTest$FindProducts","findProducts_ShouldReturnPage_WhenFiltersAreValid"
"","333","addCategory_ReturnsBadRequest_WhenNameIsBlank()","","2026-09-16","passed","2026-09-16","","io.github.filipchyla.shopapi.product.category.CategoryIntegrationTest.AddCategory","io.github.filipchyla.shopapi.product.category.CategoryIntegrationTest$AddCategory","addCategory_ReturnsBadRequest_WhenNameIsBlank"
"","2","getCategoryTree_ShouldHitRepositoryAgain_AfterCacheIsManuallyCleared()","","2026-09-16","passed","2026-09-16","","io.github.filipchyla.shopapi.product.category.CategoryServiceCacheTest.GetCategoryTree","io.github.filipchyla.shopapi.product.category.CategoryServiceCacheTest$GetCategoryTree","getCategoryTree_ShouldHitRepositoryAgain_AfterCacheIsManuallyCleared"
"","2","findProducts_ShouldThrowIllegalArgumentException_WhenMinPriceGreaterThanMaxPrice()","","2026-09-16","passed","2026-09-16","","io.github.filipchyla.shopapi.product.ProductServiceTest.FindProducts","io.github.filipchyla.shopapi.product.ProductServiceTest$FindProducts","findProducts_ShouldThrowIllegalArgumentException_WhenMinPriceGreaterThanMaxPrice"
"","2","doFilterInternal_ShouldNotOverrideExistingAuthentication()","","2026-09-16","passed","2026-09-16","","io.github.filipchyla.shopapi.security.filter.JwtAuthenticationFilterTest","io.github.filipchyla.shopapi.security.filter.JwtAuthenticationFilterTest","doFilterInternal_ShouldNotOverrideExistingAuthentication"
"","4","removeItem_ShouldRemoveItemAndSave_WhenItemExists()","","2026-09-16","passed","2026-09-16","","io.github.filipchyla.shopapi.cart.service.GuestCartServiceTest.UpdateAndRemove","io.github.filipchyla.shopapi.cart.service.GuestCartServiceTest$UpdateAndRemove","removeItem_ShouldRemoveItemAndSave_WhenItemExists"
"","189","register_ShouldReturnPrincipal_WhenSuccessful()","","2026-09-16","passed","2026-09-16","","io.github.filipchyla.shopapi.auth.service.AuthenticationServiceTest","io.github.filipchyla.shopapi.auth.service.AuthenticationServiceTest","register_ShouldReturnPrincipal_WhenSuccessful"
"","468","deleteProduct_ReturnsNotFound_WhenProductDoesNotExist()","","2026-09-16","passed","2026-09-16","","io.github.filipchyla.shopapi.product.ProductIntegrationTest.DeleteProduct","io.github.filipchyla.shopapi.product.ProductIntegrationTest$DeleteProduct","deleteProduct_ReturnsNotFound_WhenProductDoesNotExist"
"","1","getCategoryTree_ShouldReturnEmptyList_WhenNoCategoriesExist()","","2026-09-16","passed","2026-09-16","","io.github.filipchyla.shopapi.product.category.CategoryServiceTest.GetCategoryTree","io.github.filipchyla.shopapi.product.category.CategoryServiceTest$GetCategoryTree","getCategoryTree_ShouldReturnEmptyList_WhenNoCategoriesExist"
"","2","changePassword_ShouldChangePassword_WhenCurrentPasswordIsCorrect()","","2026-09-16","passed","2026-09-16","","io.github.filipchyla.shopapi.auth.service.AuthenticationServiceTest","io.github.filipchyla.shopapi.auth.service.AuthenticationServiceTest","changePassword_ShouldChangePassword_WhenCurrentPasswordIsCorrect"
"","2","shouldUseDifferentFamilyForEachNewSession()","","2026-09-16","passed","2026-09-16","","io.github.filipchyla.shopapi.auth.service.RefreshTokenServiceTest.CreateNewToken","io.github.filipchyla.shopapi.auth.service.RefreshTokenServiceTest$CreateNewToken","shouldUseDifferentFamilyForEachNewSession"
"","322","getProducts_ReturnsEmptyPage_WhenNoProductsExist()","","2026-09-16","passed","2026-09-16","","io.github.filipchyla.shopapi.product.ProductIntegrationTest.GetProducts","io.github.filipchyla.shopapi.product.ProductIntegrationTest$GetProducts","getProducts_ReturnsEmptyPage_WhenNoProductsExist"
"","3","updateStock_ShouldThrowInvalidStockQuantity_WhenStockQuantityWouldBeNegative()","","2026-09-16","passed","2026-09-16","","io.github.filipchyla.shopapi.product.ProductServiceTest.UpdateStock","io.github.filipchyla.shopapi.product.ProductServiceTest$UpdateStock","updateStock_ShouldThrowInvalidStockQuantity_WhenStockQuantityWouldBeNegative"
"","348","getProduct_ReflectsUpdatedStock_AfterCachePutOnStockUpdate()","","2026-09-16","passed","2026-09-16","","io.github.filipchyla.shopapi.product.ProductIntegrationTest.GetProduct","io.github.filipchyla.shopapi.product.ProductIntegrationTest$GetProduct","getProduct_ReflectsUpdatedStock_AfterCachePutOnStockUpdate"
"","2","doFilterInternal_ShouldNotSetAuthentication_WhenUsernameIsNull()","","2026-09-16","passed","2026-09-16","","io.github.filipchyla.shopapi.security.filter.JwtAuthenticationFilterTest","io.github.filipchyla.shopapi.security.filter.JwtAuthenticationFilterTest","doFilterInternal_ShouldNotSetAuthentication_WhenUsernameIsNull"
"","3","getCart_ShouldDelegateToCartService_WhenPrincipalIsPresent()","","2026-09-16","passed","2026-09-16","","io.github.filipchyla.shopapi.cart.CartFacadeTest.GetCart","io.github.filipchyla.shopapi.cart.CartFacadeTest$GetCart","getCart_ShouldDelegateToCartService_WhenPrincipalIsPresent"
"","157","login_ShouldReturnUnauthorized_WhenCredentialsAreIncorrect()","","2026-09-16","passed","2026-09-16","","io.github.filipchyla.shopapi.auth.AuthIntegrationTest","io.github.filipchyla.shopapi.auth.AuthIntegrationTest","login_ShouldReturnUnauthorized_WhenCredentialsAreIncorrect"
"","9","addCategory_ShouldReturnNotFound_WhenParentIdDoesNotExist()","","2026-09-16","passed","2026-09-16","","io.github.filipchyla.shopapi.product.category.controller.CategoryAdminControllerTest.AddCategory","io.github.filipchyla.shopapi.product.category.controller.CategoryAdminControllerTest$AddCategory","addCategory_ShouldReturnNotFound_WhenParentIdDoesNotExist"
"","2","totalPrice_ShouldSumLineTotalsCorrectly()","","2026-09-16","passed","2026-09-16","","io.github.filipchyla.shopapi.cart.PriceCalculatorTest.TotalPrice","io.github.filipchyla.shopapi.cart.PriceCalculatorTest$TotalPrice","totalPrice_ShouldSumLineTotalsCorrectly"
"","6","cookieBasedEndpoints_ShouldNotReturnForbidden_WhenCsrfTokenPresent(HttpMethod, String) [7] method=POST, url=/api/v1/cart/merge","","2026-09-16","passed","2026-09-16","","io.github.filipchyla.shopapi.config.CsrfConfigurationTest","io.github.filipchyla.shopapi.config.CsrfConfigurationTest","cookieBasedEndpoints_ShouldNotReturnForbidden_WhenCsrfTokenPresent"
"","9","clearCart_ShouldReturnNoContentAndClearCookie()","","2026-09-16","passed","2026-09-16","","io.github.filipchyla.shopapi.cart.CartControllerTest.ClearCart","io.github.filipchyla.shopapi.cart.CartControllerTest$ClearCart","clearCart_ShouldReturnNoContentAndClearCookie"
"","3","getProducts_ShouldReturnBadRequest_WhenSortFieldIsNotAllowed()","","2026-09-16","passed","2026-09-16","","io.github.filipchyla.shopapi.product.controller.ProductControllerTest.GetProducts","io.github.filipchyla.shopapi.product.controller.ProductControllerTest$GetProducts","getProducts_ShouldReturnBadRequest_WhenSortFieldIsNotAllowed"
"","332","addCategory_CreatesRootCategory_WhenAdminAndValidRequest()","","2026-09-16","passed","2026-09-16","","io.github.filipchyla.shopapi.product.category.CategoryIntegrationTest.AddCategory","io.github.filipchyla.shopapi.product.category.CategoryIntegrationTest$AddCategory","addCategory_CreatesRootCategory_WhenAdminAndValidRequest"
"","2","validateAddition_ShouldPass_WhenDistinctItemsReachMaxAllowedBoundaryForNewItem()","","2026-09-16","passed","2026-09-16","","io.github.filipchyla.shopapi.cart.CartLimitPolicyTest.ValidateAddition","io.github.filipchyla.shopapi.cart.CartLimitPolicyTest$ValidateAddition","validateAddition_ShouldPass_WhenDistinctItemsReachMaxAllowedBoundaryForNewItem"
"","5","getCategories_ShouldReturnCategoryTreeFromService_WhenCategoriesExist()","","2026-09-16","passed","2026-09-16","","io.github.filipchyla.shopapi.product.category.controller.CategoryControllerTest.GetCategories","io.github.filipchyla.shopapi.product.category.controller.CategoryControllerTest$GetCategories","getCategories_ShouldReturnCategoryTreeFromService_WhenCategoriesExist"
"","2","updateItemQuantity_ShouldThrowInsufficientStock_WhenPolicyRejectsUpdate()","","2026-09-16","passed","2026-09-16","","io.github.filipchyla.shopapi.cart.service.CartServiceTest.UpdateItemQuantity","io.github.filipchyla.shopapi.cart.service.CartServiceTest$UpdateItemQuantity","updateItemQuantity_ShouldThrowInsufficientStock_WhenPolicyRejectsUpdate"
"","15","cookieBasedEndpoints_ShouldNotReturnForbidden_WhenCsrfTokenPresent(HttpMethod, String) [1] method=POST, url=/api/v1/auth/refresh","","2026-09-16","passed","2026-09-16","","io.github.filipchyla.shopapi.config.CsrfConfigurationTest","io.github.filipchyla.shopapi.config.CsrfConfigurationTest","cookieBasedEndpoints_ShouldNotReturnForbidden_WhenCsrfTokenPresent"
"","2","deleteCategory_ShouldEvictTreeCache()","","2026-09-16","passed","2026-09-16","","io.github.filipchyla.shopapi.product.category.CategoryServiceCacheTest.DeleteCategory","io.github.filipchyla.shopapi.product.category.CategoryServiceCacheTest$DeleteCategory","deleteCategory_ShouldEvictTreeCache"
"","8","merge_ShouldMergeSuccessfulItemsAndSkipFailingOnes_WhenMixed()","","2026-09-16","passed","2026-09-16","","io.github.filipchyla.shopapi.cart.service.CartMergeServiceTest.PartialFailure","io.github.filipchyla.shopapi.cart.service.CartMergeServiceTest$PartialFailure","merge_ShouldMergeSuccessfulItemsAndSkipFailingOnes_WhenMixed"
"","2","deleteProduct_ShouldThrowNotFound_WhenProductDoesNotExist()","","2026-09-16","passed","2026-09-16","","io.github.filipchyla.shopapi.product.ProductServiceTest.DeleteProduct","io.github.filipchyla.shopapi.product.ProductServiceTest$DeleteProduct","deleteProduct_ShouldThrowNotFound_WhenProductDoesNotExist"
"","5","cookieBasedEndpoints_ShouldReturnForbidden_WhenCsrfTokenMissing(HttpMethod, String) [3] method=POST, url=/api/v1/cart/items","","2026-09-16","passed","2026-09-16","","io.github.filipchyla.shopapi.config.CsrfConfigurationTest","io.github.filipchyla.shopapi.config.CsrfConfigurationTest","cookieBasedEndpoints_ShouldReturnForbidden_WhenCsrfTokenMissing"
"","18","logout_ShouldRevokeTokenAndClearCookie_WhenCookiePresent()","","2026-09-16","passed","2026-09-16","","io.github.filipchyla.shopapi.auth.AuthenticationControllerTest.LogoutTest","io.github.filipchyla.shopapi.auth.AuthenticationControllerTest$LogoutTest","logout_ShouldRevokeTokenAndClearCookie_WhenCookiePresent"
"","2","shouldThrowWhenDeserializationFails()","","2026-09-16","passed","2026-09-16","","io.github.filipchyla.shopapi.auth.service.RefreshTokenServiceTest.GetUserIdFromToken","io.github.filipchyla.shopapi.auth.service.RefreshTokenServiceTest$GetUserIdFromToken","shouldThrowWhenDeserializationFails"
"","26","headerBasedEndpoints_ShouldNotRequireCsrf()","","2026-09-16","passed","2026-09-16","","io.github.filipchyla.shopapi.config.CsrfConfigurationTest","io.github.filipchyla.shopapi.config.CsrfConfigurationTest","headerBasedEndpoints_ShouldNotRequireCsrf"
"","2","extractUsername_ShouldThrowException_WhenTokenIsInvalid()","","2026-09-16","passed","2026-09-16","","io.github.filipchyla.shopapi.auth.service.JwtServiceTest","io.github.filipchyla.shopapi.auth.service.JwtServiceTest","extractUsername_ShouldThrowException_WhenTokenIsInvalid"
"","344","updateProduct_UpdatesFields_WhenAdminAndValidRequest()","","2026-09-16","passed","2026-09-16","","io.github.filipchyla.shopapi.product.ProductIntegrationTest.UpdateProduct","io.github.filipchyla.shopapi.product.ProductIntegrationTest$UpdateProduct","updateProduct_UpdatesFields_WhenAdminAndValidRequest"
"","12","cookieBasedEndpoints_ShouldNotReturnForbidden_WhenCsrfTokenPresent(HttpMethod, String) [4] method=PATCH, url=/api/v1/cart/items/*","","2026-09-16","passed","2026-09-16","","io.github.filipchyla.shopapi.config.CsrfConfigurationTest","io.github.filipchyla.shopapi.config.CsrfConfigurationTest","cookieBasedEndpoints_ShouldNotReturnForbidden_WhenCsrfTokenPresent"
"","10","cookieBasedEndpoints_ShouldNotReturnForbidden_WhenCsrfTokenPresent(HttpMethod, String) [5] method=DELETE, url=/api/v1/cart/items/*","","2026-09-16","passed","2026-09-16","","io.github.filipchyla.shopapi.config.CsrfConfigurationTest","io.github.filipchyla.shopapi.config.CsrfConfigurationTest","cookieBasedEndpoints_ShouldNotReturnForbidden_WhenCsrfTokenPresent"
"","1","getCategoryTree_ShouldNestChildrenUnderTheirParent()","","2026-09-16","passed","2026-09-16","","io.github.filipchyla.shopapi.product.category.CategoryServiceTest.GetCategoryTree","io.github.filipchyla.shopapi.product.category.CategoryServiceTest$GetCategoryTree","getCategoryTree_ShouldNestChildrenUnderTheirParent"
"","3","updateStock_ShouldUpdateStockAndReturnMappedResponse_WhenRequestIsValid()","","2026-09-16","passed","2026-09-16","","io.github.filipchyla.shopapi.product.controller.ProductAdminControllerTest.UpdateStock","io.github.filipchyla.shopapi.product.controller.ProductAdminControllerTest$UpdateStock","updateStock_ShouldUpdateStockAndReturnMappedResponse_WhenRequestIsValid"
"","9","updateItemQuantity_ShouldReturnBadRequest_WhenQuantityExceedsMaxAllowed()","","2026-09-16","passed","2026-09-16","","io.github.filipchyla.shopapi.cart.CartControllerTest.UpdateItemQuantity","io.github.filipchyla.shopapi.cart.CartControllerTest$UpdateItemQuantity","updateItemQuantity_ShouldReturnBadRequest_WhenQuantityExceedsMaxAllowed"
"","145","clearCart_ShouldDelegateToCartService_WhenPrincipalIsPresent()","","2026-09-16","passed","2026-09-16","","io.github.filipchyla.shopapi.cart.CartFacadeTest.ClearCart","io.github.filipchyla.shopapi.cart.CartFacadeTest$ClearCart","clearCart_ShouldDelegateToCartService_WhenPrincipalIsPresent"
"","105","updateProduct_ShouldNotWriteToCache_WhenCategoryDoesNotExist()","","2026-09-16","passed","2026-09-16","","io.github.filipchyla.shopapi.product.ProductServiceCacheTest.UpdateProduct","io.github.filipchyla.shopapi.product.ProductServiceCacheTest$UpdateProduct","updateProduct_ShouldNotWriteToCache_WhenCategoryDoesNotExist"
"","2","getProductById_ShouldReturnProductResponse_WhenProductExists()","","2026-09-16","passed","2026-09-16","","io.github.filipchyla.shopapi.product.ProductServiceTest.GetProductById","io.github.filipchyla.shopapi.product.ProductServiceTest$GetProductById","getProductById_ShouldReturnProductResponse_WhenProductExists"
"","2","updateCategory_ShouldThrowNotFound_WhenCategoryDoesNotExist()","","2026-09-16","passed","2026-09-16","","io.github.filipchyla.shopapi.product.category.CategoryServiceTest.UpdateCategory","io.github.filipchyla.shopapi.product.category.CategoryServiceTest$UpdateCategory","updateCategory_ShouldThrowNotFound_WhenCategoryDoesNotExist"
"","1","addOrIncreaseItem_ShouldUpdateQuantity_WhenProductAlreadyInCart()","","2026-09-16","passed","2026-09-16","","io.github.filipchyla.shopapi.cart.domain.CartDomainTest.CartEntity","io.github.filipchyla.shopapi.cart.domain.CartDomainTest$CartEntity","addOrIncreaseItem_ShouldUpdateQuantity_WhenProductAlreadyInCart"
"","2","updateCategory_ShouldThrowCategoryCycleException_WhenChildCategoryIsSetAsParent()","","2026-09-16","passed","2026-09-16","","io.github.filipchyla.shopapi.product.category.CategoryServiceTest.UpdateCategory","io.github.filipchyla.shopapi.product.category.CategoryServiceTest$UpdateCategory","updateCategory_ShouldThrowCategoryCycleException_WhenChildCategoryIsSetAsParent"
"","97","updateProduct_ShouldThrowNotFound_WhenProductDoesNotExist()","","2026-09-16","passed","2026-09-16","","io.github.filipchyla.shopapi.product.ProductServiceTest.UpdateProduct","io.github.filipchyla.shopapi.product.ProductServiceTest$UpdateProduct","updateProduct_ShouldThrowNotFound_WhenProductDoesNotExist"
"","26","updateItemQuantity_ShouldThrowInsufficientStock_WhenNewQuantityExceedsStock()","","2026-09-16","passed","2026-09-16","","io.github.filipchyla.shopapi.cart.service.GuestCartServiceTest.UpdateAndRemove","io.github.filipchyla.shopapi.cart.service.GuestCartServiceTest$UpdateAndRemove","updateItemQuantity_ShouldThrowInsufficientStock_WhenNewQuantityExceedsStock"
"","99","updateProduct_ShouldUpdateCategoryAndApplyPatch_WhenProductAndCategoryExist()","","2026-09-16","passed","2026-09-16","","io.github.filipchyla.shopapi.product.ProductServiceTest.UpdateProduct","io.github.filipchyla.shopapi.product.ProductServiceTest$UpdateProduct","updateProduct_ShouldUpdateCategoryAndApplyPatch_WhenProductAndCategoryExist"
"","339","updateStock_UpdatesQuantity_WhenAdminAndValidRequest()","","2026-09-16","passed","2026-09-16","","io.github.filipchyla.shopapi.product.ProductIntegrationTest.UpdateStock","io.github.filipchyla.shopapi.product.ProductIntegrationTest$UpdateStock","updateStock_UpdatesQuantity_WhenAdminAndValidRequest"
"","341","addCategory_CreatesSubcategory_WhenParentIdProvided()","","2026-09-16","passed","2026-09-16","","io.github.filipchyla.shopapi.product.category.CategoryIntegrationTest.AddCategory","io.github.filipchyla.shopapi.product.category.CategoryIntegrationTest$AddCategory","addCategory_CreatesSubcategory_WhenParentIdProvided"
"","0","quantityIfAdded_ShouldReturnSum_WhenProductAlreadyInCart()","","2026-09-16","passed","2026-09-16","","io.github.filipchyla.shopapi.cart.domain.CartDomainTest.GuestCartModel","io.github.filipchyla.shopapi.cart.domain.CartDomainTest$GuestCartModel","quantityIfAdded_ShouldReturnSum_WhenProductAlreadyInCart"
"","3","deleteCategory_ShouldThrowAndNotEvictCache_WhenCategoryDoesNotExist()","","2026-09-16","passed","2026-09-16","","io.github.filipchyla.shopapi.product.category.CategoryServiceCacheTest.DeleteCategory","io.github.filipchyla.shopapi.product.category.CategoryServiceCacheTest$DeleteCategory","deleteCategory_ShouldThrowAndNotEvictCache_WhenCategoryDoesNotExist"
"","329","getProduct_ReturnsProduct_WhenProductExists()","","2026-09-16","passed","2026-09-16","","io.github.filipchyla.shopapi.product.ProductIntegrationTest.GetProduct","io.github.filipchyla.shopapi.product.ProductIntegrationTest$GetProduct","getProduct_ReturnsProduct_WhenProductExists"
"","16","update_ShouldReturnNotFound_WhenIdDoesNotExist()","","2026-09-16","passed","2026-09-16","","io.github.filipchyla.shopapi.product.category.controller.CategoryAdminControllerTest.UpdateCategory","io.github.filipchyla.shopapi.product.category.controller.CategoryAdminControllerTest$UpdateCategory","update_ShouldReturnNotFound_WhenIdDoesNotExist"
"","340","updateCategory_UpdatesName_WhenAdminAndValidRequest()","","2026-09-16","passed","2026-09-16","","io.github.filipchyla.shopapi.product.category.CategoryIntegrationTest.UpdateCategory","io.github.filipchyla.shopapi.product.category.CategoryIntegrationTest$UpdateCategory","updateCategory_UpdatesName_WhenAdminAndValidRequest"
"","1","validateAddition_ShouldPass_WhenRequestedQuantityEqualsAvailableStock()","","2026-09-16","passed","2026-09-16","","io.github.filipchyla.shopapi.cart.CartLimitPolicyTest.ValidateAddition","io.github.filipchyla.shopapi.cart.CartLimitPolicyTest$ValidateAddition","validateAddition_ShouldPass_WhenRequestedQuantityEqualsAvailableStock"
"","3","addItem_ShouldThrowLimitExceeded_WhenTotalQuantityExceedsMax()","","2026-09-16","passed","2026-09-16","","io.github.filipchyla.shopapi.cart.service.CartServiceTest.AddItem","io.github.filipchyla.shopapi.cart.service.CartServiceTest$AddItem","addItem_ShouldThrowLimitExceeded_WhenTotalQuantityExceedsMax"
"","1","authenticate_ShouldThrowException_WhenCredentialsAreInvalid()","","2026-09-16","passed","2026-09-16","","io.github.filipchyla.shopapi.auth.service.AuthenticationServiceTest","io.github.filipchyla.shopapi.auth.service.AuthenticationServiceTest","authenticate_ShouldThrowException_WhenCredentialsAreInvalid"
"","7","register_IsAccessible_WithoutAuthentication()","","2026-09-16","passed","2026-09-16","","io.github.filipchyla.shopapi.config.authorization.AuthenticationAuthorizationTest","io.github.filipchyla.shopapi.config.authorization.AuthenticationAuthorizationTest","register_IsAccessible_WithoutAuthentication"
"","185","authenticate_ShouldReturnAuthenticatedUser_WhenCredentialsAreValid()","","2026-09-16","passed","2026-09-16","","io.github.filipchyla.shopapi.auth.service.AuthenticationServiceTest","io.github.filipchyla.shopapi.auth.service.AuthenticationServiceTest","authenticate_ShouldReturnAuthenticatedUser_WhenCredentialsAreValid"
"","2","doFilterInternal_ShouldReturnForbidden_WhenUserIsDisabled()","","2026-09-16","passed","2026-09-16","","io.github.filipchyla.shopapi.security.filter.JwtAuthenticationFilterTest","io.github.filipchyla.shopapi.security.filter.JwtAuthenticationFilterTest","doFilterInternal_ShouldReturnForbidden_WhenUserIsDisabled"
"","6","getCart_ShouldReturnCart_ForGuestWithNoCookie()","","2026-09-16","passed","2026-09-16","","io.github.filipchyla.shopapi.cart.CartControllerTest.GetCart","io.github.filipchyla.shopapi.cart.CartControllerTest$GetCart","getCart_ShouldReturnCart_ForGuestWithNoCookie"
"","2","updateCategory_ShouldThrowNotFound_WhenParentDoesNotExist()","","2026-09-16","passed","2026-09-16","","io.github.filipchyla.shopapi.product.category.CategoryServiceTest.UpdateCategory","io.github.filipchyla.shopapi.product.category.CategoryServiceTest$UpdateCategory","updateCategory_ShouldThrowNotFound_WhenParentDoesNotExist"
"","957","mergeCart_ReturnsUnauthorized_WhenNoToken()","","2026-09-16","passed","2026-09-16","","io.github.filipchyla.shopapi.cart.CartIntegrationTest.MergeFlow","io.github.filipchyla.shopapi.cart.CartIntegrationTest$MergeFlow","mergeCart_ReturnsUnauthorized_WhenNoToken"
"","5","getCart_IsAccessible_WithoutAuthentication()","","2026-09-16","passed","2026-09-16","","io.github.filipchyla.shopapi.config.authorization.CartAuthorizationTest","io.github.filipchyla.shopapi.config.authorization.CartAuthorizationTest","getCart_IsAccessible_WithoutAuthentication"
"","6","addItem_ShouldReturnBadRequest_WhenQuantityExceedsMax()","","2026-09-16","passed","2026-09-16","","io.github.filipchyla.shopapi.cart.CartControllerTest.AddItem","io.github.filipchyla.shopapi.cart.CartControllerTest$AddItem","addItem_ShouldReturnBadRequest_WhenQuantityExceedsMax"
"","3","getCart_ShouldReturnEmptyCart_WhenTokenIsNull()","","2026-09-16","passed","2026-09-16","","io.github.filipchyla.shopapi.cart.service.GuestCartServiceTest.GetCart","io.github.filipchyla.shopapi.cart.service.GuestCartServiceTest$GetCart","getCart_ShouldReturnEmptyCart_WhenTokenIsNull"
"","1","removeItem_ShouldThrowNotFound_WhenItemNotInCart()","","2026-09-16","passed","2026-09-16","","io.github.filipchyla.shopapi.cart.domain.CartDomainTest.CartEntity","io.github.filipchyla.shopapi.cart.domain.CartDomainTest$CartEntity","removeItem_ShouldThrowNotFound_WhenItemNotInCart"
"","1","updateItemQuantity_ShouldUpdateQuantity()","","2026-09-16","passed","2026-09-16","","io.github.filipchyla.shopapi.cart.domain.CartDomainTest.CartEntity","io.github.filipchyla.shopapi.cart.domain.CartDomainTest$CartEntity","updateItemQuantity_ShouldUpdateQuantity"
"","267","shouldRemoveOrphanedTokensFromSessionSet()","","2026-09-16","passed","2026-09-16","","io.github.filipchyla.shopapi.auth.service.RefreshTokenServiceTest.RevokeAllForUser","io.github.filipchyla.shopapi.auth.service.RefreshTokenServiceTest$RevokeAllForUser","shouldRemoveOrphanedTokensFromSessionSet"
"","330","updateCategory_ReturnsNotFound_WhenCategoryDoesNotExist()","","2026-09-16","passed","2026-09-16","","io.github.filipchyla.shopapi.product.category.CategoryIntegrationTest.UpdateCategory","io.github.filipchyla.shopapi.product.category.CategoryIntegrationTest$UpdateCategory","updateCategory_ReturnsNotFound_WhenCategoryDoesNotExist"
"","2","shouldThrowWhenOldTokenDoesNotExist()","","2026-09-16","passed","2026-09-16","","io.github.filipchyla.shopapi.auth.service.RefreshTokenServiceTest.RotateToken","io.github.filipchyla.shopapi.auth.service.RefreshTokenServiceTest$RotateToken","shouldThrowWhenOldTokenDoesNotExist"
"","2","shouldDoNothingWhenUserHasNoSessions()","","2026-09-16","passed","2026-09-16","","io.github.filipchyla.shopapi.auth.service.RefreshTokenServiceTest.RevokeAllForUser","io.github.filipchyla.shopapi.auth.service.RefreshTokenServiceTest$RevokeAllForUser","shouldDoNothingWhenUserHasNoSessions"
"","7","deleteProduct_ShouldDeleteProductAndReturnConfirmationMessage()","","2026-09-16","passed","2026-09-16","","io.github.filipchyla.shopapi.product.controller.ProductAdminControllerTest.DeleteProduct","io.github.filipchyla.shopapi.product.controller.ProductAdminControllerTest$DeleteProduct","deleteProduct_ShouldDeleteProductAndReturnConfirmationMessage"
"","320","getProducts_ReturnsBadRequest_WhenSortFieldIsNotAllowed()","","2026-09-16","passed","2026-09-16","","io.github.filipchyla.shopapi.product.ProductIntegrationTest.GetProducts","io.github.filipchyla.shopapi.product.ProductIntegrationTest$GetProducts","getProducts_ReturnsBadRequest_WhenSortFieldIsNotAllowed"
"","8","getCategories_ShouldReturnEmptyArray_WhenNoCategoriesExist()","","2026-09-16","passed","2026-09-16","","io.github.filipchyla.shopapi.product.category.controller.CategoryControllerTest.GetCategories","io.github.filipchyla.shopapi.product.category.controller.CategoryControllerTest$GetCategories","getCategories_ShouldReturnEmptyArray_WhenNoCategoriesExist"
"","478","deleteCategory_ReturnsNotFound_WhenCategoryDoesNotExist()","","2026-09-16","passed","2026-09-16","","io.github.filipchyla.shopapi.product.category.CategoryIntegrationTest.DeleteCategory","io.github.filipchyla.shopapi.product.category.CategoryIntegrationTest$DeleteCategory","deleteCategory_ReturnsNotFound_WhenCategoryDoesNotExist"
"","362","updateProduct_ReassignsCategory_WhenCategoryIdProvided()","","2026-09-16","passed","2026-09-16","","io.github.filipchyla.shopapi.product.ProductIntegrationTest.UpdateProduct","io.github.filipchyla.shopapi.product.ProductIntegrationTest$UpdateProduct","updateProduct_ReassignsCategory_WhenCategoryIdProvided"
"","2","addCategory_ShouldSetParentAndSave_WhenParentIdIsProvided()","","2026-09-16","passed","2026-09-16","","io.github.filipchyla.shopapi.product.category.CategoryServiceTest.AddCategory","io.github.filipchyla.shopapi.product.category.CategoryServiceTest$AddCategory","addCategory_ShouldSetParentAndSave_WhenParentIdIsProvided"
"","1","quantityIfAdded_ShouldReturnSum_WhenProductAlreadyInCart()","","2026-09-16","passed","2026-09-16","","io.github.filipchyla.shopapi.cart.domain.CartDomainTest.CartEntity","io.github.filipchyla.shopapi.cart.domain.CartDomainTest$CartEntity","quantityIfAdded_ShouldReturnSum_WhenProductAlreadyInCart"
"","3","lineTotal_ShouldReturnZero_WhenQuantityIsZero()","","2026-09-16","passed","2026-09-16","","io.github.filipchyla.shopapi.cart.PriceCalculatorTest.LineTotal","io.github.filipchyla.shopapi.cart.PriceCalculatorTest$LineTotal","lineTotal_ShouldReturnZero_WhenQuantityIsZero"
"","2","merge_ShouldPassCorrectProductIdAndQuantity_ForEachGuestItem()","","2026-09-16","passed","2026-09-16","","io.github.filipchyla.shopapi.cart.service.CartMergeServiceTest.HappyPath","io.github.filipchyla.shopapi.cart.service.CartMergeServiceTest$HappyPath","merge_ShouldPassCorrectProductIdAndQuantity_ForEachGuestItem"
"","2","lineTotal_ShouldCalculateCorrectTotal()","","2026-09-16","passed","2026-09-16","","io.github.filipchyla.shopapi.cart.PriceCalculatorTest.LineTotal","io.github.filipchyla.shopapi.cart.PriceCalculatorTest$LineTotal","lineTotal_ShouldCalculateCorrectTotal"
