"DESCRIPTION","DURATION IN MS","NAME","PARENT SUITE","START TIME","STATUS","STOP TIME","SUB SUITE","SUITE","TEST CLASS","TEST METHOD"
"","5","postCategories_IsNotAccessible_WithoutAuthentication()","","2026-09-15","passed","2026-09-15","","io.github.filipchyla.shopapi.config.authorization.CategoryAuthorizationTest","io.github.filipchyla.shopapi.config.authorization.CategoryAuthorizationTest","postCategories_IsNotAccessible_WithoutAuthentication"
"","379","addProduct_CreatesProduct_WhenAdminAndValidRequest()","","2026-09-15","passed","2026-09-15","","io.github.filipchyla.shopapi.product.ProductIntegrationTest.AddProduct","io.github.filipchyla.shopapi.product.ProductIntegrationTest$AddProduct","addProduct_CreatesProduct_WhenAdminAndValidRequest"
"","374","updateCategory_ReturnsNotFound_WhenNewParentDoesNotExist()","","2026-09-15","passed","2026-09-15","","io.github.filipchyla.shopapi.product.category.CategoryIntegrationTest.UpdateCategory","io.github.filipchyla.shopapi.product.category.CategoryIntegrationTest$UpdateCategory","updateCategory_ReturnsNotFound_WhenNewParentDoesNotExist"
"","2","shouldThrowWhenOldTokenDoesNotExist()","","2026-09-15","passed","2026-09-15","","io.github.filipchyla.shopapi.auth.service.RefreshTokenServiceTest.RotateToken","io.github.filipchyla.shopapi.auth.service.RefreshTokenServiceTest$RotateToken","shouldThrowWhenOldTokenDoesNotExist"
"","2","shouldThrowWhenDeserializationFails()","","2026-09-15","passed","2026-09-15","","io.github.filipchyla.shopapi.auth.service.RefreshTokenServiceTest.GetUserIdFromToken","io.github.filipchyla.shopapi.auth.service.RefreshTokenServiceTest$GetUserIdFromToken","shouldThrowWhenDeserializationFails"
"","3","getProducts_ShouldReturnEmptyContent_WhenNoProductsExist()","","2026-09-15","passed","2026-09-15","","io.github.filipchyla.shopapi.product.controller.ProductControllerTest.GetProducts","io.github.filipchyla.shopapi.product.controller.ProductControllerTest$GetProducts","getProducts_ShouldReturnEmptyContent_WhenNoProductsExist"
"","373","deleteCategory_ReturnsForbidden_WhenUserIsNotAdmin()","","2026-09-15","passed","2026-09-15","","io.github.filipchyla.shopapi.product.category.CategoryIntegrationTest.DeleteCategory","io.github.filipchyla.shopapi.product.category.CategoryIntegrationTest$DeleteCategory","deleteCategory_ReturnsForbidden_WhenUserIsNotAdmin"
"","4","register_ShouldReturnBadRequest_WhenEmailIsInvalid()","","2026-09-15","passed","2026-09-15","","io.github.filipchyla.shopapi.auth.AuthenticationControllerTest.RegisterRequestTest","io.github.filipchyla.shopapi.auth.AuthenticationControllerTest$RegisterRequestTest","register_ShouldReturnBadRequest_WhenEmailIsInvalid"
"","2","addItem_ShouldThrowInsufficientStock_WhenRequestedQuantityExceedsStock()","","2026-09-15","passed","2026-09-15","","io.github.filipchyla.shopapi.cart.service.CartServiceTest.AddItem","io.github.filipchyla.shopapi.cart.service.CartServiceTest$AddItem","addItem_ShouldThrowInsufficientStock_WhenRequestedQuantityExceedsStock"
"","368","addCategory_ReturnsNotFound_WhenParentIdDoesNotExist()","","2026-09-15","passed","2026-09-15","","io.github.filipchyla.shopapi.product.category.CategoryIntegrationTest.AddCategory","io.github.filipchyla.shopapi.product.category.CategoryIntegrationTest$AddCategory","addCategory_ReturnsNotFound_WhenParentIdDoesNotExist"
"","7","updateStock_ShouldReturnNotFound_WhenProductDoesNotExist()","","2026-09-15","passed","2026-09-15","","io.github.filipchyla.shopapi.product.controller.ProductAdminControllerTest.UpdateStock","io.github.filipchyla.shopapi.product.controller.ProductAdminControllerTest$UpdateStock","updateStock_ShouldReturnNotFound_WhenProductDoesNotExist"
"","1","doFilterInternal_ShouldNotSetAuthentication_WhenTokenIsInvalid()","","2026-09-15","passed","2026-09-15","","io.github.filipchyla.shopapi.security.filter.JwtAuthenticationFilterTest","io.github.filipchyla.shopapi.security.filter.JwtAuthenticationFilterTest","doFilterInternal_ShouldNotSetAuthentication_WhenTokenIsInvalid"
"","8","addItem_IsAccessible_WithoutAuthentication()","","2026-09-15","passed","2026-09-15","","io.github.filipchyla.shopapi.config.authorization.CartAuthorizationTest","io.github.filipchyla.shopapi.config.authorization.CartAuthorizationTest","addItem_IsAccessible_WithoutAuthentication"
"","368","getProduct_ReturnsProduct_WhenProductExists()","","2026-09-15","passed","2026-09-15","","io.github.filipchyla.shopapi.product.ProductIntegrationTest.GetProduct","io.github.filipchyla.shopapi.product.ProductIntegrationTest$GetProduct","getProduct_ReturnsProduct_WhenProductExists"
"","15","delete_ShouldDeleteCategoryAndReturnsConfirmationMessage()","","2026-09-15","passed","2026-09-15","","io.github.filipchyla.shopapi.product.category.controller.CategoryAdminControllerTest.DeleteCategory","io.github.filipchyla.shopapi.product.category.controller.CategoryAdminControllerTest$DeleteCategory","delete_ShouldDeleteCategoryAndReturnsConfirmationMessage"
"","287","mergeCart_MovesGuestItemsToUserCart_AndClearsCookie()","","2026-09-15","passed","2026-09-15","","io.github.filipchyla.shopapi.cart.CartIntegrationTest.MergeFlow","io.github.filipchyla.shopapi.cart.CartIntegrationTest$MergeFlow","mergeCart_MovesGuestItemsToUserCart_AndClearsCookie"
"","381","addCategory_CreatesSubcategory_WhenParentIdProvided()","","2026-09-15","passed","2026-09-15","","io.github.filipchyla.shopapi.product.category.CategoryIntegrationTest.AddCategory","io.github.filipchyla.shopapi.product.category.CategoryIntegrationTest$AddCategory","addCategory_CreatesSubcategory_WhenParentIdProvided"
"","182","register_SetsRefreshCookieAndReturnsAccessToken_WhenCredentialsAreCorrect()","","2026-09-15","passed","2026-09-15","","io.github.filipchyla.shopapi.auth.AuthIntegrationTest","io.github.filipchyla.shopapi.auth.AuthIntegrationTest","register_SetsRefreshCookieAndReturnsAccessToken_WhenCredentialsAreCorrect"
"","6","addItem_ShouldNotSetCookie_WhenGuestAlreadyHasCartToken()","","2026-09-15","passed","2026-09-15","","io.github.filipchyla.shopapi.cart.CartControllerTest.AddItem","io.github.filipchyla.shopapi.cart.CartControllerTest$AddItem","addItem_ShouldNotSetCookie_WhenGuestAlreadyHasCartToken"
"","360","getProducts_ReturnsBadRequest_WhenSortFieldIsNotAllowed()","","2026-09-15","passed","2026-09-15","","io.github.filipchyla.shopapi.product.ProductIntegrationTest.GetProducts","io.github.filipchyla.shopapi.product.ProductIntegrationTest$GetProducts","getProducts_ReturnsBadRequest_WhenSortFieldIsNotAllowed"
"","2","removeItem_ShouldThrowNotFound_WhenItemDoesNotExist()","","2026-09-15","passed","2026-09-15","","io.github.filipchyla.shopapi.cart.service.CartServiceTest.RemoveItem","io.github.filipchyla.shopapi.cart.service.CartServiceTest$RemoveItem","removeItem_ShouldThrowNotFound_WhenItemDoesNotExist"
"","122","clearCart_ShouldDelegateToCartService_WhenPrincipalIsPresent()","","2026-09-15","passed","2026-09-15","","io.github.filipchyla.shopapi.cart.CartFacadeTest.ClearCart","io.github.filipchyla.shopapi.cart.CartFacadeTest$ClearCart","clearCart_ShouldDelegateToCartService_WhenPrincipalIsPresent"
"","370","addCategory_ReturnsBadRequest_WhenNameIsBlank()","","2026-09-15","passed","2026-09-15","","io.github.filipchyla.shopapi.product.category.CategoryIntegrationTest.AddCategory","io.github.filipchyla.shopapi.product.category.CategoryIntegrationTest$AddCategory","addCategory_ReturnsBadRequest_WhenNameIsBlank"
"","1","doFilterInternal_ShouldNotOverrideExistingAuthentication()","","2026-09-15","passed","2026-09-15","","io.github.filipchyla.shopapi.security.filter.JwtAuthenticationFilterTest","io.github.filipchyla.shopapi.security.filter.JwtAuthenticationFilterTest","doFilterInternal_ShouldNotOverrideExistingAuthentication"
"","373","updateProduct_ReturnsNotFound_WhenNewCategoryDoesNotExist()","","2026-09-15","passed","2026-09-15","","io.github.filipchyla.shopapi.product.ProductIntegrationTest.UpdateProduct","io.github.filipchyla.shopapi.product.ProductIntegrationTest$UpdateProduct","updateProduct_ReturnsNotFound_WhenNewCategoryDoesNotExist"
"","366","addProduct_ReturnsBadRequest_WhenNameIsBlank()","","2026-09-15","passed","2026-09-15","","io.github.filipchyla.shopapi.product.ProductIntegrationTest.AddProduct","io.github.filipchyla.shopapi.product.ProductIntegrationTest$AddProduct","addProduct_ReturnsBadRequest_WhenNameIsBlank"
"","178","login_ShouldReturnUnauthorized_WhenCredentialsAreIncorrect()","","2026-09-15","passed","2026-09-15","","io.github.filipchyla.shopapi.auth.AuthIntegrationTest","io.github.filipchyla.shopapi.auth.AuthIntegrationTest","login_ShouldReturnUnauthorized_WhenCredentialsAreIncorrect"
"","395","deleteProduct_DeletesProduct_WhenAdminAndProductExists()","","2026-09-15","passed","2026-09-15","","io.github.filipchyla.shopapi.product.ProductIntegrationTest.DeleteProduct","io.github.filipchyla.shopapi.product.ProductIntegrationTest$DeleteProduct","deleteProduct_DeletesProduct_WhenAdminAndProductExists"
"","1","validateAddition_ShouldThrowInsufficientStock_WhenRequestedQuantityExceedsAvailableStock()","","2026-09-15","passed","2026-09-15","","io.github.filipchyla.shopapi.cart.CartLimitPolicyTest.ValidateAddition","io.github.filipchyla.shopapi.cart.CartLimitPolicyTest$ValidateAddition","validateAddition_ShouldThrowInsufficientStock_WhenRequestedQuantityExceedsAvailableStock"
"","12","getMe_IsAccessible_WhenAuthenticated()","","2026-09-15","passed","2026-09-15","","io.github.filipchyla.shopapi.config.authorization.UserAuthorizationTest","io.github.filipchyla.shopapi.config.authorization.UserAuthorizationTest","getMe_IsAccessible_WhenAuthenticated"
"","2","deleteProduct_ShouldMarkProductInactive_WhenProductExists()","","2026-09-15","passed","2026-09-15","","io.github.filipchyla.shopapi.product.ProductServiceTest.DeleteProduct","io.github.filipchyla.shopapi.product.ProductServiceTest$DeleteProduct","deleteProduct_ShouldMarkProductInactive_WhenProductExists"
"","178","updateProduct_ShouldPutResultInCache_ForGivenId()","","2026-09-15","passed","2026-09-15","","io.github.filipchyla.shopapi.product.ProductServiceCacheTest.UpdateProduct","io.github.filipchyla.shopapi.product.ProductServiceCacheTest$UpdateProduct","updateProduct_ShouldPutResultInCache_ForGivenId"
"","1","validateAddition_ShouldPass_WhenRequestedQuantityEqualsAvailableStock()","","2026-09-15","passed","2026-09-15","","io.github.filipchyla.shopapi.cart.CartLimitPolicyTest.ValidateAddition","io.github.filipchyla.shopapi.cart.CartLimitPolicyTest$ValidateAddition","validateAddition_ShouldPass_WhenRequestedQuantityEqualsAvailableStock"
"","1","getCategoryById_ShouldThrowNotFound_WhenCategoryDoesNotExists()","","2026-09-15","passed","2026-09-15","","io.github.filipchyla.shopapi.product.category.CategoryServiceTest.GetCategoryById","io.github.filipchyla.shopapi.product.category.CategoryServiceTest$GetCategoryById","getCategoryById_ShouldThrowNotFound_WhenCategoryDoesNotExists"
"","2","addItem_ShouldPassIsNewFalseToPolicy_WhenAddingExistingItem()","","2026-09-15","passed","2026-09-15","","io.github.filipchyla.shopapi.cart.service.CartServiceTest.AddItem","io.github.filipchyla.shopapi.cart.service.CartServiceTest$AddItem","addItem_ShouldPassIsNewFalseToPolicy_WhenAddingExistingItem"
"","4","addItem_ShouldThrowProductNotFound_WhenProductDoesNotExistOrInactive()","","2026-09-15","passed","2026-09-15","","io.github.filipchyla.shopapi.cart.service.GuestCartServiceTest.AddItem","io.github.filipchyla.shopapi.cart.service.GuestCartServiceTest$AddItem","addItem_ShouldThrowProductNotFound_WhenProductDoesNotExistOrInactive"
"","365","updateStock_ReturnsNotFound_WhenProductDoesNotExist()","","2026-09-15","passed","2026-09-15","","io.github.filipchyla.shopapi.product.ProductIntegrationTest.UpdateStock","io.github.filipchyla.shopapi.product.ProductIntegrationTest$UpdateStock","updateStock_ReturnsNotFound_WhenProductDoesNotExist"
"","1","updateCategory_ShouldNotOverrideParent_WhenParentIdIsNull()","","2026-09-15","passed","2026-09-15","","io.github.filipchyla.shopapi.product.category.CategoryServiceTest.UpdateCategory","io.github.filipchyla.shopapi.product.category.CategoryServiceTest$UpdateCategory","updateCategory_ShouldNotOverrideParent_WhenParentIdIsNull"
"","2","getCategoryById_ShouldReturnCategory_WhenItExists()","","2026-09-15","passed","2026-09-15","","io.github.filipchyla.shopapi.product.category.CategoryServiceTest.GetCategoryById","io.github.filipchyla.shopapi.product.category.CategoryServiceTest$GetCategoryById","getCategoryById_ShouldReturnCategory_WhenItExists"
"","2","shouldDoNothingWhenUserHasNoSessions()","","2026-09-15","passed","2026-09-15","","io.github.filipchyla.shopapi.auth.service.RefreshTokenServiceTest.RevokeAllForUser","io.github.filipchyla.shopapi.auth.service.RefreshTokenServiceTest$RevokeAllForUser","shouldDoNothingWhenUserHasNoSessions"
"","154","clearCart_ShouldClearAllItems_WhenCartExists()","","2026-09-15","passed","2026-09-15","","io.github.filipchyla.shopapi.cart.service.CartServiceTest.ClearCart","io.github.filipchyla.shopapi.cart.service.CartServiceTest$ClearCart","clearCart_ShouldClearAllItems_WhenCartExists"
"","422","updateStock_DecreasesQuantity_WhenAdminAndValidRequest()","","2026-09-15","passed","2026-09-15","","io.github.filipchyla.shopapi.product.ProductIntegrationTest.UpdateStock","io.github.filipchyla.shopapi.product.ProductIntegrationTest$UpdateStock","updateStock_DecreasesQuantity_WhenAdminAndValidRequest"
"","2","shouldReturnAccessTokenAndRefreshCookie_whenAuthenticationIsSuccessful()","","2026-09-15","passed","2026-09-15","","io.github.filipchyla.shopapi.auth.AuthenticationFacadeTest.AuthenticateUserAndReturnTokensTest","io.github.filipchyla.shopapi.auth.AuthenticationFacadeTest$AuthenticateUserAndReturnTokensTest","shouldReturnAccessTokenAndRefreshCookie_whenAuthenticationIsSuccessful"
"","2","shouldThrowWhenSerializationFails()","","2026-09-15","passed","2026-09-15","","io.github.filipchyla.shopapi.auth.service.RefreshTokenServiceTest.CreateNewToken","io.github.filipchyla.shopapi.auth.service.RefreshTokenServiceTest$CreateNewToken","shouldThrowWhenSerializationFails"
"","0","quantityIfAdded_ShouldReturnSum_WhenProductAlreadyInCart()","","2026-09-15","passed","2026-09-15","","io.github.filipchyla.shopapi.cart.domain.CartDomainTest.CartEntity","io.github.filipchyla.shopapi.cart.domain.CartDomainTest$CartEntity","quantityIfAdded_ShouldReturnSum_WhenProductAlreadyInCart"
"","3","merge_ShouldSkipItemsThatFailWithConflict_ButStillClearGuestCart()","","2026-09-15","passed","2026-09-15","","io.github.filipchyla.shopapi.cart.service.CartMergeServiceTest.PartialFailure","io.github.filipchyla.shopapi.cart.service.CartMergeServiceTest$PartialFailure","merge_ShouldSkipItemsThatFailWithConflict_ButStillClearGuestCart"
"","2","shouldCreateTokenAndSaveItsData()","","2026-09-15","passed","2026-09-15","","io.github.filipchyla.shopapi.auth.service.RefreshTokenServiceTest.CreateNewToken","io.github.filipchyla.shopapi.auth.service.RefreshTokenServiceTest$CreateNewToken","shouldCreateTokenAndSaveItsData"
"","296","updatePassword_ShouldChangePassword_WhenCurrentPasswordIsCorrect()","","2026-09-15","passed","2026-09-15","","io.github.filipchyla.shopapi.user.UserIntegrationTest","io.github.filipchyla.shopapi.user.UserIntegrationTest","updatePassword_ShouldChangePassword_WhenCurrentPasswordIsCorrect"
"","1","quantityIfAdded_ShouldReturnSum_WhenProductAlreadyInCart()","","2026-09-15","passed","2026-09-15","","io.github.filipchyla.shopapi.cart.domain.CartDomainTest.GuestCartModel","io.github.filipchyla.shopapi.cart.domain.CartDomainTest$GuestCartModel","quantityIfAdded_ShouldReturnSum_WhenProductAlreadyInCart"
"","375","getCategories_DoesNotRequireAuthentication()","","2026-09-15","passed","2026-09-15","","io.github.filipchyla.shopapi.product.category.CategoryIntegrationTest.GetCategories","io.github.filipchyla.shopapi.product.category.CategoryIntegrationTest$GetCategories","getCategories_DoesNotRequireAuthentication"
"","2","removeItem_ShouldRemoveItem_WhenItExists()","","2026-09-15","passed","2026-09-15","","io.github.filipchyla.shopapi.cart.service.CartServiceTest.RemoveItem","io.github.filipchyla.shopapi.cart.service.CartServiceTest$RemoveItem","removeItem_ShouldRemoveItem_WhenItExists"
"","2","validateQuantityUpdate_ShouldThrowInsufficientStock_WhenNewQuantityExceedsStock()","","2026-09-15","passed","2026-09-15","","io.github.filipchyla.shopapi.cart.CartLimitPolicyTest.ValidateQuantityUpdate","io.github.filipchyla.shopapi.cart.CartLimitPolicyTest$ValidateQuantityUpdate","validateQuantityUpdate_ShouldThrowInsufficientStock_WhenNewQuantityExceedsStock"
"","4","updateStock_ShouldPopulateCache_SoSubsequentGetDoesNotHitRepository()","","2026-09-15","passed","2026-09-15","","io.github.filipchyla.shopapi.product.ProductServiceCacheTest.UpdateStock","io.github.filipchyla.shopapi.product.ProductServiceCacheTest$UpdateStock","updateStock_ShouldPopulateCache_SoSubsequentGetDoesNotHitRepository"
"","2","addProduct_ShouldThrowNotFound_WhenCategoryDoesNotExist()","","2026-09-15","passed","2026-09-15","","io.github.filipchyla.shopapi.product.ProductServiceTest.AddProduct","io.github.filipchyla.shopapi.product.ProductServiceTest$AddProduct","addProduct_ShouldThrowNotFound_WhenCategoryDoesNotExist"
"","138","updateCategory_ShouldEvictTreeCache()","","2026-09-15","passed","2026-09-15","","io.github.filipchyla.shopapi.product.category.CategoryServiceCacheTest.UpdateCategory","io.github.filipchyla.shopapi.product.category.CategoryServiceCacheTest$UpdateCategory","updateCategory_ShouldEvictTreeCache"
"","1","getCategoryTree_ShouldReturnEmptyList_WhenNoCategoriesExist()","","2026-09-15","passed","2026-09-15","","io.github.filipchyla.shopapi.product.category.CategoryServiceTest.GetCategoryTree","io.github.filipchyla.shopapi.product.category.CategoryServiceTest$GetCategoryTree","getCategoryTree_ShouldReturnEmptyList_WhenNoCategoriesExist"
"","2","doFilterInternal_ShouldSetAuthentication_WhenTokenIsValid()","","2026-09-15","passed","2026-09-15","","io.github.filipchyla.shopapi.security.filter.JwtAuthenticationFilterTest","io.github.filipchyla.shopapi.security.filter.JwtAuthenticationFilterTest","doFilterInternal_ShouldSetAuthentication_WhenTokenIsValid"
"","6","getMe_ShouldReturnUser_WhenUserExist()","","2026-09-15","passed","2026-09-15","","io.github.filipchyla.shopapi.user.UserControllerTest","io.github.filipchyla.shopapi.user.UserControllerTest","getMe_ShouldReturnUser_WhenUserExist"
"","4","updateProduct_ShouldReturnNotFound_WhenCategoryDoesNotExist()","","2026-09-15","passed","2026-09-15","","io.github.filipchyla.shopapi.product.controller.ProductAdminControllerTest.UpdateProduct","io.github.filipchyla.shopapi.product.controller.ProductAdminControllerTest$UpdateProduct","updateProduct_ShouldReturnNotFound_WhenCategoryDoesNotExist"
"","367","updateStock_ReturnsForbidden_WhenUserIsNotAdmin()","","2026-09-15","passed","2026-09-15","","io.github.filipchyla.shopapi.product.ProductIntegrationTest.UpdateStock","io.github.filipchyla.shopapi.product.ProductIntegrationTest$UpdateStock","updateStock_ReturnsForbidden_WhenUserIsNotAdmin"
"","383","getProduct_ReflectsUpdatedStock_AfterCachePutOnStockUpdate()","","2026-09-15","passed","2026-09-15","","io.github.filipchyla.shopapi.product.ProductIntegrationTest.GetProduct","io.github.filipchyla.shopapi.product.ProductIntegrationTest$GetProduct","getProduct_ReflectsUpdatedStock_AfterCachePutOnStockUpdate"
"","3","logout_ShouldStillClearCookie_WhenCookieMissing()","","2026-09-15","passed","2026-09-15","","io.github.filipchyla.shopapi.auth.AuthenticationControllerTest.LogoutTest","io.github.filipchyla.shopapi.auth.AuthenticationControllerTest$LogoutTest","logout_ShouldStillClearCookie_WhenCookieMissing"
"","16","shouldRemoveOrphanedTokenFromSessionSetDuringEviction()","","2026-09-15","passed","2026-09-15","","io.github.filipchyla.shopapi.auth.service.RefreshTokenServiceTest.CreateNewToken","io.github.filipchyla.shopapi.auth.service.RefreshTokenServiceTest$CreateNewToken","shouldRemoveOrphanedTokenFromSessionSetDuringEviction"
"","5","addItem_ShouldCorrectlyAccumulateQuantity_WhenProductAlreadyExistsInCart()","","2026-09-15","passed","2026-09-15","","io.github.filipchyla.shopapi.cart.service.GuestCartServiceTest.AddItem","io.github.filipchyla.shopapi.cart.service.GuestCartServiceTest$AddItem","addItem_ShouldCorrectlyAccumulateQuantity_WhenProductAlreadyExistsInCart"
"","366","addProduct_ReturnsNotFound_WhenCategoryIdDoesNotExist()","","2026-09-15","passed","2026-09-15","","io.github.filipchyla.shopapi.product.ProductIntegrationTest.AddProduct","io.github.filipchyla.shopapi.product.ProductIntegrationTest$AddProduct","addProduct_ReturnsNotFound_WhenCategoryIdDoesNotExist"
"","61","patchUser_ShouldThrowUserNotFoundException_WhenUserDoesNotExist()","","2026-09-15","passed","2026-09-15","","io.github.filipchyla.shopapi.user.UserServiceTest","io.github.filipchyla.shopapi.user.UserServiceTest","patchUser_ShouldThrowUserNotFoundException_WhenUserDoesNotExist"
"","366","getProducts_FiltersByCategoryId()","","2026-09-15","passed","2026-09-15","","io.github.filipchyla.shopapi.product.ProductIntegrationTest.GetProducts","io.github.filipchyla.shopapi.product.ProductIntegrationTest$GetProducts","getProducts_FiltersByCategoryId"
"","11","cookieBasedEndpoints_ShouldNotReturnForbidden_WhenCsrfTokenPresent(HttpMethod, String) [5] method=DELETE, url=/api/v1/cart/items/*","","2026-09-15","passed","2026-09-15","","io.github.filipchyla.shopapi.config.CsrfConfigurationTest","io.github.filipchyla.shopapi.config.CsrfConfigurationTest","cookieBasedEndpoints_ShouldNotReturnForbidden_WhenCsrfTokenPresent"
"","2","getCategoryTree_ShouldHitRepositoryAgain_AfterCacheIsManuallyCleared()","","2026-09-15","passed","2026-09-15","","io.github.filipchyla.shopapi.product.category.CategoryServiceCacheTest.GetCategoryTree","io.github.filipchyla.shopapi.product.category.CategoryServiceCacheTest$GetCategoryTree","getCategoryTree_ShouldHitRepositoryAgain_AfterCacheIsManuallyCleared"
"","5","cookieBasedEndpoints_ShouldReturnForbidden_WhenCsrfTokenMissing(HttpMethod, String) [4] method=PATCH, url=/api/v1/cart/items/*","","2026-09-15","passed","2026-09-15","","io.github.filipchyla.shopapi.config.CsrfConfigurationTest","io.github.filipchyla.shopapi.config.CsrfConfigurationTest","cookieBasedEndpoints_ShouldReturnForbidden_WhenCsrfTokenMissing"
"","7","patchMe_ShouldReturnUpdatedUser_WhenRequestIsValid()","","2026-09-15","passed","2026-09-15","","io.github.filipchyla.shopapi.user.UserControllerTest","io.github.filipchyla.shopapi.user.UserControllerTest","patchMe_ShouldReturnUpdatedUser_WhenRequestIsValid"
"","3","updateCategory_ShouldThrowNotFound_WhenCategoryDoesNotExist()","","2026-09-15","passed","2026-09-15","","io.github.filipchyla.shopapi.product.category.CategoryServiceTest.UpdateCategory","io.github.filipchyla.shopapi.product.category.CategoryServiceTest$UpdateCategory","updateCategory_ShouldThrowNotFound_WhenCategoryDoesNotExist"
"","14","addItem_ShouldSetCartTokenCookie_WhenGuestHasNoCookieYet()","","2026-09-15","passed","2026-09-15","","io.github.filipchyla.shopapi.cart.CartControllerTest.AddItem","io.github.filipchyla.shopapi.cart.CartControllerTest$AddItem","addItem_ShouldSetCartTokenCookie_WhenGuestHasNoCookieYet"
"","715","mergeCart_ReturnsUnauthorized_WhenNoToken()","","2026-09-15","passed","2026-09-15","","io.github.filipchyla.shopapi.cart.CartIntegrationTest.MergeFlow","io.github.filipchyla.shopapi.cart.CartIntegrationTest$MergeFlow","mergeCart_ReturnsUnauthorized_WhenNoToken"
"","2","isTokenValid_ShouldThrowException_WhenTokenIsExpired()","","2026-09-15","passed","2026-09-15","","io.github.filipchyla.shopapi.auth.service.JwtServiceTest","io.github.filipchyla.shopapi.auth.service.JwtServiceTest","isTokenValid_ShouldThrowException_WhenTokenIsExpired"
"","22","headerBasedEndpoints_ShouldNotRequireCsrf()","","2026-09-15","passed","2026-09-15","","io.github.filipchyla.shopapi.config.CsrfConfigurationTest","io.github.filipchyla.shopapi.config.CsrfConfigurationTest","headerBasedEndpoints_ShouldNotRequireCsrf"
"","6","getProduct_ShouldReturnProduct_WhenProductExists()","","2026-09-15","passed","2026-09-15","","io.github.filipchyla.shopapi.product.controller.ProductControllerTest.GetProduct","io.github.filipchyla.shopapi.product.controller.ProductControllerTest$GetProduct","getProduct_ShouldReturnProduct_WhenProductExists"
"","362","getProducts_DoesNotRequireAuthentication()","","2026-09-15","passed","2026-09-15","","io.github.filipchyla.shopapi.product.ProductIntegrationTest.GetProducts","io.github.filipchyla.shopapi.product.ProductIntegrationTest$GetProducts","getProducts_DoesNotRequireAuthentication"
"","2","deleteProduct_ShouldThrowNotFound_WhenProductDoesNotExist()","","2026-09-15","passed","2026-09-15","","io.github.filipchyla.shopapi.product.ProductServiceTest.DeleteProduct","io.github.filipchyla.shopapi.product.ProductServiceTest$DeleteProduct","deleteProduct_ShouldThrowNotFound_WhenProductDoesNotExist"
"","14","updateItemQuantity_ShouldThrowInsufficientStock_WhenNewQuantityExceedsStock()","","2026-09-15","passed","2026-09-15","","io.github.filipchyla.shopapi.cart.service.GuestCartServiceTest.UpdateAndRemove","io.github.filipchyla.shopapi.cart.service.GuestCartServiceTest$UpdateAndRemove","updateItemQuantity_ShouldThrowInsufficientStock_WhenNewQuantityExceedsStock"
"","2","findProducts_ShouldThrowIllegalArgumentException_WhenMinPriceGreaterThanMaxPrice()","","2026-09-15","passed","2026-09-15","","io.github.filipchyla.shopapi.product.ProductServiceTest.FindProducts","io.github.filipchyla.shopapi.product.ProductServiceTest$FindProducts","findProducts_ShouldThrowIllegalArgumentException_WhenMinPriceGreaterThanMaxPrice"
"","7","getCategories_ShouldReturnEmptyArray_WhenNoCategoriesExist()","","2026-09-15","passed","2026-09-15","","io.github.filipchyla.shopapi.product.category.controller.CategoryControllerTest.GetCategories","io.github.filipchyla.shopapi.product.category.controller.CategoryControllerTest$GetCategories","getCategories_ShouldReturnEmptyArray_WhenNoCategoriesExist"
"","24","patchMe_ShouldUpdateOnlyProvidedFields_WhenRequestIsPartial()","","2026-09-15","passed","2026-09-15","","io.github.filipchyla.shopapi.user.UserControllerTest","io.github.filipchyla.shopapi.user.UserControllerTest","patchMe_ShouldUpdateOnlyProvidedFields_WhenRequestIsPartial"
"","10","addCategory_ShouldReturnNotFound_WhenParentIdDoesNotExist()","","2026-09-15","passed","2026-09-15","","io.github.filipchyla.shopapi.product.category.controller.CategoryAdminControllerTest.AddCategory","io.github.filipchyla.shopapi.product.category.controller.CategoryAdminControllerTest$AddCategory","addCategory_ShouldReturnNotFound_WhenParentIdDoesNotExist"
"","2","getCart_ShouldCreateNewCart_WhenNoneExistsForUser()","","2026-09-15","passed","2026-09-15","","io.github.filipchyla.shopapi.cart.service.CartServiceTest.GetCart","io.github.filipchyla.shopapi.cart.service.CartServiceTest$GetCart","getCart_ShouldCreateNewCart_WhenNoneExistsForUser"
"","1","validateAddition_ShouldPass_WhenWithinQuantityAndDistinctLimitsAndStockSufficient()","","2026-09-15","passed","2026-09-15","","io.github.filipchyla.shopapi.cart.CartLimitPolicyTest.ValidateAddition","io.github.filipchyla.shopapi.cart.CartLimitPolicyTest$ValidateAddition","validateAddition_ShouldPass_WhenWithinQuantityAndDistinctLimitsAndStockSufficient"
"","22","cookieBasedEndpoints_ShouldReturnForbidden_WhenCsrfTokenMissing(HttpMethod, String) [7] method=POST, url=/api/v1/cart/merge","","2026-09-15","passed","2026-09-15","","io.github.filipchyla.shopapi.config.CsrfConfigurationTest","io.github.filipchyla.shopapi.config.CsrfConfigurationTest","cookieBasedEndpoints_ShouldReturnForbidden_WhenCsrfTokenMissing"
"","42","cookieBasedEndpoints_ShouldNotReturnForbidden_WhenCsrfTokenPresent(HttpMethod, String) [2] method=POST, url=/api/v1/auth/logout","","2026-09-15","passed","2026-09-15","","io.github.filipchyla.shopapi.config.CsrfConfigurationTest","io.github.filipchyla.shopapi.config.CsrfConfigurationTest","cookieBasedEndpoints_ShouldNotReturnForbidden_WhenCsrfTokenPresent"
"","3","patchUser_ShouldUpdateUser_WhenUserExists()","","2026-09-15","passed","2026-09-15","","io.github.filipchyla.shopapi.user.UserServiceTest","io.github.filipchyla.shopapi.user.UserServiceTest","patchUser_ShouldUpdateUser_WhenUserExists"
"","92","refresh_ReturnBadRequest_WhenCookieIsMissing()","","2026-09-15","passed","2026-09-15","","io.github.filipchyla.shopapi.auth.AuthIntegrationTest","io.github.filipchyla.shopapi.auth.AuthIntegrationTest","refresh_ReturnBadRequest_WhenCookieIsMissing"
"","368","getProducts_ReturnsAllProducts_WhenNoFiltersApplied()","","2026-09-15","passed","2026-09-15","","io.github.filipchyla.shopapi.product.ProductIntegrationTest.GetProducts","io.github.filipchyla.shopapi.product.ProductIntegrationTest$GetProducts","getProducts_ReturnsAllProducts_WhenNoFiltersApplied"
"","5","shouldRotateTokenAndReturnNewAccessToken_whenRequestIsValid()","","2026-09-15","passed","2026-09-15","","io.github.filipchyla.shopapi.auth.AuthenticationFacadeTest.RefreshTokenTest","io.github.filipchyla.shopapi.auth.AuthenticationFacadeTest$RefreshTokenTest","shouldRotateTokenAndReturnNewAccessToken_whenRequestIsValid"
"","5","cookieBasedEndpoints_ShouldReturnForbidden_WhenCsrfTokenMissing(HttpMethod, String) [5] method=DELETE, url=/api/v1/cart/items/*","","2026-09-15","passed","2026-09-15","","io.github.filipchyla.shopapi.config.CsrfConfigurationTest","io.github.filipchyla.shopapi.config.CsrfConfigurationTest","cookieBasedEndpoints_ShouldReturnForbidden_WhenCsrfTokenMissing"
"","2","shouldNotEvictAnythingWhenSessionLimitIsNotExceeded()","","2026-09-15","passed","2026-09-15","","io.github.filipchyla.shopapi.auth.service.RefreshTokenServiceTest.CreateNewToken","io.github.filipchyla.shopapi.auth.service.RefreshTokenServiceTest$CreateNewToken","shouldNotEvictAnythingWhenSessionLimitIsNotExceeded"
"","4","addProduct_ShouldCreateProductAndReturnMappedResponse_WhenRequestIsValid()","","2026-09-15","passed","2026-09-15","","io.github.filipchyla.shopapi.product.controller.ProductAdminControllerTest.AddProduct","io.github.filipchyla.shopapi.product.controller.ProductAdminControllerTest$AddProduct","addProduct_ShouldCreateProductAndReturnMappedResponse_WhenRequestIsValid"
"","3","clearCart_ShouldDoNothing_WhenTokenIsNull()","","2026-09-15","passed","2026-09-15","","io.github.filipchyla.shopapi.cart.service.GuestCartServiceTest.ClearCart","io.github.filipchyla.shopapi.cart.service.GuestCartServiceTest$ClearCart","clearCart_ShouldDoNothing_WhenTokenIsNull"
"","274","createUser_ShouldThrowEmailTakenException_WhenEmailIsTaken()","","2026-09-15","passed","2026-09-15","","io.github.filipchyla.shopapi.user.UserServiceTest","io.github.filipchyla.shopapi.user.UserServiceTest","createUser_ShouldThrowEmailTakenException_WhenEmailIsTaken"
"","1","quantityIfAdded_ShouldReturnDelta_WhenProductNotInCart()","","2026-09-15","passed","2026-09-15","","io.github.filipchyla.shopapi.cart.domain.CartDomainTest.CartEntity","io.github.filipchyla.shopapi.cart.domain.CartDomainTest$CartEntity","quantityIfAdded_ShouldReturnDelta_WhenProductNotInCart"
"","5","register_ShouldReturnBadRequest_WhenPasswordIsWeak()","","2026-09-15","passed","2026-09-15","","io.github.filipchyla.shopapi.auth.AuthenticationControllerTest.RegisterRequestTest","io.github.filipchyla.shopapi.auth.AuthenticationControllerTest$RegisterRequestTest","register_ShouldReturnBadRequest_WhenPasswordIsWeak"
"","2","removeItem_ShouldDelegateToCartService_WhenAuthenticated()","","2026-09-15","passed","2026-09-15","","io.github.filipchyla.shopapi.cart.CartFacadeTest.RemoveItem","io.github.filipchyla.shopapi.cart.CartFacadeTest$RemoveItem","removeItem_ShouldDelegateToCartService_WhenAuthenticated"
"","3","updateCategory_ShouldThrowNotFound_WhenParentDoesNotExist()","","2026-09-15","passed","2026-09-15","","io.github.filipchyla.shopapi.product.category.CategoryServiceTest.UpdateCategory","io.github.filipchyla.shopapi.product.category.CategoryServiceTest$UpdateCategory","updateCategory_ShouldThrowNotFound_WhenParentDoesNotExist"
"","184","register_ShouldReturnPrincipal_WhenSuccessful()","","2026-09-15","passed","2026-09-15","","io.github.filipchyla.shopapi.auth.service.AuthenticationServiceTest","io.github.filipchyla.shopapi.auth.service.AuthenticationServiceTest","register_ShouldReturnPrincipal_WhenSuccessful"
"","2","getProductById_ShouldThrowNotFound_WhenProductDoesNotExist()","","2026-09-15","passed","2026-09-15","","io.github.filipchyla.shopapi.product.ProductServiceTest.GetProductById","io.github.filipchyla.shopapi.product.ProductServiceTest$GetProductById","getProductById_ShouldThrowNotFound_WhenProductDoesNotExist"
"","2","shouldRevokeTokenAndReturnExpiredCookie_whenTokenIsPresent()","","2026-09-15","passed","2026-09-15","","io.github.filipchyla.shopapi.auth.AuthenticationFacadeTest.RevokeSingleForUserTest","io.github.filipchyla.shopapi.auth.AuthenticationFacadeTest$RevokeSingleForUserTest","shouldRevokeTokenAndReturnExpiredCookie_whenTokenIsPresent"
"","3","deleteProduct_ShouldNotEvictOtherCachedEntries()","","2026-09-15","passed","2026-09-15","","io.github.filipchyla.shopapi.product.ProductServiceCacheTest.DeleteProduct","io.github.filipchyla.shopapi.product.ProductServiceCacheTest$DeleteProduct","deleteProduct_ShouldNotEvictOtherCachedEntries"
"","370","deleteProduct_ReturnsForbidden_WhenUserIsNotAdmin()","","2026-09-15","passed","2026-09-15","","io.github.filipchyla.shopapi.product.ProductIntegrationTest.DeleteProduct","io.github.filipchyla.shopapi.product.ProductIntegrationTest$DeleteProduct","deleteProduct_ReturnsForbidden_WhenUserIsNotAdmin"
"","1","addOrIncreaseItem_ShouldAddNewItem_WhenProductNotInCart()","","2026-09-15","passed","2026-09-15","","io.github.filipchyla.shopapi.cart.domain.CartDomainTest.CartEntity","io.github.filipchyla.shopapi.cart.domain.CartDomainTest$CartEntity","addOrIncreaseItem_ShouldAddNewItem_WhenProductNotInCart"
"","2","doFilterInternal_ShouldThrowClassCastException_WhenCsrfAttributeHasWrongType()","","2026-09-15","passed","2026-09-15","","io.github.filipchyla.shopapi.security.filter.CsrfCookieFilterTest","io.github.filipchyla.shopapi.security.filter.CsrfCookieFilterTest","doFilterInternal_ShouldThrowClassCastException_WhenCsrfAttributeHasWrongType"
"","15","cookieBasedEndpoints_ShouldNotReturnForbidden_WhenCsrfTokenPresent(HttpMethod, String) [6] method=DELETE, url=/api/v1/cart","","2026-09-15","passed","2026-09-15","","io.github.filipchyla.shopapi.config.CsrfConfigurationTest","io.github.filipchyla.shopapi.config.CsrfConfigurationTest","cookieBasedEndpoints_ShouldNotReturnForbidden_WhenCsrfTokenPresent"
"","389","updateProduct_ReassignsCategory_WhenCategoryIdProvided()","","2026-09-15","passed","2026-09-15","","io.github.filipchyla.shopapi.product.ProductIntegrationTest.UpdateProduct","io.github.filipchyla.shopapi.product.ProductIntegrationTest$UpdateProduct","updateProduct_ReassignsCategory_WhenCategoryIdProvided"
"","6","addItem_ShouldReturnBadRequest_WhenQuantityIsZero()","","2026-09-15","passed","2026-09-15","","io.github.filipchyla.shopapi.cart.CartControllerTest.AddItem","io.github.filipchyla.shopapi.cart.CartControllerTest$AddItem","addItem_ShouldReturnBadRequest_WhenQuantityIsZero"
"","9","getProductById_IsAccessible_WithoutAuthentication()","","2026-09-15","passed","2026-09-15","","io.github.filipchyla.shopapi.config.authorization.ProductAuthorizationTest","io.github.filipchyla.shopapi.config.authorization.ProductAuthorizationTest","getProductById_IsAccessible_WithoutAuthentication"
"","3","addItem_ShouldNotReturnNewToken_WhenGuestWithExistingCookieAddsItem()","","2026-09-15","passed","2026-09-15","","io.github.filipchyla.shopapi.cart.CartFacadeTest.AddItem","io.github.filipchyla.shopapi.cart.CartFacadeTest$AddItem","addItem_ShouldNotReturnNewToken_WhenGuestWithExistingCookieAddsItem"
"","2","extractUsername_ShouldThrowException_WhenTokenIsInvalid()","","2026-09-15","passed","2026-09-15","","io.github.filipchyla.shopapi.auth.service.JwtServiceTest","io.github.filipchyla.shopapi.auth.service.JwtServiceTest","extractUsername_ShouldThrowException_WhenTokenIsInvalid"
"","26","cookieBasedEndpoints_ShouldNotReturnForbidden_WhenCsrfTokenPresent(HttpMethod, String) [3] method=POST, url=/api/v1/cart/items","","2026-09-15","passed","2026-09-15","","io.github.filipchyla.shopapi.config.CsrfConfigurationTest","io.github.filipchyla.shopapi.config.CsrfConfigurationTest","cookieBasedEndpoints_ShouldNotReturnForbidden_WhenCsrfTokenPresent"
"","3","addItem_ShouldThrowLimitExceeded_WhenQuantityAboveMax()","","2026-09-15","passed","2026-09-15","","io.github.filipchyla.shopapi.cart.service.GuestCartServiceTest.AddItem","io.github.filipchyla.shopapi.cart.service.GuestCartServiceTest$AddItem","addItem_ShouldThrowLimitExceeded_WhenQuantityAboveMax"
"","513","deleteProduct_ReturnsNotFound_WhenProductDoesNotExist()","","2026-09-15","passed","2026-09-15","","io.github.filipchyla.shopapi.product.ProductIntegrationTest.DeleteProduct","io.github.filipchyla.shopapi.product.ProductIntegrationTest$DeleteProduct","deleteProduct_ReturnsNotFound_WhenProductDoesNotExist"
"","234","addItem_CreatesCookieAndAddsItem_WhenNoCookiePresent()","","2026-09-15","passed","2026-09-15","","io.github.filipchyla.shopapi.cart.CartIntegrationTest.GuestFlow","io.github.filipchyla.shopapi.cart.CartIntegrationTest$GuestFlow","addItem_CreatesCookieAndAddsItem_WhenNoCookiePresent"
"","21","register_ShouldReturnConflict_WhenEmailIsTaken()","","2026-09-15","passed","2026-09-15","","io.github.filipchyla.shopapi.auth.AuthenticationControllerTest.RegisterRequestTest","io.github.filipchyla.shopapi.auth.AuthenticationControllerTest$RegisterRequestTest","register_ShouldReturnConflict_WhenEmailIsTaken"
"","19","cookieBasedEndpoints_ShouldNotReturnForbidden_WhenCsrfTokenPresent(HttpMethod, String) [4] method=PATCH, url=/api/v1/cart/items/*","","2026-09-15","passed","2026-09-15","","io.github.filipchyla.shopapi.config.CsrfConfigurationTest","io.github.filipchyla.shopapi.config.CsrfConfigurationTest","cookieBasedEndpoints_ShouldNotReturnForbidden_WhenCsrfTokenPresent"
"","4","logoutAll_IsNotAccessible_WithoutAuthentication()","","2026-09-15","passed","2026-09-15","","io.github.filipchyla.shopapi.config.authorization.AuthenticationAuthorizationTest","io.github.filipchyla.shopapi.config.authorization.AuthenticationAuthorizationTest","logoutAll_IsNotAccessible_WithoutAuthentication"
"","2","addItem_ShouldAddNewLineItem_WhenProductNotYetInCart()","","2026-09-15","passed","2026-09-15","","io.github.filipchyla.shopapi.cart.service.CartServiceTest.AddItem","io.github.filipchyla.shopapi.cart.service.CartServiceTest$AddItem","addItem_ShouldAddNewLineItem_WhenProductNotYetInCart"
"","4","updateCategory_ShouldOverrideParent_WhenParentIdIsNotNull()","","2026-09-15","passed","2026-09-15","","io.github.filipchyla.shopapi.product.category.CategoryServiceTest.UpdateCategory","io.github.filipchyla.shopapi.product.category.CategoryServiceTest$UpdateCategory","updateCategory_ShouldOverrideParent_WhenParentIdIsNotNull"
"","3","refresh_ShouldReturnBadRequest_WhenCookieMissing()","","2026-09-15","passed","2026-09-15","","io.github.filipchyla.shopapi.auth.AuthenticationControllerTest.RefreshTokenCookieTest","io.github.filipchyla.shopapi.auth.AuthenticationControllerTest$RefreshTokenCookieTest","refresh_ShouldReturnBadRequest_WhenCookieMissing"
"","1","getItems_ShouldReturnUnmodifiableList()","","2026-09-15","passed","2026-09-15","","io.github.filipchyla.shopapi.cart.domain.CartDomainTest.CartEntity","io.github.filipchyla.shopapi.cart.domain.CartDomainTest$CartEntity","getItems_ShouldReturnUnmodifiableList"
"","2","shouldReturnUserId()","","2026-09-15","passed","2026-09-15","","io.github.filipchyla.shopapi.auth.service.RefreshTokenServiceTest.GetUserIdFromToken","io.github.filipchyla.shopapi.auth.service.RefreshTokenServiceTest$GetUserIdFromToken","shouldReturnUserId"
"","3","removeItem_ShouldRemoveItemAndSave_WhenItemExists()","","2026-09-15","passed","2026-09-15","","io.github.filipchyla.shopapi.cart.service.GuestCartServiceTest.UpdateAndRemove","io.github.filipchyla.shopapi.cart.service.GuestCartServiceTest$UpdateAndRemove","removeItem_ShouldRemoveItemAndSave_WhenItemExists"
"","8","createUser_ShouldSaveUser_WhenEmailIsNotTaken()","","2026-09-15","passed","2026-09-15","","io.github.filipchyla.shopapi.user.UserServiceTest","io.github.filipchyla.shopapi.user.UserServiceTest","createUser_ShouldSaveUser_WhenEmailIsNotTaken"
"","7","updateProduct_ShouldUpdateProductAndReturnMappedResponse_WhenRequestIsValid()","","2026-09-15","passed","2026-09-15","","io.github.filipchyla.shopapi.product.controller.ProductAdminControllerTest.UpdateProduct","io.github.filipchyla.shopapi.product.controller.ProductAdminControllerTest$UpdateProduct","updateProduct_ShouldUpdateProductAndReturnMappedResponse_WhenRequestIsValid"
"","4","shouldRevokeOldTokenAndCreateNewTokenInSameFamily()","","2026-09-15","passed","2026-09-15","","io.github.filipchyla.shopapi.auth.service.RefreshTokenServiceTest.RotateToken","io.github.filipchyla.shopapi.auth.service.RefreshTokenServiceTest$RotateToken","shouldRevokeOldTokenAndCreateNewTokenInSameFamily"
"","13","updateProduct_ShouldReturnNotFound_WhenProductDoesNotExist()","","2026-09-15","passed","2026-09-15","","io.github.filipchyla.shopapi.product.controller.ProductAdminControllerTest.UpdateProduct","io.github.filipchyla.shopapi.product.controller.ProductAdminControllerTest$UpdateProduct","updateProduct_ShouldReturnNotFound_WhenProductDoesNotExist"
"","367","addCategory_ReturnsForbidden_WhenUserIsNotAdmin()","","2026-09-15","passed","2026-09-15","","io.github.filipchyla.shopapi.product.category.CategoryIntegrationTest.AddCategory","io.github.filipchyla.shopapi.product.category.CategoryIntegrationTest$AddCategory","addCategory_ReturnsForbidden_WhenUserIsNotAdmin"
"","6","refresh_ShouldReturnUnauthorized_WhenCookieIsWrongOrExpired()","","2026-09-15","passed","2026-09-15","","io.github.filipchyla.shopapi.auth.AuthenticationControllerTest.RefreshTokenCookieTest","io.github.filipchyla.shopapi.auth.AuthenticationControllerTest$RefreshTokenCookieTest","refresh_ShouldReturnUnauthorized_WhenCookieIsWrongOrExpired"
"","91","shouldRevokeAllTokensForUserAndReturnExpiredCookie()","","2026-09-15","passed","2026-09-15","","io.github.filipchyla.shopapi.auth.AuthenticationFacadeTest.RevokeAllTokensForUserTest","io.github.filipchyla.shopapi.auth.AuthenticationFacadeTest$RevokeAllTokensForUserTest","shouldRevokeAllTokensForUserAndReturnExpiredCookie"
"","2","addItem_ShouldNotReturnNewToken_WhenAuthenticatedUserAddsItem()","","2026-09-15","passed","2026-09-15","","io.github.filipchyla.shopapi.cart.CartFacadeTest.AddItem","io.github.filipchyla.shopapi.cart.CartFacadeTest$AddItem","addItem_ShouldNotReturnNewToken_WhenAuthenticatedUserAddsItem"
"","440","getProducts_FiltersByPriceRange()","","2026-09-15","passed","2026-09-15","","io.github.filipchyla.shopapi.product.ProductIntegrationTest.GetProducts","io.github.filipchyla.shopapi.product.ProductIntegrationTest$GetProducts","getProducts_FiltersByPriceRange"
"","1","extractUsername_ShouldReturnCorrectUsername()","","2026-09-15","passed","2026-09-15","","io.github.filipchyla.shopapi.auth.service.JwtServiceTest","io.github.filipchyla.shopapi.auth.service.JwtServiceTest","extractUsername_ShouldReturnCorrectUsername"
"","519","deleteCategory_ReturnsNotFound_WhenCategoryDoesNotExist()","","2026-09-15","passed","2026-09-15","","io.github.filipchyla.shopapi.product.category.CategoryIntegrationTest.DeleteCategory","io.github.filipchyla.shopapi.product.category.CategoryIntegrationTest$DeleteCategory","deleteCategory_ReturnsNotFound_WhenCategoryDoesNotExist"
"","6","addItem_ShouldReturnBadRequest_WhenProductIdIsNull()","","2026-09-15","passed","2026-09-15","","io.github.filipchyla.shopapi.cart.CartControllerTest.AddItem","io.github.filipchyla.shopapi.cart.CartControllerTest$AddItem","addItem_ShouldReturnBadRequest_WhenProductIdIsNull"
"","2","totalPrice_ShouldReturnZero_WhenItemListIsEmpty()","","2026-09-15","passed","2026-09-15","","io.github.filipchyla.shopapi.cart.PriceCalculatorTest.TotalPrice","io.github.filipchyla.shopapi.cart.PriceCalculatorTest$TotalPrice","totalPrice_ShouldReturnZero_WhenItemListIsEmpty"
"","6","refresh_ShouldRotateTokenAndReturnNewAccessToken_WhenRequestIsValid()","","2026-09-15","passed","2026-09-15","","io.github.filipchyla.shopapi.auth.AuthenticationControllerTest.RefreshTokenCookieTest","io.github.filipchyla.shopapi.auth.AuthenticationControllerTest$RefreshTokenCookieTest","refresh_ShouldRotateTokenAndReturnNewAccessToken_WhenRequestIsValid"
"","1","shouldReturnAccessTokenAndRefreshCookie_whenRegisterIsSuccessful()","","2026-09-15","passed","2026-09-15","","io.github.filipchyla.shopapi.auth.AuthenticationFacadeTest.RegisterUserAndReturnTokensTest","io.github.filipchyla.shopapi.auth.AuthenticationFacadeTest$RegisterUserAndReturnTokensTest","shouldReturnAccessTokenAndRefreshCookie_whenRegisterIsSuccessful"
"","276","register_ShouldReturnConflict_WhenEmailAlreadyUsed()","","2026-09-15","passed","2026-09-15","","io.github.filipchyla.shopapi.auth.AuthIntegrationTest","io.github.filipchyla.shopapi.auth.AuthIntegrationTest","register_ShouldReturnConflict_WhenEmailAlreadyUsed"
"","4","getCart_ShouldReturnCart_ForGuestWithExistingCookie()","","2026-09-15","passed","2026-09-15","","io.github.filipchyla.shopapi.cart.CartControllerTest.GetCart","io.github.filipchyla.shopapi.cart.CartControllerTest$GetCart","getCart_ShouldReturnCart_ForGuestWithExistingCookie"
"","4","updateStock_ReturnsForbidden_WhenUser()","","2026-09-15","passed","2026-09-15","","io.github.filipchyla.shopapi.config.authorization.ProductAuthorizationTest","io.github.filipchyla.shopapi.config.authorization.ProductAuthorizationTest","updateStock_ReturnsForbidden_WhenUser"
"","367","updateProduct_ReturnsNotFound_WhenProductDoesNotExist()","","2026-09-15","passed","2026-09-15","","io.github.filipchyla.shopapi.product.ProductIntegrationTest.UpdateProduct","io.github.filipchyla.shopapi.product.ProductIntegrationTest$UpdateProduct","updateProduct_ReturnsNotFound_WhenProductDoesNotExist"
"","4","getCart_ShouldReturnMappedCart_WhenCartExists()","","2026-09-15","passed","2026-09-15","","io.github.filipchyla.shopapi.cart.service.GuestCartServiceTest.GetCart","io.github.filipchyla.shopapi.cart.service.GuestCartServiceTest$GetCart","getCart_ShouldReturnMappedCart_WhenCartExists"
"","2","merge_ShouldReturnCurrentCart_WhenNoCartTokenPresent()","","2026-09-15","passed","2026-09-15","","io.github.filipchyla.shopapi.cart.service.CartMergeServiceTest.NoGuestToken","io.github.filipchyla.shopapi.cart.service.CartMergeServiceTest$NoGuestToken","merge_ShouldReturnCurrentCart_WhenNoCartTokenPresent"
"","31","postCategories_IsAccessible_WhenAdmin()","","2026-09-15","passed","2026-09-15","","io.github.filipchyla.shopapi.config.authorization.CategoryAuthorizationTest","io.github.filipchyla.shopapi.config.authorization.CategoryAuthorizationTest","postCategories_IsAccessible_WhenAdmin"
"","1","changePassword_ShouldThrowException_WhenCurrentPasswordIsIncorrect()","","2026-09-15","passed","2026-09-15","","io.github.filipchyla.shopapi.auth.service.AuthenticationServiceTest","io.github.filipchyla.shopapi.auth.service.AuthenticationServiceTest","changePassword_ShouldThrowException_WhenCurrentPasswordIsIncorrect"
"","8","register_ShouldReturnBadRequest_WhenBodyInvalid()","","2026-09-15","passed","2026-09-15","","io.github.filipchyla.shopapi.auth.AuthenticationControllerTest.RegisterRequestTest","io.github.filipchyla.shopapi.auth.AuthenticationControllerTest$RegisterRequestTest","register_ShouldReturnBadRequest_WhenBodyInvalid"
"","1","findProducts_ShouldReturnPage_WhenFiltersAreValid()","","2026-09-15","passed","2026-09-15","","io.github.filipchyla.shopapi.product.ProductServiceTest.FindProducts","io.github.filipchyla.shopapi.product.ProductServiceTest$FindProducts","findProducts_ShouldReturnPage_WhenFiltersAreValid"
"","11","getCategories_ShouldMapNestedTreeToJson_WhenCategoriesHaveDepth()","","2026-09-15","passed","2026-09-15","","io.github.filipchyla.shopapi.product.category.controller.CategoryControllerTest.GetCategories","io.github.filipchyla.shopapi.product.category.controller.CategoryControllerTest$GetCategories","getCategories_ShouldMapNestedTreeToJson_WhenCategoriesHaveDepth"
"","517","updateMe_ShouldUpdateUser_WhenUserExists()","","2026-09-15","passed","2026-09-15","","io.github.filipchyla.shopapi.user.UserIntegrationTest","io.github.filipchyla.shopapi.user.UserIntegrationTest","updateMe_ShouldUpdateUser_WhenUserExists"
"","1","validateAddition_ShouldPass_WhenExistingItemInFullCart()","","2026-09-15","passed","2026-09-15","","io.github.filipchyla.shopapi.cart.CartLimitPolicyTest.ValidateAddition","io.github.filipchyla.shopapi.cart.CartLimitPolicyTest$ValidateAddition","validateAddition_ShouldPass_WhenExistingItemInFullCart"
"","373","deleteCategory_ReturnsUnauthorized_WhenNoTokenProvided()","","2026-09-15","passed","2026-09-15","","io.github.filipchyla.shopapi.product.category.CategoryIntegrationTest.DeleteCategory","io.github.filipchyla.shopapi.product.category.CategoryIntegrationTest$DeleteCategory","deleteCategory_ReturnsUnauthorized_WhenNoTokenProvided"
"","20","updateItemQuantity_ShouldReturnBadRequest_WhenQuantityIsZeroOrNegative()","","2026-09-15","passed","2026-09-15","","io.github.filipchyla.shopapi.cart.CartControllerTest.UpdateItemQuantity","io.github.filipchyla.shopapi.cart.CartControllerTest$UpdateItemQuantity","updateItemQuantity_ShouldReturnBadRequest_WhenQuantityIsZeroOrNegative"
"","102","getMe_ShouldReturnCurrentUser()","","2026-09-15","passed","2026-09-15","","io.github.filipchyla.shopapi.user.UserIntegrationTest","io.github.filipchyla.shopapi.user.UserIntegrationTest","getMe_ShouldReturnCurrentUser"
"","1","addOrIncreaseItem_ShouldUpdateQuantity_WhenProductAlreadyInCart()","","2026-09-15","passed","2026-09-15","","io.github.filipchyla.shopapi.cart.domain.CartDomainTest.CartEntity","io.github.filipchyla.shopapi.cart.domain.CartDomainTest$CartEntity","addOrIncreaseItem_ShouldUpdateQuantity_WhenProductAlreadyInCart"
"","1","lineTotal_ShouldCalculateCorrectTotal()","","2026-09-15","passed","2026-09-15","","io.github.filipchyla.shopapi.cart.PriceCalculatorTest.LineTotal","io.github.filipchyla.shopapi.cart.PriceCalculatorTest$LineTotal","lineTotal_ShouldCalculateCorrectTotal"
"","382","addCategory_EvictsTreeCache_SoNewCategoryIsVisibleImmediately()","","2026-09-15","passed","2026-09-15","","io.github.filipchyla.shopapi.product.category.CategoryIntegrationTest.AddCategory","io.github.filipchyla.shopapi.product.category.CategoryIntegrationTest$AddCategory","addCategory_EvictsTreeCache_SoNewCategoryIsVisibleImmediately"
"","6","deleteProduct_ShouldDeleteProductAndReturnConfirmationMessage()","","2026-09-15","passed","2026-09-15","","io.github.filipchyla.shopapi.product.controller.ProductAdminControllerTest.DeleteProduct","io.github.filipchyla.shopapi.product.controller.ProductAdminControllerTest$DeleteProduct","deleteProduct_ShouldDeleteProductAndReturnConfirmationMessage"
"","8","deleteCategory_IsAccessible_WhenAdmin()","","2026-09-15","passed","2026-09-15","","io.github.filipchyla.shopapi.config.authorization.CategoryAuthorizationTest","io.github.filipchyla.shopapi.config.authorization.CategoryAuthorizationTest","deleteCategory_IsAccessible_WhenAdmin"
"","7","changePassword_IsAccessible_WhenAuthenticated()","","2026-09-15","passed","2026-09-15","","io.github.filipchyla.shopapi.config.authorization.UserAuthorizationTest","io.github.filipchyla.shopapi.config.authorization.UserAuthorizationTest","changePassword_IsAccessible_WhenAuthenticated"
"","15","cookieBasedEndpoints_ShouldReturnForbidden_WhenCsrfTokenMissing(HttpMethod, String) [1] method=POST, url=/api/v1/auth/refresh","","2026-09-15","passed","2026-09-15","","io.github.filipchyla.shopapi.config.CsrfConfigurationTest","io.github.filipchyla.shopapi.config.CsrfConfigurationTest","cookieBasedEndpoints_ShouldReturnForbidden_WhenCsrfTokenMissing"
"","9","addProduct_ShouldReturnNotFound_WhenCategoryDoesNotExist()","","2026-09-15","passed","2026-09-15","","io.github.filipchyla.shopapi.product.controller.ProductAdminControllerTest.AddProduct","io.github.filipchyla.shopapi.product.controller.ProductAdminControllerTest$AddProduct","addProduct_ShouldReturnNotFound_WhenCategoryDoesNotExist"
"","7","update_ShouldUpdateCategoryAndReturnsMappedResponse_WhenRequestIsValid()","","2026-09-15","passed","2026-09-15","","io.github.filipchyla.shopapi.product.category.controller.CategoryAdminControllerTest.UpdateCategory","io.github.filipchyla.shopapi.product.category.controller.CategoryAdminControllerTest$UpdateCategory","update_ShouldUpdateCategoryAndReturnsMappedResponse_WhenRequestIsValid"
"","378","updateCategory_ReassignsParent_WhenParentIdProvided()","","2026-09-15","passed","2026-09-15","","io.github.filipchyla.shopapi.product.category.CategoryIntegrationTest.UpdateCategory","io.github.filipchyla.shopapi.product.category.CategoryIntegrationTest$UpdateCategory","updateCategory_ReassignsParent_WhenParentIdProvided"
"","1","merge_ShouldPassCorrectProductIdAndQuantity_ForEachGuestItem()","","2026-09-15","passed","2026-09-15","","io.github.filipchyla.shopapi.cart.service.CartMergeServiceTest.HappyPath","io.github.filipchyla.shopapi.cart.service.CartMergeServiceTest$HappyPath","merge_ShouldPassCorrectProductIdAndQuantity_ForEachGuestItem"
"","2","merge_ShouldAddAllItemsAndClearGuestCart_WhenEverythingSucceeds()","","2026-09-15","passed","2026-09-15","","io.github.filipchyla.shopapi.cart.service.CartMergeServiceTest.HappyPath","io.github.filipchyla.shopapi.cart.service.CartMergeServiceTest$HappyPath","merge_ShouldAddAllItemsAndClearGuestCart_WhenEverythingSucceeds"
"","5","register_ShouldReturnAccessTokenAndSetRefreshCookie_WhenRequestIsValid()","","2026-09-15","passed","2026-09-15","","io.github.filipchyla.shopapi.auth.AuthenticationControllerTest.RegisterRequestTest","io.github.filipchyla.shopapi.auth.AuthenticationControllerTest$RegisterRequestTest","register_ShouldReturnAccessTokenAndSetRefreshCookie_WhenRequestIsValid"
"","2","findProducts_ShouldReturnPage_WhenPriceBoundsAreNull()","","2026-09-15","passed","2026-09-15","","io.github.filipchyla.shopapi.product.ProductServiceTest.FindProducts","io.github.filipchyla.shopapi.product.ProductServiceTest$FindProducts","findProducts_ShouldReturnPage_WhenPriceBoundsAreNull"
"","96","doFilterInternal_ShouldReturnUnauthorized_WhenTokenIsInvalidJwt()","","2026-09-15","passed","2026-09-15","","io.github.filipchyla.shopapi.security.filter.JwtAuthenticationFilterTest","io.github.filipchyla.shopapi.security.filter.JwtAuthenticationFilterTest","doFilterInternal_ShouldReturnUnauthorized_WhenTokenIsInvalidJwt"
"","3","updateItemQuantity_ShouldThrowProductNotFound_WhenProductDoesNotExist()","","2026-09-15","passed","2026-09-15","","io.github.filipchyla.shopapi.cart.service.GuestCartServiceTest.UpdateAndRemove","io.github.filipchyla.shopapi.cart.service.GuestCartServiceTest$UpdateAndRemove","updateItemQuantity_ShouldThrowProductNotFound_WhenProductDoesNotExist"
"","2","updateItemQuantity_ShouldThrowNotFound_WhenItemNotInCart()","","2026-09-15","passed","2026-09-15","","io.github.filipchyla.shopapi.cart.service.CartServiceTest.UpdateItemQuantity","io.github.filipchyla.shopapi.cart.service.CartServiceTest$UpdateItemQuantity","updateItemQuantity_ShouldThrowNotFound_WhenItemNotInCart"
"","3","addItem_ShouldStoreItem_WhenValid()","","2026-09-15","passed","2026-09-15","","io.github.filipchyla.shopapi.cart.service.GuestCartServiceTest.AddItem","io.github.filipchyla.shopapi.cart.service.GuestCartServiceTest$AddItem","addItem_ShouldStoreItem_WhenValid"
"","2","isTokenValid_ShouldReturnFalse_WhenUsernameDoesNotMatch()","","2026-09-15","passed","2026-09-15","","io.github.filipchyla.shopapi.auth.service.JwtServiceTest","io.github.filipchyla.shopapi.auth.service.JwtServiceTest","isTokenValid_ShouldReturnFalse_WhenUsernameDoesNotMatch"
"","3","getUserEntity_ShouldReturnUserEntity_WhenUserExists()","","2026-09-15","passed","2026-09-15","","io.github.filipchyla.shopapi.user.UserServiceTest","io.github.filipchyla.shopapi.user.UserServiceTest","getUserEntity_ShouldReturnUserEntity_WhenUserExists"
"","4","mergeCart_IsNotAccessible_WithoutAuthentication()","","2026-09-15","passed","2026-09-15","","io.github.filipchyla.shopapi.config.authorization.CartAuthorizationTest","io.github.filipchyla.shopapi.config.authorization.CartAuthorizationTest","mergeCart_IsNotAccessible_WithoutAuthentication"
"","2","shouldPropagateException_whenRefreshTokenIsInvalidOrExpired()","","2026-09-15","passed","2026-09-15","","io.github.filipchyla.shopapi.auth.AuthenticationFacadeTest.RefreshTokenTest","io.github.filipchyla.shopapi.auth.AuthenticationFacadeTest$RefreshTokenTest","shouldPropagateException_whenRefreshTokenIsInvalidOrExpired"
"","1","validateAddition_ShouldThrowLimitExceeded_WhenRequestedQuantityExceedsMaxPerItem()","","2026-09-15","passed","2026-09-15","","io.github.filipchyla.shopapi.cart.CartLimitPolicyTest.ValidateAddition","io.github.filipchyla.shopapi.cart.CartLimitPolicyTest$ValidateAddition","validateAddition_ShouldThrowLimitExceeded_WhenRequestedQuantityExceedsMaxPerItem"
"","3","deleteCategory_ShouldThrowAndNotEvictCache_WhenCategoryDoesNotExist()","","2026-09-15","passed","2026-09-15","","io.github.filipchyla.shopapi.product.category.CategoryServiceCacheTest.DeleteCategory","io.github.filipchyla.shopapi.product.category.CategoryServiceCacheTest$DeleteCategory","deleteCategory_ShouldThrowAndNotEvictCache_WhenCategoryDoesNotExist"
"","2","getProductById_ShouldCacheSeparateEntries_ForDifferentIds()","","2026-09-15","passed","2026-09-15","","io.github.filipchyla.shopapi.product.ProductServiceCacheTest.GetProductById","io.github.filipchyla.shopapi.product.ProductServiceCacheTest$GetProductById","getProductById_ShouldCacheSeparateEntries_ForDifferentIds"
"","7","clearCart_ShouldReturnNoContentAndClearCookie()","","2026-09-15","passed","2026-09-15","","io.github.filipchyla.shopapi.cart.CartControllerTest.ClearCart","io.github.filipchyla.shopapi.cart.CartControllerTest$ClearCart","clearCart_ShouldReturnNoContentAndClearCookie"
"","193","updatePassword_ShouldReturnError_WhenCurrentPasswordIsIncorrect()","","2026-09-15","passed","2026-09-15","","io.github.filipchyla.shopapi.user.UserIntegrationTest","io.github.filipchyla.shopapi.user.UserIntegrationTest","updatePassword_ShouldReturnError_WhenCurrentPasswordIsIncorrect"
"","6","clearCart_IsAccessible_WithoutAuthentication()","","2026-09-15","passed","2026-09-15","","io.github.filipchyla.shopapi.config.authorization.CartAuthorizationTest","io.github.filipchyla.shopapi.config.authorization.CartAuthorizationTest","clearCart_IsAccessible_WithoutAuthentication"
"","2","removeItem_ShouldDelegateToGuestCartService_WhenGuest()","","2026-09-15","passed","2026-09-15","","io.github.filipchyla.shopapi.cart.CartFacadeTest.RemoveItem","io.github.filipchyla.shopapi.cart.CartFacadeTest$RemoveItem","removeItem_ShouldDelegateToGuestCartService_WhenGuest"
"","1","doFilterInternal_ShouldContinueChainWithoutAuthentication_WhenHeaderIsNotBearer()","","2026-09-15","passed","2026-09-15","","io.github.filipchyla.shopapi.security.filter.JwtAuthenticationFilterTest","io.github.filipchyla.shopapi.security.filter.JwtAuthenticationFilterTest","doFilterInternal_ShouldContinueChainWithoutAuthentication_WhenHeaderIsNotBearer"
"","9","updateItemQuantity_ShouldReturnOk_WhenValidQuantityProvided()","","2026-09-15","passed","2026-09-15","","io.github.filipchyla.shopapi.cart.CartControllerTest.UpdateItemQuantity","io.github.filipchyla.shopapi.cart.CartControllerTest$UpdateItemQuantity","updateItemQuantity_ShouldReturnOk_WhenValidQuantityProvided"
"","5","changePassword_IsNotAccessible_WithoutAuthentication()","","2026-09-15","passed","2026-09-15","","io.github.filipchyla.shopapi.config.authorization.UserAuthorizationTest","io.github.filipchyla.shopapi.config.authorization.UserAuthorizationTest","changePassword_IsNotAccessible_WithoutAuthentication"
"","5","deleteCategory_ReturnsForbidden_WhenUser()","","2026-09-15","passed","2026-09-15","","io.github.filipchyla.shopapi.config.authorization.CategoryAuthorizationTest","io.github.filipchyla.shopapi.config.authorization.CategoryAuthorizationTest","deleteCategory_ReturnsForbidden_WhenUser"
"","371","updateProduct_ReturnsForbidden_WhenUserIsNotAdmin()","","2026-09-15","passed","2026-09-15","","io.github.filipchyla.shopapi.product.ProductIntegrationTest.UpdateProduct","io.github.filipchyla.shopapi.product.ProductIntegrationTest$UpdateProduct","updateProduct_ReturnsForbidden_WhenUserIsNotAdmin"
"","4","updateItemQuantity_ShouldUpdateQuantity_WhenItemExists()","","2026-09-15","passed","2026-09-15","","io.github.filipchyla.shopapi.cart.service.GuestCartServiceTest.UpdateAndRemove","io.github.filipchyla.shopapi.cart.service.GuestCartServiceTest$UpdateAndRemove","updateItemQuantity_ShouldUpdateQuantity_WhenItemExists"
"","8","authenticate_ShouldReturnUnauthorized_WhenCredentialsAreWrong()","","2026-09-15","passed","2026-09-15","","io.github.filipchyla.shopapi.auth.AuthenticationControllerTest.AuthenticationRequestTest","io.github.filipchyla.shopapi.auth.AuthenticationControllerTest$AuthenticationRequestTest","authenticate_ShouldReturnUnauthorized_WhenCredentialsAreWrong"
"","3","shouldRevokeFamilyWhenOldTokenIsNotFamilyHead()","","2026-09-15","passed","2026-09-15","","io.github.filipchyla.shopapi.auth.service.RefreshTokenServiceTest.RotateToken","io.github.filipchyla.shopapi.auth.service.RefreshTokenServiceTest$RotateToken","shouldRevokeFamilyWhenOldTokenIsNotFamilyHead"
"","1","doFilterInternal_ShouldContinueChainWithoutAuthentication_WhenNoAuthorizationHeader()","","2026-09-15","passed","2026-09-15","","io.github.filipchyla.shopapi.security.filter.JwtAuthenticationFilterTest","io.github.filipchyla.shopapi.security.filter.JwtAuthenticationFilterTest","doFilterInternal_ShouldContinueChainWithoutAuthentication_WhenNoAuthorizationHeader"
"","2","addCategory_ShouldSetParentAndSave_WhenParentIdIsProvided()","","2026-09-15","passed","2026-09-15","","io.github.filipchyla.shopapi.product.category.CategoryServiceTest.AddCategory","io.github.filipchyla.shopapi.product.category.CategoryServiceTest$AddCategory","addCategory_ShouldSetParentAndSave_WhenParentIdIsProvided"
"","8","cookieBasedEndpoints_ShouldNotReturnForbidden_WhenCsrfTokenPresent(HttpMethod, String) [7] method=POST, url=/api/v1/cart/merge","","2026-09-15","passed","2026-09-15","","io.github.filipchyla.shopapi.config.CsrfConfigurationTest","io.github.filipchyla.shopapi.config.CsrfConfigurationTest","cookieBasedEndpoints_ShouldNotReturnForbidden_WhenCsrfTokenPresent"
"","2","addItem_ShouldIncreaseQuantity_WhenProductAlreadyInCart()","","2026-09-15","passed","2026-09-15","","io.github.filipchyla.shopapi.cart.service.CartServiceTest.AddItem","io.github.filipchyla.shopapi.cart.service.CartServiceTest$AddItem","addItem_ShouldIncreaseQuantity_WhenProductAlreadyInCart"
"","373","updateCategory_ReturnsForbidden_WhenUserIsNotAdmin()","","2026-09-15","passed","2026-09-15","","io.github.filipchyla.shopapi.product.category.CategoryIntegrationTest.UpdateCategory","io.github.filipchyla.shopapi.product.category.CategoryIntegrationTest$UpdateCategory","updateCategory_ReturnsForbidden_WhenUserIsNotAdmin"
"","183","deleteMe_ShouldDeactivateCurrentUser()","","2026-09-15","passed","2026-09-15","","io.github.filipchyla.shopapi.user.UserIntegrationTest","io.github.filipchyla.shopapi.user.UserIntegrationTest","deleteMe_ShouldDeactivateCurrentUser"
"","1","validateAddition_ShouldPass_WhenRequestedQuantityEqualsMaxPerItem()","","2026-09-15","passed","2026-09-15","","io.github.filipchyla.shopapi.cart.CartLimitPolicyTest.ValidateAddition","io.github.filipchyla.shopapi.cart.CartLimitPolicyTest$ValidateAddition","validateAddition_ShouldPass_WhenRequestedQuantityEqualsMaxPerItem"
"","9","updateStock_IsAccessible_WhenAdmin()","","2026-09-15","passed","2026-09-15","","io.github.filipchyla.shopapi.config.authorization.ProductAuthorizationTest","io.github.filipchyla.shopapi.config.authorization.ProductAuthorizationTest","updateStock_IsAccessible_WhenAdmin"
"","3","addItem_ShouldReturnNewCartToken_WhenGuestWithoutCookieAddsItem()","","2026-09-15","passed","2026-09-15","","io.github.filipchyla.shopapi.cart.CartFacadeTest.AddItem","io.github.filipchyla.shopapi.cart.CartFacadeTest$AddItem","addItem_ShouldReturnNewCartToken_WhenGuestWithoutCookieAddsItem"
"","2","shouldDeleteTokenSessionAndFamily()","","2026-09-15","passed","2026-09-15","","io.github.filipchyla.shopapi.auth.service.RefreshTokenServiceTest.RevokeToken","io.github.filipchyla.shopapi.auth.service.RefreshTokenServiceTest$RevokeToken","shouldDeleteTokenSessionAndFamily"
"","3","authenticate_ShouldReturnAccessTokenAndSetRefreshCookie_WhenRequestIsValid()","","2026-09-15","passed","2026-09-15","","io.github.filipchyla.shopapi.auth.AuthenticationControllerTest.AuthenticationRequestTest","io.github.filipchyla.shopapi.auth.AuthenticationControllerTest$AuthenticationRequestTest","authenticate_ShouldReturnAccessTokenAndSetRefreshCookie_WhenRequestIsValid"
"","5","getUser_ShouldReturnUser_WhenUserExists()","","2026-09-15","passed","2026-09-15","","io.github.filipchyla.shopapi.user.UserServiceTest","io.github.filipchyla.shopapi.user.UserServiceTest","getUser_ShouldReturnUser_WhenUserExists"
"","375","updateCategory_KeepsExistingName_WhenNameIsNull()","","2026-09-15","passed","2026-09-15","","io.github.filipchyla.shopapi.product.category.CategoryIntegrationTest.UpdateCategory","io.github.filipchyla.shopapi.product.category.CategoryIntegrationTest$UpdateCategory","updateCategory_KeepsExistingName_WhenNameIsNull"
"","1","getCategoryTree_ShouldHandlesMultipleRootsWithSeparateSubtrees()","","2026-09-15","passed","2026-09-15","","io.github.filipchyla.shopapi.product.category.CategoryServiceTest.GetCategoryTree","io.github.filipchyla.shopapi.product.category.CategoryServiceTest$GetCategoryTree","getCategoryTree_ShouldHandlesMultipleRootsWithSeparateSubtrees"
"","2","shouldThrowWhenTokenDoesNotExist()","","2026-09-15","passed","2026-09-15","","io.github.filipchyla.shopapi.auth.service.RefreshTokenServiceTest.GetUserIdFromToken","io.github.filipchyla.shopapi.auth.service.RefreshTokenServiceTest$GetUserIdFromToken","shouldThrowWhenTokenDoesNotExist"
"","3","getProductById_ShouldNotCacheResult_WhenProductNotFound()","","2026-09-15","passed","2026-09-15","","io.github.filipchyla.shopapi.product.ProductServiceCacheTest.GetProductById","io.github.filipchyla.shopapi.product.ProductServiceCacheTest$GetProductById","getProductById_ShouldNotCacheResult_WhenProductNotFound"
"","363","getProducts_ReturnsEmptyPage_WhenNoProductsExist()","","2026-09-15","passed","2026-09-15","","io.github.filipchyla.shopapi.product.ProductIntegrationTest.GetProducts","io.github.filipchyla.shopapi.product.ProductIntegrationTest$GetProducts","getProducts_ReturnsEmptyPage_WhenNoProductsExist"
"","22","getProducts_IsAccessible_WithoutAuthentication()","","2026-09-15","passed","2026-09-15","","io.github.filipchyla.shopapi.config.authorization.ProductAuthorizationTest","io.github.filipchyla.shopapi.config.authorization.ProductAuthorizationTest","getProducts_IsAccessible_WithoutAuthentication"
"","2","addOrIncreaseItem_ShouldAddNewItem_WhenProductNotInCart()","","2026-09-15","passed","2026-09-15","","io.github.filipchyla.shopapi.cart.domain.CartDomainTest.GuestCartModel","io.github.filipchyla.shopapi.cart.domain.CartDomainTest$GuestCartModel","addOrIncreaseItem_ShouldAddNewItem_WhenProductNotInCart"
"","4","getCart_ShouldDelegateToCartService_WhenPrincipalIsPresent()","","2026-09-15","passed","2026-09-15","","io.github.filipchyla.shopapi.cart.CartFacadeTest.GetCart","io.github.filipchyla.shopapi.cart.CartFacadeTest$GetCart","getCart_ShouldDelegateToCartService_WhenPrincipalIsPresent"
"","4","removeItem_ShouldThrowNotFound_WhenItemMissing()","","2026-09-15","passed","2026-09-15","","io.github.filipchyla.shopapi.cart.service.GuestCartServiceTest.UpdateAndRemove","io.github.filipchyla.shopapi.cart.service.GuestCartServiceTest$UpdateAndRemove","removeItem_ShouldThrowNotFound_WhenItemMissing"
"","1","doFilterInternal_ShouldReturnForbidden_WhenUserIsDisabled()","","2026-09-15","passed","2026-09-15","","io.github.filipchyla.shopapi.security.filter.JwtAuthenticationFilterTest","io.github.filipchyla.shopapi.security.filter.JwtAuthenticationFilterTest","doFilterInternal_ShouldReturnForbidden_WhenUserIsDisabled"
"","114","refresh_ShouldReturnUnauthorized_WhenCookieIsIncorrect()","","2026-09-15","passed","2026-09-15","","io.github.filipchyla.shopapi.auth.AuthIntegrationTest","io.github.filipchyla.shopapi.auth.AuthIntegrationTest","refresh_ShouldReturnUnauthorized_WhenCookieIsIncorrect"
"","236","refresh_ShouldRotateCookieAndReturnsNewAccessToken_WhenCookieIsCorrect()","","2026-09-15","passed","2026-09-15","","io.github.filipchyla.shopapi.auth.AuthIntegrationTest","io.github.filipchyla.shopapi.auth.AuthIntegrationTest","refresh_ShouldRotateCookieAndReturnsNewAccessToken_WhenCookieIsCorrect"
"","370","getCategories_ReturnsNestedTree_WhenParentAndChildExist()","","2026-09-15","passed","2026-09-15","","io.github.filipchyla.shopapi.product.category.CategoryIntegrationTest.GetCategories","io.github.filipchyla.shopapi.product.category.CategoryIntegrationTest$GetCategories","getCategories_ReturnsNestedTree_WhenParentAndChildExist"
"","1","removeItem_ShouldThrowNotFound_WhenItemNotInCart()","","2026-09-15","passed","2026-09-15","","io.github.filipchyla.shopapi.cart.domain.CartDomainTest.CartEntity","io.github.filipchyla.shopapi.cart.domain.CartDomainTest$CartEntity","removeItem_ShouldThrowNotFound_WhenItemNotInCart"
"","3","authenticate_ShouldReturnBadRequest_WhenCredentialsAreInvalid()","","2026-09-15","passed","2026-09-15","","io.github.filipchyla.shopapi.auth.AuthenticationControllerTest.AuthenticationRequestTest","io.github.filipchyla.shopapi.auth.AuthenticationControllerTest$AuthenticationRequestTest","authenticate_ShouldReturnBadRequest_WhenCredentialsAreInvalid"
"","3","getCart_ShouldDelegateToGuestCartService_WhenPrincipalIsNull()","","2026-09-15","passed","2026-09-15","","io.github.filipchyla.shopapi.cart.CartFacadeTest.GetCart","io.github.filipchyla.shopapi.cart.CartFacadeTest$GetCart","getCart_ShouldDelegateToGuestCartService_WhenPrincipalIsNull"
"","2","changePassword_ShouldChangePassword_WhenCurrentPasswordIsCorrect()","","2026-09-15","passed","2026-09-15","","io.github.filipchyla.shopapi.auth.service.AuthenticationServiceTest","io.github.filipchyla.shopapi.auth.service.AuthenticationServiceTest","changePassword_ShouldChangePassword_WhenCurrentPasswordIsCorrect"
"","5","getCategories_ShouldReturnCategoryTreeFromService_WhenCategoriesExist()","","2026-09-15","passed","2026-09-15","","io.github.filipchyla.shopapi.product.category.controller.CategoryControllerTest.GetCategories","io.github.filipchyla.shopapi.product.category.controller.CategoryControllerTest$GetCategories","getCategories_ShouldReturnCategoryTreeFromService_WhenCategoriesExist"
"","4","getCart_IsAccessible_WithoutAuthentication()","","2026-09-15","passed","2026-09-15","","io.github.filipchyla.shopapi.config.authorization.CartAuthorizationTest","io.github.filipchyla.shopapi.config.authorization.CartAuthorizationTest","getCart_IsAccessible_WithoutAuthentication"
"","2","addItem_ShouldThrowLimitExceeded_WhenTotalQuantityExceedsMax()","","2026-09-15","passed","2026-09-15","","io.github.filipchyla.shopapi.cart.service.CartServiceTest.AddItem","io.github.filipchyla.shopapi.cart.service.CartServiceTest$AddItem","addItem_ShouldThrowLimitExceeded_WhenTotalQuantityExceedsMax"
"","2","merge_ShouldSkipItemsThatFailWithBadRequest_ButStillClearGuestCart()","","2026-09-15","passed","2026-09-15","","io.github.filipchyla.shopapi.cart.service.CartMergeServiceTest.PartialFailure","io.github.filipchyla.shopapi.cart.service.CartMergeServiceTest$PartialFailure","merge_ShouldSkipItemsThatFailWithBadRequest_ButStillClearGuestCart"
"","74","addCategory_ShouldEvictTreeCache()","","2026-09-15","passed","2026-09-15","","io.github.filipchyla.shopapi.product.category.CategoryServiceCacheTest.AddCategory","io.github.filipchyla.shopapi.product.category.CategoryServiceCacheTest$AddCategory","addCategory_ShouldEvictTreeCache"
"","9","getCategories_IsAccessible_WithoutAuthentication()","","2026-09-15","passed","2026-09-15","","io.github.filipchyla.shopapi.config.authorization.CategoryAuthorizationTest","io.github.filipchyla.shopapi.config.authorization.CategoryAuthorizationTest","getCategories_IsAccessible_WithoutAuthentication"
"","1","validateAddition_ShouldPass_WhenDistinctItemsReachMaxAllowedBoundaryForNewItem()","","2026-09-15","passed","2026-09-15","","io.github.filipchyla.shopapi.cart.CartLimitPolicyTest.ValidateAddition","io.github.filipchyla.shopapi.cart.CartLimitPolicyTest$ValidateAddition","validateAddition_ShouldPass_WhenDistinctItemsReachMaxAllowedBoundaryForNewItem"
"","15","update_ShouldReturnNotFound_WhenIdDoesNotExist()","","2026-09-15","passed","2026-09-15","","io.github.filipchyla.shopapi.product.category.controller.CategoryAdminControllerTest.UpdateCategory","io.github.filipchyla.shopapi.product.category.controller.CategoryAdminControllerTest$UpdateCategory","update_ShouldReturnNotFound_WhenIdDoesNotExist"
"","5","shouldThrowUserDisabledException_whenUserAccountIsDeactivated()","","2026-09-15","passed","2026-09-15","","io.github.filipchyla.shopapi.auth.AuthenticationFacadeTest.RefreshTokenTest","io.github.filipchyla.shopapi.auth.AuthenticationFacadeTest$RefreshTokenTest","shouldThrowUserDisabledException_whenUserAccountIsDeactivated"
"","3","quantityIfAdded_ShouldReturnDelta_WhenProductNotInCart()","","2026-09-15","passed","2026-09-15","","io.github.filipchyla.shopapi.cart.domain.CartDomainTest.GuestCartModel","io.github.filipchyla.shopapi.cart.domain.CartDomainTest$GuestCartModel","quantityIfAdded_ShouldReturnDelta_WhenProductNotInCart"
"","373","deleteProduct_ReturnsUnauthorized_WhenNoTokenProvided()","","2026-09-15","passed","2026-09-15","","io.github.filipchyla.shopapi.product.ProductIntegrationTest.DeleteProduct","io.github.filipchyla.shopapi.product.ProductIntegrationTest$DeleteProduct","deleteProduct_ReturnsUnauthorized_WhenNoTokenProvided"
"","2","clearCart_ShouldDelegateToGuestCartService_WhenPrincipalIsNull()","","2026-09-15","passed","2026-09-15","","io.github.filipchyla.shopapi.cart.CartFacadeTest.ClearCart","io.github.filipchyla.shopapi.cart.CartFacadeTest$ClearCart","clearCart_ShouldDelegateToGuestCartService_WhenPrincipalIsNull"
"","4","getCategoryTree_ShouldReturnAllCategoriesAsRoots_WhenNoneHaveParent()","","2026-09-15","passed","2026-09-15","","io.github.filipchyla.shopapi.product.category.CategoryServiceTest.GetCategoryTree","io.github.filipchyla.shopapi.product.category.CategoryServiceTest$GetCategoryTree","getCategoryTree_ShouldReturnAllCategoriesAsRoots_WhenNoneHaveParent"
"","2","shouldPropagateException_whenCredentialsAreWrong()","","2026-09-15","passed","2026-09-15","","io.github.filipchyla.shopapi.auth.AuthenticationFacadeTest.AuthenticateUserAndReturnTokensTest","io.github.filipchyla.shopapi.auth.AuthenticationFacadeTest$AuthenticateUserAndReturnTokensTest","shouldPropagateException_whenCredentialsAreWrong"
"","2","updateStock_ShouldThrowInvalidStockQuantity_WhenStockQuantityWouldBeNegative()","","2026-09-15","passed","2026-09-15","","io.github.filipchyla.shopapi.product.ProductServiceTest.UpdateStock","io.github.filipchyla.shopapi.product.ProductServiceTest$UpdateStock","updateStock_ShouldThrowInvalidStockQuantity_WhenStockQuantityWouldBeNegative"
"","92","updateProduct_ShouldNotWriteToCache_WhenCategoryDoesNotExist()","","2026-09-15","passed","2026-09-15","","io.github.filipchyla.shopapi.product.ProductServiceCacheTest.UpdateProduct","io.github.filipchyla.shopapi.product.ProductServiceCacheTest$UpdateProduct","updateProduct_ShouldNotWriteToCache_WhenCategoryDoesNotExist"
"","14","logoutAll_IsAccessible_WhenAuthenticated()","","2026-09-15","passed","2026-09-15","","io.github.filipchyla.shopapi.config.authorization.AuthenticationAuthorizationTest","io.github.filipchyla.shopapi.config.authorization.AuthenticationAuthorizationTest","logoutAll_IsAccessible_WhenAuthenticated"
"","1","getCategoryTree_ShouldNestChildrenUnderTheirParent()","","2026-09-15","passed","2026-09-15","","io.github.filipchyla.shopapi.product.category.CategoryServiceTest.GetCategoryTree","io.github.filipchyla.shopapi.product.category.CategoryServiceTest$GetCategoryTree","getCategoryTree_ShouldNestChildrenUnderTheirParent"
"","364","addCategory_ReturnsUnauthorized_WhenNoTokenProvided()","","2026-09-15","passed","2026-09-15","","io.github.filipchyla.shopapi.product.category.CategoryIntegrationTest.AddCategory","io.github.filipchyla.shopapi.product.category.CategoryIntegrationTest$AddCategory","addCategory_ReturnsUnauthorized_WhenNoTokenProvided"
"","2","shouldDeleteAllUserSessions()","","2026-09-15","passed","2026-09-15","","io.github.filipchyla.shopapi.auth.service.RefreshTokenServiceTest.RevokeAllForUser","io.github.filipchyla.shopapi.auth.service.RefreshTokenServiceTest$RevokeAllForUser","shouldDeleteAllUserSessions"
"","2","doFilterInternal_ShouldReturnUnauthorized_WhenTokenIsExpired()","","2026-09-15","passed","2026-09-15","","io.github.filipchyla.shopapi.security.filter.JwtAuthenticationFilterTest","io.github.filipchyla.shopapi.security.filter.JwtAuthenticationFilterTest","doFilterInternal_ShouldReturnUnauthorized_WhenTokenIsExpired"
"","16","generateToken_ShouldReturnValidToken()","","2026-09-15","passed","2026-09-15","","io.github.filipchyla.shopapi.auth.service.JwtServiceTest","io.github.filipchyla.shopapi.auth.service.JwtServiceTest","generateToken_ShouldReturnValidToken"
"","2","shouldThrowWhenTokenDoesNotExist()","","2026-09-15","passed","2026-09-15","","io.github.filipchyla.shopapi.auth.service.RefreshTokenServiceTest.RevokeToken","io.github.filipchyla.shopapi.auth.service.RefreshTokenServiceTest$RevokeToken","shouldThrowWhenTokenDoesNotExist"
"","3","addItem_ShouldThrowInsufficientStock_WhenRequestExceedsStock()","","2026-09-15","passed","2026-09-15","","io.github.filipchyla.shopapi.cart.service.GuestCartServiceTest.AddItem","io.github.filipchyla.shopapi.cart.service.GuestCartServiceTest$AddItem","addItem_ShouldThrowInsufficientStock_WhenRequestExceedsStock"
"","2","updateItemQuantity_ShouldThrowLimitExceeded_WhenQuantityExceedsMaxItemLimit()","","2026-09-15","passed","2026-09-15","","io.github.filipchyla.shopapi.cart.service.CartServiceTest.UpdateItemQuantity","io.github.filipchyla.shopapi.cart.service.CartServiceTest$UpdateItemQuantity","updateItemQuantity_ShouldThrowLimitExceeded_WhenQuantityExceedsMaxItemLimit"
"","7","getProduct_ShouldReturnNotFound_WhenProductDoesNotExist()","","2026-09-15","passed","2026-09-15","","io.github.filipchyla.shopapi.product.controller.ProductControllerTest.GetProduct","io.github.filipchyla.shopapi.product.controller.ProductControllerTest$GetProduct","getProduct_ShouldReturnNotFound_WhenProductDoesNotExist"
"","12","postCategories_ReturnsForbidden_WhenUser()","","2026-09-15","passed","2026-09-15","","io.github.filipchyla.shopapi.config.authorization.CategoryAuthorizationTest","io.github.filipchyla.shopapi.config.authorization.CategoryAuthorizationTest","postCategories_ReturnsForbidden_WhenUser"
"","1","deleteCategory_ShouldDelegateToRepository()","","2026-09-15","passed","2026-09-15","","io.github.filipchyla.shopapi.product.category.CategoryServiceTest.DeleteCategory","io.github.filipchyla.shopapi.product.category.CategoryServiceTest$DeleteCategory","deleteCategory_ShouldDelegateToRepository"
"","1","getProductById_ShouldCallRepositoryOnlyOnce_WhenCalledMultipleTimesWithSameId()","","2026-09-15","passed","2026-09-15","","io.github.filipchyla.shopapi.product.ProductServiceCacheTest.GetProductById","io.github.filipchyla.shopapi.product.ProductServiceCacheTest$GetProductById","getProductById_ShouldCallRepositoryOnlyOnce_WhenCalledMultipleTimesWithSameId"
"","1","removeStaleItems_ShouldDropItemsNotInValidSet()","","2026-09-15","passed","2026-09-15","","io.github.filipchyla.shopapi.cart.domain.CartDomainTest.GuestCartModel","io.github.filipchyla.shopapi.cart.domain.CartDomainTest$GuestCartModel","removeStaleItems_ShouldDropItemsNotInValidSet"
"","2","getCart_ShouldReturnExistingCart_WhenOneExistsForUser()","","2026-09-15","passed","2026-09-15","","io.github.filipchyla.shopapi.cart.service.CartServiceTest.GetCart","io.github.filipchyla.shopapi.cart.service.CartServiceTest$GetCart","getCart_ShouldReturnExistingCart_WhenOneExistsForUser"
"","3","getProducts_ShouldReturnBadRequest_WhenSortFieldIsNotAllowed()","","2026-09-15","passed","2026-09-15","","io.github.filipchyla.shopapi.product.controller.ProductControllerTest.GetProducts","io.github.filipchyla.shopapi.product.controller.ProductControllerTest$GetProducts","getProducts_ShouldReturnBadRequest_WhenSortFieldIsNotAllowed"
"","2","updateItemQuantity_ShouldDelegateToCartService_WhenAuthenticated()","","2026-09-15","passed","2026-09-15","","io.github.filipchyla.shopapi.cart.CartFacadeTest.UpdateItemQuantity","io.github.filipchyla.shopapi.cart.CartFacadeTest$UpdateItemQuantity","updateItemQuantity_ShouldDelegateToCartService_WhenAuthenticated"
"","2","deleteCategory_ShouldEvictTreeCache()","","2026-09-15","passed","2026-09-15","","io.github.filipchyla.shopapi.product.category.CategoryServiceCacheTest.DeleteCategory","io.github.filipchyla.shopapi.product.category.CategoryServiceCacheTest$DeleteCategory","deleteCategory_ShouldEvictTreeCache"
"","4","logoutAll_ShouldRevokeAllTokensForUser_WhenUserIsAuthenticated()","","2026-09-15","passed","2026-09-15","","io.github.filipchyla.shopapi.auth.AuthenticationControllerTest.LogoutTest","io.github.filipchyla.shopapi.auth.AuthenticationControllerTest$LogoutTest","logoutAll_ShouldRevokeAllTokensForUser_WhenUserIsAuthenticated"
"","3","updateItemQuantity_ShouldThrowNotFound_WhenItemMissing()","","2026-09-15","passed","2026-09-15","","io.github.filipchyla.shopapi.cart.service.GuestCartServiceTest.UpdateAndRemove","io.github.filipchyla.shopapi.cart.service.GuestCartServiceTest$UpdateAndRemove","updateItemQuantity_ShouldThrowNotFound_WhenItemMissing"
"","8","merge_ShouldMergeSuccessfulItemsAndSkipFailingOnes_WhenMixed()","","2026-09-15","passed","2026-09-15","","io.github.filipchyla.shopapi.cart.service.CartMergeServiceTest.PartialFailure","io.github.filipchyla.shopapi.cart.service.CartMergeServiceTest$PartialFailure","merge_ShouldMergeSuccessfulItemsAndSkipFailingOnes_WhenMixed"
"","1","updateStock_ShouldShouldSubtractQuantity_WhenDifferenceIsNegative()","","2026-09-15","passed","2026-09-15","","io.github.filipchyla.shopapi.product.ProductServiceTest.UpdateStock","io.github.filipchyla.shopapi.product.ProductServiceTest$UpdateStock","updateStock_ShouldShouldSubtractQuantity_WhenDifferenceIsNegative"
"","7","getProducts_ShouldPassFiltersToService_WhenCategoryAndPriceRangeProvided()","","2026-09-15","passed","2026-09-15","","io.github.filipchyla.shopapi.product.controller.ProductControllerTest.GetProducts","io.github.filipchyla.shopapi.product.controller.ProductControllerTest$GetProducts","getProducts_ShouldPassFiltersToService_WhenCategoryAndPriceRangeProvided"
"","403","deleteCategory_DeletesCategory_WhenAdminAndCategoryExists()","","2026-09-15","passed","2026-09-15","","io.github.filipchyla.shopapi.product.category.CategoryIntegrationTest.DeleteCategory","io.github.filipchyla.shopapi.product.category.CategoryIntegrationTest$DeleteCategory","deleteCategory_DeletesCategory_WhenAdminAndCategoryExists"
"","3","getProducts_ShouldReturnPageOfProducts_WhenNoFiltersProvided()","","2026-09-15","passed","2026-09-15","","io.github.filipchyla.shopapi.product.controller.ProductControllerTest.GetProducts","io.github.filipchyla.shopapi.product.controller.ProductControllerTest$GetProducts","getProducts_ShouldReturnPageOfProducts_WhenNoFiltersProvided"
"","6","deleteCategory_IsNotAccessible_WithoutAuthentication()","","2026-09-15","passed","2026-09-15","","io.github.filipchyla.shopapi.config.authorization.CategoryAuthorizationTest","io.github.filipchyla.shopapi.config.authorization.CategoryAuthorizationTest","deleteCategory_IsNotAccessible_WithoutAuthentication"
"","93","register_ShouldReturnBadCredentials_WhenCredentialsAreIncorrect()","","2026-09-15","passed","2026-09-15","","io.github.filipchyla.shopapi.auth.AuthIntegrationTest","io.github.filipchyla.shopapi.auth.AuthIntegrationTest","register_ShouldReturnBadCredentials_WhenCredentialsAreIncorrect"
"","93","updateProduct_ShouldUpdateCategoryAndApplyPatch_WhenProductAndCategoryExist()","","2026-09-15","passed","2026-09-15","","io.github.filipchyla.shopapi.product.ProductServiceTest.UpdateProduct","io.github.filipchyla.shopapi.product.ProductServiceTest$UpdateProduct","updateProduct_ShouldUpdateCategoryAndApplyPatch_WhenProductAndCategoryExist"
"","2","addItem_ShouldThrowLimitExceeded_WhenCartAlreadyHasMaxDistinctItems()","","2026-09-15","passed","2026-09-15","","io.github.filipchyla.shopapi.cart.service.CartServiceTest.AddItem","io.github.filipchyla.shopapi.cart.service.CartServiceTest$AddItem","addItem_ShouldThrowLimitExceeded_WhenCartAlreadyHasMaxDistinctItems"
"","2","getCategoryTree_ShouldCallRepositoryOnlyOnce_WhenCalledMultipleTimes()","","2026-09-15","passed","2026-09-15","","io.github.filipchyla.shopapi.product.category.CategoryServiceCacheTest.GetCategoryTree","io.github.filipchyla.shopapi.product.category.CategoryServiceCacheTest$GetCategoryTree","getCategoryTree_ShouldCallRepositoryOnlyOnce_WhenCalledMultipleTimes"
"","1","validateAddition_ShouldThrowLimitExceeded_WhenNewItemExceedsMaxDistinctItems()","","2026-09-15","passed","2026-09-15","","io.github.filipchyla.shopapi.cart.CartLimitPolicyTest.ValidateAddition","io.github.filipchyla.shopapi.cart.CartLimitPolicyTest$ValidateAddition","validateAddition_ShouldThrowLimitExceeded_WhenNewItemExceedsMaxDistinctItems"
"","2","deleteProduct_ShouldEvictCacheEntry_ForGivenId()","","2026-09-15","passed","2026-09-15","","io.github.filipchyla.shopapi.product.ProductServiceCacheTest.DeleteProduct","io.github.filipchyla.shopapi.product.ProductServiceCacheTest$DeleteProduct","deleteProduct_ShouldEvictCacheEntry_ForGivenId"
"","2","addCategory_ShouldThrowNotFound_WhenParentDoesNotExist()","","2026-09-15","passed","2026-09-15","","io.github.filipchyla.shopapi.product.category.CategoryServiceTest.AddCategory","io.github.filipchyla.shopapi.product.category.CategoryServiceTest$AddCategory","addCategory_ShouldThrowNotFound_WhenParentDoesNotExist"
"","1","doFilterInternal_ShouldNotSetAuthentication_WhenUsernameIsNull()","","2026-09-15","passed","2026-09-15","","io.github.filipchyla.shopapi.security.filter.JwtAuthenticationFilterTest","io.github.filipchyla.shopapi.security.filter.JwtAuthenticationFilterTest","doFilterInternal_ShouldNotSetAuthentication_WhenUsernameIsNull"
"","381","updateCategory_UpdatesName_WhenAdminAndValidRequest()","","2026-09-15","passed","2026-09-15","","io.github.filipchyla.shopapi.product.category.CategoryIntegrationTest.UpdateCategory","io.github.filipchyla.shopapi.product.category.CategoryIntegrationTest$UpdateCategory","updateCategory_UpdatesName_WhenAdminAndValidRequest"
"","364","addProduct_ReturnsForbidden_WhenUserIsNotAdmin()","","2026-09-15","passed","2026-09-15","","io.github.filipchyla.shopapi.product.ProductIntegrationTest.AddProduct","io.github.filipchyla.shopapi.product.ProductIntegrationTest$AddProduct","addProduct_ReturnsForbidden_WhenUserIsNotAdmin"
"","3","addCategory_ShouldSaveCategoryWithoutParent_WhenParentIdIsNull()","","2026-09-15","passed","2026-09-15","","io.github.filipchyla.shopapi.product.category.CategoryServiceTest.AddCategory","io.github.filipchyla.shopapi.product.category.CategoryServiceTest$AddCategory","addCategory_ShouldSaveCategoryWithoutParent_WhenParentIdIsNull"
"","3","updateStock_ShouldPutResultInCache_ForGivenId()","","2026-09-15","passed","2026-09-15","","io.github.filipchyla.shopapi.product.ProductServiceCacheTest.UpdateStock","io.github.filipchyla.shopapi.product.ProductServiceCacheTest$UpdateStock","updateStock_ShouldPutResultInCache_ForGivenId"
"","378","updateStock_UpdatesQuantity_WhenAdminAndValidRequest()","","2026-09-15","passed","2026-09-15","","io.github.filipchyla.shopapi.product.ProductIntegrationTest.UpdateStock","io.github.filipchyla.shopapi.product.ProductIntegrationTest$UpdateStock","updateStock_UpdatesQuantity_WhenAdminAndValidRequest"
"","188","refresh_ShouldReturnUnauthorized_WhenCookieIsReused()","","2026-09-15","passed","2026-09-15","","io.github.filipchyla.shopapi.auth.AuthIntegrationTest","io.github.filipchyla.shopapi.auth.AuthIntegrationTest","refresh_ShouldReturnUnauthorized_WhenCookieIsReused"
"","2","getItems_ShouldReturnUnmodifiableList()","","2026-09-15","passed","2026-09-15","","io.github.filipchyla.shopapi.cart.domain.CartDomainTest.GuestCartModel","io.github.filipchyla.shopapi.cart.domain.CartDomainTest$GuestCartModel","getItems_ShouldReturnUnmodifiableList"
"","233","addItem_ReturnsConflict_WhenStockInsufficient()","","2026-09-15","passed","2026-09-15","","io.github.filipchyla.shopapi.cart.CartIntegrationTest.GuestFlow","io.github.filipchyla.shopapi.cart.CartIntegrationTest$GuestFlow","addItem_ReturnsConflict_WhenStockInsufficient"
"","363","getProduct_ReturnsNotFound_WhenProductDoesNotExist()","","2026-09-15","passed","2026-09-15","","io.github.filipchyla.shopapi.product.ProductIntegrationTest.GetProduct","io.github.filipchyla.shopapi.product.ProductIntegrationTest$GetProduct","getProduct_ReturnsNotFound_WhenProductDoesNotExist"
"","19","mergeCart_IsAccessible_WhenAuthenticated()","","2026-09-15","passed","2026-09-15","","io.github.filipchyla.shopapi.config.authorization.CartAuthorizationTest","io.github.filipchyla.shopapi.config.authorization.CartAuthorizationTest","mergeCart_IsAccessible_WhenAuthenticated"
"","1","removeItem_ShouldRemoveItem_WhenItemExists()","","2026-09-15","passed","2026-09-15","","io.github.filipchyla.shopapi.cart.domain.CartDomainTest.CartEntity","io.github.filipchyla.shopapi.cart.domain.CartDomainTest$CartEntity","removeItem_ShouldRemoveItem_WhenItemExists"
"","3","getCart_ShouldThrowIllegalStateException_WhenJsonIsCorrupted()","","2026-09-15","passed","2026-09-15","","io.github.filipchyla.shopapi.cart.service.GuestCartServiceTest.GetCart","io.github.filipchyla.shopapi.cart.service.GuestCartServiceTest$GetCart","getCart_ShouldThrowIllegalStateException_WhenJsonIsCorrupted"
"","2","merge_ShouldClearGuestCartAndSkipAddItem_WhenGuestCartHasNoItems()","","2026-09-15","passed","2026-09-15","","io.github.filipchyla.shopapi.cart.service.CartMergeServiceTest.HappyPath","io.github.filipchyla.shopapi.cart.service.CartMergeServiceTest$HappyPath","merge_ShouldClearGuestCartAndSkipAddItem_WhenGuestCartHasNoItems"
"","1","doFilterInternal_ShouldCallGetToken_WhenCsrfTokenPresent()","","2026-09-15","passed","2026-09-15","","io.github.filipchyla.shopapi.security.filter.CsrfCookieFilterTest","io.github.filipchyla.shopapi.security.filter.CsrfCookieFilterTest","doFilterInternal_ShouldCallGetToken_WhenCsrfTokenPresent"
"","23","removeItem_IsAccessible_WithoutAuthentication()","","2026-09-15","passed","2026-09-15","","io.github.filipchyla.shopapi.config.authorization.CartAuthorizationTest","io.github.filipchyla.shopapi.config.authorization.CartAuthorizationTest","removeItem_IsAccessible_WithoutAuthentication"
"","1","validateQuantityUpdate_ShouldPass_WhenValidAndInStock()","","2026-09-15","passed","2026-09-15","","io.github.filipchyla.shopapi.cart.CartLimitPolicyTest.ValidateQuantityUpdate","io.github.filipchyla.shopapi.cart.CartLimitPolicyTest$ValidateQuantityUpdate","validateQuantityUpdate_ShouldPass_WhenValidAndInStock"
"","2","shouldPropagateException_whenEmailIsTaken()","","2026-09-15","passed","2026-09-15","","io.github.filipchyla.shopapi.auth.AuthenticationFacadeTest.RegisterUserAndReturnTokensTest","io.github.filipchyla.shopapi.auth.AuthenticationFacadeTest$RegisterUserAndReturnTokensTest","shouldPropagateException_whenEmailIsTaken"
"","25","deleteMe_ShouldDeactivateUser_WhenHeExists()","","2026-09-15","passed","2026-09-15","","io.github.filipchyla.shopapi.user.UserControllerTest","io.github.filipchyla.shopapi.user.UserControllerTest","deleteMe_ShouldDeactivateUser_WhenHeExists"
"","318","doFilterInternal_ShouldProceedFilterChain_WhenCsrfTokenAbsent()","","2026-09-15","passed","2026-09-15","","io.github.filipchyla.shopapi.security.filter.CsrfCookieFilterTest","io.github.filipchyla.shopapi.security.filter.CsrfCookieFilterTest","doFilterInternal_ShouldProceedFilterChain_WhenCsrfTokenAbsent"
"","0","removeItem_ShouldRemoveItem_WhenItemExists()","","2026-09-15","passed","2026-09-15","","io.github.filipchyla.shopapi.cart.domain.CartDomainTest.GuestCartModel","io.github.filipchyla.shopapi.cart.domain.CartDomainTest$GuestCartModel","removeItem_ShouldRemoveItem_WhenItemExists"
"","271","login_SetsRefreshCookieAndReturnsAccessToken_WhenCredentialsAreCorrect()","","2026-09-15","passed","2026-09-15","","io.github.filipchyla.shopapi.auth.AuthIntegrationTest","io.github.filipchyla.shopapi.auth.AuthIntegrationTest","login_SetsRefreshCookieAndReturnsAccessToken_WhenCredentialsAreCorrect"
"","101","updateMe_ShouldClearInfo_WhenRequestHasEmptyStrings()","","2026-09-15","passed","2026-09-15","","io.github.filipchyla.shopapi.user.UserIntegrationTest","io.github.filipchyla.shopapi.user.UserIntegrationTest","updateMe_ShouldClearInfo_WhenRequestHasEmptyStrings"
"","375","addCategory_CreatesRootCategory_WhenAdminAndValidRequest()","","2026-09-15","passed","2026-09-15","","io.github.filipchyla.shopapi.product.category.CategoryIntegrationTest.AddCategory","io.github.filipchyla.shopapi.product.category.CategoryIntegrationTest$AddCategory","addCategory_CreatesRootCategory_WhenAdminAndValidRequest"
"","377","updateProduct_UpdatesFields_WhenAdminAndValidRequest()","","2026-09-15","passed","2026-09-15","","io.github.filipchyla.shopapi.product.ProductIntegrationTest.UpdateProduct","io.github.filipchyla.shopapi.product.ProductIntegrationTest$UpdateProduct","updateProduct_UpdatesFields_WhenAdminAndValidRequest"
"","47","mergeCart_ShouldReturnOkAndClearCookie_WhenAuthenticated()","","2026-09-15","passed","2026-09-15","","io.github.filipchyla.shopapi.cart.CartControllerTest.MergeCart","io.github.filipchyla.shopapi.cart.CartControllerTest$MergeCart","mergeCart_ShouldReturnOkAndClearCookie_WhenAuthenticated"
"","2","getCart_ShouldReturnEmptyCart_WhenTokenIsNull()","","2026-09-15","passed","2026-09-15","","io.github.filipchyla.shopapi.cart.service.GuestCartServiceTest.GetCart","io.github.filipchyla.shopapi.cart.service.GuestCartServiceTest$GetCart","getCart_ShouldReturnEmptyCart_WhenTokenIsNull"
"","4","totalPrice_ShouldSumLineTotalsCorrectly()","","2026-09-15","passed","2026-09-15","","io.github.filipchyla.shopapi.cart.PriceCalculatorTest.TotalPrice","io.github.filipchyla.shopapi.cart.PriceCalculatorTest$TotalPrice","totalPrice_ShouldSumLineTotalsCorrectly"
"","1","authenticate_ShouldThrowException_WhenCredentialsAreInvalid()","","2026-09-15","passed","2026-09-15","","io.github.filipchyla.shopapi.auth.service.AuthenticationServiceTest","io.github.filipchyla.shopapi.auth.service.AuthenticationServiceTest","authenticate_ShouldThrowException_WhenCredentialsAreInvalid"
"","211","addItem_PersistsToDatabase_WhenAuthenticated()","","2026-09-15","passed","2026-09-15","","io.github.filipchyla.shopapi.cart.CartIntegrationTest.UserFlow","io.github.filipchyla.shopapi.cart.CartIntegrationTest$UserFlow","addItem_PersistsToDatabase_WhenAuthenticated"
"","6","deactivateUser_ShouldSetEnabledToFalse_WhenUserExists()","","2026-09-15","passed","2026-09-15","","io.github.filipchyla.shopapi.user.UserServiceTest","io.github.filipchyla.shopapi.user.UserServiceTest","deactivateUser_ShouldSetEnabledToFalse_WhenUserExists"
"","21","cookieBasedEndpoints_ShouldNotReturnForbidden_WhenCsrfTokenPresent(HttpMethod, String) [1] method=POST, url=/api/v1/auth/refresh","","2026-09-15","passed","2026-09-15","","io.github.filipchyla.shopapi.config.CsrfConfigurationTest","io.github.filipchyla.shopapi.config.CsrfConfigurationTest","cookieBasedEndpoints_ShouldNotReturnForbidden_WhenCsrfTokenPresent"
"","1","validateQuantityUpdate_ShouldThrowLimitExceeded_WhenNewQuantityExceedsMaxPerItem()","","2026-09-15","passed","2026-09-15","","io.github.filipchyla.shopapi.cart.CartLimitPolicyTest.ValidateQuantityUpdate","io.github.filipchyla.shopapi.cart.CartLimitPolicyTest$ValidateQuantityUpdate","validateQuantityUpdate_ShouldThrowLimitExceeded_WhenNewQuantityExceedsMaxPerItem"
"","3","updateStock_IsNotAccessible_WithoutAuthentication()","","2026-09-15","passed","2026-09-15","","io.github.filipchyla.shopapi.config.authorization.ProductAuthorizationTest","io.github.filipchyla.shopapi.config.authorization.ProductAuthorizationTest","updateStock_IsNotAccessible_WithoutAuthentication"
"","7","updateItemQuantity_IsAccessible_WithoutAuthentication()","","2026-09-15","passed","2026-09-15","","io.github.filipchyla.shopapi.config.authorization.CartAuthorizationTest","io.github.filipchyla.shopapi.config.authorization.CartAuthorizationTest","updateItemQuantity_IsAccessible_WithoutAuthentication"
"","2","updateItemQuantity_ShouldUpdateQuantity_WhenItemExistsAndStockSufficient()","","2026-09-15","passed","2026-09-15","","io.github.filipchyla.shopapi.cart.service.CartServiceTest.UpdateItemQuantity","io.github.filipchyla.shopapi.cart.service.CartServiceTest$UpdateItemQuantity","updateItemQuantity_ShouldUpdateQuantity_WhenItemExistsAndStockSufficient"
"","213","getCart_ReturnsPreviouslyAddedItems_WhenCookieReused()","","2026-09-15","passed","2026-09-15","","io.github.filipchyla.shopapi.cart.CartIntegrationTest.GuestFlow","io.github.filipchyla.shopapi.cart.CartIntegrationTest$GuestFlow","getCart_ReturnsPreviouslyAddedItems_WhenCookieReused"
"","189","logout_ClearsCookieAndInvalidatesToken()","","2026-09-15","passed","2026-09-15","","io.github.filipchyla.shopapi.auth.AuthIntegrationTest","io.github.filipchyla.shopapi.auth.AuthIntegrationTest","logout_ClearsCookieAndInvalidatesToken"
"","368","getCategories_ReturnsEmptyList_WhenNoCategoriesExist()","","2026-09-15","passed","2026-09-15","","io.github.filipchyla.shopapi.product.category.CategoryIntegrationTest.GetCategories","io.github.filipchyla.shopapi.product.category.CategoryIntegrationTest$GetCategories","getCategories_ReturnsEmptyList_WhenNoCategoriesExist"
"","2","getCategoryTree_ShouldStoreResultUnderExpectedCacheKey()","","2026-09-15","passed","2026-09-15","","io.github.filipchyla.shopapi.product.category.CategoryServiceCacheTest.GetCategoryTree","io.github.filipchyla.shopapi.product.category.CategoryServiceCacheTest$GetCategoryTree","getCategoryTree_ShouldStoreResultUnderExpectedCacheKey"
"","3","isPriceChanged_ShouldReturnTrue_WhenPricesDiffer()","","2026-09-15","passed","2026-09-15","","io.github.filipchyla.shopapi.cart.PriceCalculatorTest.IsPriceChanged","io.github.filipchyla.shopapi.cart.PriceCalculatorTest$IsPriceChanged","isPriceChanged_ShouldReturnTrue_WhenPricesDiffer"
"","3","getMe_IsNotAccessible_WithoutAuthentication()","","2026-09-15","passed","2026-09-15","","io.github.filipchyla.shopapi.config.authorization.UserAuthorizationTest","io.github.filipchyla.shopapi.config.authorization.UserAuthorizationTest","getMe_IsNotAccessible_WithoutAuthentication"
"","8","logout_ShouldRevokeTokenAndClearCookie_WhenCookiePresent()","","2026-09-15","passed","2026-09-15","","io.github.filipchyla.shopapi.auth.AuthenticationControllerTest.LogoutTest","io.github.filipchyla.shopapi.auth.AuthenticationControllerTest$LogoutTest","logout_ShouldRevokeTokenAndClearCookie_WhenCookiePresent"
"","5","cookieBasedEndpoints_ShouldReturnForbidden_WhenCsrfTokenMissing(HttpMethod, String) [3] method=POST, url=/api/v1/cart/items","","2026-09-15","passed","2026-09-15","","io.github.filipchyla.shopapi.config.CsrfConfigurationTest","io.github.filipchyla.shopapi.config.CsrfConfigurationTest","cookieBasedEndpoints_ShouldReturnForbidden_WhenCsrfTokenMissing"
"","6","getCart_ShouldReturnCart_ForGuestWithNoCookie()","","2026-09-15","passed","2026-09-15","","io.github.filipchyla.shopapi.cart.CartControllerTest.GetCart","io.github.filipchyla.shopapi.cart.CartControllerTest$GetCart","getCart_ShouldReturnCart_ForGuestWithNoCookie"
"","4","addCategory_ShouldCreateCategoryAndReturnsMappedResponse_WhenRequestIsCorrect()","","2026-09-15","passed","2026-09-15","","io.github.filipchyla.shopapi.product.category.controller.CategoryAdminControllerTest.AddCategory","io.github.filipchyla.shopapi.product.category.controller.CategoryAdminControllerTest$AddCategory","addCategory_ShouldCreateCategoryAndReturnsMappedResponse_WhenRequestIsCorrect"
"","2","updateItemQuantity_ShouldThrowInsufficientStock_WhenPolicyRejectsUpdate()","","2026-09-15","passed","2026-09-15","","io.github.filipchyla.shopapi.cart.service.CartServiceTest.UpdateItemQuantity","io.github.filipchyla.shopapi.cart.service.CartServiceTest$UpdateItemQuantity","updateItemQuantity_ShouldThrowInsufficientStock_WhenPolicyRejectsUpdate"
"","86","updateProduct_ShouldThrowNotFound_WhenProductDoesNotExist()","","2026-09-15","passed","2026-09-15","","io.github.filipchyla.shopapi.product.ProductServiceTest.UpdateProduct","io.github.filipchyla.shopapi.product.ProductServiceTest$UpdateProduct","updateProduct_ShouldThrowNotFound_WhenProductDoesNotExist"
"","1","isPriceChanged_ShouldReturnFalse_WhenPricesEqualRegardlessOfScale()","","2026-09-15","passed","2026-09-15","","io.github.filipchyla.shopapi.cart.PriceCalculatorTest.IsPriceChanged","io.github.filipchyla.shopapi.cart.PriceCalculatorTest$IsPriceChanged","isPriceChanged_ShouldReturnFalse_WhenPricesEqualRegardlessOfScale"
"","1","getProductById_ShouldReturnProductResponse_WhenProductExists()","","2026-09-15","passed","2026-09-15","","io.github.filipchyla.shopapi.product.ProductServiceTest.GetProductById","io.github.filipchyla.shopapi.product.ProductServiceTest$GetProductById","getProductById_ShouldReturnProductResponse_WhenProductExists"
"","24","patchMe_ShouldReturnBadRequest_WhenRequestIsInvalid()","","2026-09-15","passed","2026-09-15","","io.github.filipchyla.shopapi.user.UserControllerTest","io.github.filipchyla.shopapi.user.UserControllerTest","patchMe_ShouldReturnBadRequest_WhenRequestIsInvalid"
"","2","addProduct_ShouldSaveProduct_WhenCategoryExists()","","2026-09-15","passed","2026-09-15","","io.github.filipchyla.shopapi.product.ProductServiceTest.AddProduct","io.github.filipchyla.shopapi.product.ProductServiceTest$AddProduct","addProduct_ShouldSaveProduct_WhenCategoryExists"
"","1","isTokenValid_ShouldReturnTrue_WhenTokenIsForUser()","","2026-09-15","passed","2026-09-15","","io.github.filipchyla.shopapi.auth.service.JwtServiceTest","io.github.filipchyla.shopapi.auth.service.JwtServiceTest","isTokenValid_ShouldReturnTrue_WhenTokenIsForUser"
"","12","updatePassword_ShouldUpdatePassword_WhenRequestIsValid()","","2026-09-15","passed","2026-09-15","","io.github.filipchyla.shopapi.user.UserControllerTest","io.github.filipchyla.shopapi.user.UserControllerTest","updatePassword_ShouldUpdatePassword_WhenRequestIsValid"
"","381","updateCategory_ReturnsBadRequest_WhenNameTooShort()","","2026-09-15","passed","2026-09-15","","io.github.filipchyla.shopapi.product.category.CategoryIntegrationTest.UpdateCategory","io.github.filipchyla.shopapi.product.category.CategoryIntegrationTest$UpdateCategory","updateCategory_ReturnsBadRequest_WhenNameTooShort"
"","2","updateStock_ShouldUpdateStockQuantity_WhenProductExists()","","2026-09-15","passed","2026-09-15","","io.github.filipchyla.shopapi.product.ProductServiceTest.UpdateStock","io.github.filipchyla.shopapi.product.ProductServiceTest$UpdateStock","updateStock_ShouldUpdateStockQuantity_WhenProductExists"
"","179","authenticate_ShouldReturnAuthenticatedUser_WhenCredentialsAreValid()","","2026-09-15","passed","2026-09-15","","io.github.filipchyla.shopapi.auth.service.AuthenticationServiceTest","io.github.filipchyla.shopapi.auth.service.AuthenticationServiceTest","authenticate_ShouldReturnAuthenticatedUser_WhenCredentialsAreValid"
"","5","cookieBasedEndpoints_ShouldReturnForbidden_WhenCsrfTokenMissing(HttpMethod, String) [6] method=DELETE, url=/api/v1/cart","","2026-09-15","passed","2026-09-15","","io.github.filipchyla.shopapi.config.CsrfConfigurationTest","io.github.filipchyla.shopapi.config.CsrfConfigurationTest","cookieBasedEndpoints_ShouldReturnForbidden_WhenCsrfTokenMissing"
"","362","addProduct_ReturnsUnauthorized_WhenNoTokenProvided()","","2026-09-15","passed","2026-09-15","","io.github.filipchyla.shopapi.product.ProductIntegrationTest.AddProduct","io.github.filipchyla.shopapi.product.ProductIntegrationTest$AddProduct","addProduct_ReturnsUnauthorized_WhenNoTokenProvided"
"","0","clear_ShouldRemoveAllItems()","","2026-09-15","passed","2026-09-15","","io.github.filipchyla.shopapi.cart.domain.CartDomainTest.CartEntity","io.github.filipchyla.shopapi.cart.domain.CartDomainTest$CartEntity","clear_ShouldRemoveAllItems"
"","5","addItem_ShouldReturnBadRequest_WhenQuantityExceedsMax()","","2026-09-15","passed","2026-09-15","","io.github.filipchyla.shopapi.cart.CartControllerTest.AddItem","io.github.filipchyla.shopapi.cart.CartControllerTest$AddItem","addItem_ShouldReturnBadRequest_WhenQuantityExceedsMax"
"","3","shouldEvictOldestSessionWhenLimitIsExceeded()","","2026-09-15","passed","2026-09-15","","io.github.filipchyla.shopapi.auth.service.RefreshTokenServiceTest.CreateNewToken","io.github.filipchyla.shopapi.auth.service.RefreshTokenServiceTest$CreateNewToken","shouldEvictOldestSessionWhenLimitIsExceeded"
"","4","getCart_ShouldRemoveStaleProductsAndPersistCleanedCart_WhenProductsNoLongerExist()","","2026-09-15","passed","2026-09-15","","io.github.filipchyla.shopapi.cart.service.GuestCartServiceTest.GetCart","io.github.filipchyla.shopapi.cart.service.GuestCartServiceTest$GetCart","getCart_ShouldRemoveStaleProductsAndPersistCleanedCart_WhenProductsNoLongerExist"
"","2","shouldNotRevokeAnything_whenTokenIsNull()","","2026-09-15","passed","2026-09-15","","io.github.filipchyla.shopapi.auth.AuthenticationFacadeTest.RevokeSingleForUserTest","io.github.filipchyla.shopapi.auth.AuthenticationFacadeTest$RevokeSingleForUserTest","shouldNotRevokeAnything_whenTokenIsNull"
"","416","updateCategory_ReturnsConflict_WhenCircularCategoryReference()","","2026-09-15","passed","2026-09-15","","io.github.filipchyla.shopapi.product.category.CategoryIntegrationTest.UpdateCategory","io.github.filipchyla.shopapi.product.category.CategoryIntegrationTest$UpdateCategory","updateCategory_ReturnsConflict_WhenCircularCategoryReference"
"","675","clearCart_ShouldDeleteKey_WhenTokenPresent()","","2026-09-15","passed","2026-09-15","","io.github.filipchyla.shopapi.cart.service.GuestCartServiceTest.ClearCart","io.github.filipchyla.shopapi.cart.service.GuestCartServiceTest$ClearCart","clearCart_ShouldDeleteKey_WhenTokenPresent"
"","3","updateStock_ShouldOverwriteExistingCacheEntry()","","2026-09-15","passed","2026-09-15","","io.github.filipchyla.shopapi.product.ProductServiceCacheTest.UpdateStock","io.github.filipchyla.shopapi.product.ProductServiceCacheTest$UpdateStock","updateStock_ShouldOverwriteExistingCacheEntry"
"","2","merge_ShouldSkipItemsThatFailWithProductNotFound_ButStillClearGuestCart()","","2026-09-15","passed","2026-09-15","","io.github.filipchyla.shopapi.cart.service.CartMergeServiceTest.PartialFailure","io.github.filipchyla.shopapi.cart.service.CartMergeServiceTest$PartialFailure","merge_ShouldSkipItemsThatFailWithProductNotFound_ButStillClearGuestCart"
"","0","lineTotal_ShouldReturnZero_WhenQuantityIsZero()","","2026-09-15","passed","2026-09-15","","io.github.filipchyla.shopapi.cart.PriceCalculatorTest.LineTotal","io.github.filipchyla.shopapi.cart.PriceCalculatorTest$LineTotal","lineTotal_ShouldReturnZero_WhenQuantityIsZero"
"","3","addItem_ShouldPassIsNewTrueToPolicy_WhenAddingNewItem()","","2026-09-15","passed","2026-09-15","","io.github.filipchyla.shopapi.cart.service.CartServiceTest.AddItem","io.github.filipchyla.shopapi.cart.service.CartServiceTest$AddItem","addItem_ShouldPassIsNewTrueToPolicy_WhenAddingNewItem"
"","1","removeItem_ShouldThrowNotFound_WhenItemNotInCart()","","2026-09-15","passed","2026-09-15","","io.github.filipchyla.shopapi.cart.domain.CartDomainTest.GuestCartModel","io.github.filipchyla.shopapi.cart.domain.CartDomainTest$GuestCartModel","removeItem_ShouldThrowNotFound_WhenItemNotInCart"
"","2","updateCategory_ShouldThrowCategoryCycleException_WhenChildCategoryIsSetAsParent()","","2026-09-15","passed","2026-09-15","","io.github.filipchyla.shopapi.product.category.CategoryServiceTest.UpdateCategory","io.github.filipchyla.shopapi.product.category.CategoryServiceTest$UpdateCategory","updateCategory_ShouldThrowCategoryCycleException_WhenChildCategoryIsSetAsParent"
"","12","addItem_ShouldThrowProductNotFound_WhenProductIsInactiveOrNotFound()","","2026-09-15","passed","2026-09-15","","io.github.filipchyla.shopapi.cart.service.CartServiceTest.AddItem","io.github.filipchyla.shopapi.cart.service.CartServiceTest$AddItem","addItem_ShouldThrowProductNotFound_WhenProductIsInactiveOrNotFound"
"","5","cookieBasedEndpoints_ShouldReturnForbidden_WhenCsrfTokenMissing(HttpMethod, String) [2] method=POST, url=/api/v1/auth/logout","","2026-09-15","passed","2026-09-15","","io.github.filipchyla.shopapi.config.CsrfConfigurationTest","io.github.filipchyla.shopapi.config.CsrfConfigurationTest","cookieBasedEndpoints_ShouldReturnForbidden_WhenCsrfTokenMissing"
"","2","updateProduct_ShouldThrowNotFound_WhenCategoryDoesNotExist()","","2026-09-15","passed","2026-09-15","","io.github.filipchyla.shopapi.product.ProductServiceTest.UpdateProduct","io.github.filipchyla.shopapi.product.ProductServiceTest$UpdateProduct","updateProduct_ShouldThrowNotFound_WhenCategoryDoesNotExist"
"","7","updateItemQuantity_ShouldReturnBadRequest_WhenQuantityExceedsMaxAllowed()","","2026-09-15","passed","2026-09-15","","io.github.filipchyla.shopapi.cart.CartControllerTest.UpdateItemQuantity","io.github.filipchyla.shopapi.cart.CartControllerTest$UpdateItemQuantity","updateItemQuantity_ShouldReturnBadRequest_WhenQuantityExceedsMaxAllowed"
"","233","shouldRemoveOrphanedTokensFromSessionSet()","","2026-09-15","passed","2026-09-15","","io.github.filipchyla.shopapi.auth.service.RefreshTokenServiceTest.RevokeAllForUser","io.github.filipchyla.shopapi.auth.service.RefreshTokenServiceTest$RevokeAllForUser","shouldRemoveOrphanedTokensFromSessionSet"
"","13","register_IsAccessible_WithoutAuthentication()","","2026-09-15","passed","2026-09-15","","io.github.filipchyla.shopapi.config.authorization.AuthenticationAuthorizationTest","io.github.filipchyla.shopapi.config.authorization.AuthenticationAuthorizationTest","register_IsAccessible_WithoutAuthentication"
"","2","register_ShouldThrowException_WhenEmailIsTaken()","","2026-09-15","passed","2026-09-15","","io.github.filipchyla.shopapi.auth.service.AuthenticationServiceTest","io.github.filipchyla.shopapi.auth.service.AuthenticationServiceTest","register_ShouldThrowException_WhenEmailIsTaken"
"","5","update_ShouldReturnConflict_WhenCircularCategoryReference()","","2026-09-15","passed","2026-09-15","","io.github.filipchyla.shopapi.product.category.controller.CategoryAdminControllerTest.UpdateCategory","io.github.filipchyla.shopapi.product.category.controller.CategoryAdminControllerTest$UpdateCategory","update_ShouldReturnConflict_WhenCircularCategoryReference"
"","3","updateStock_ShouldUpdateStockAndReturnMappedResponse_WhenRequestIsValid()","","2026-09-15","passed","2026-09-15","","io.github.filipchyla.shopapi.product.controller.ProductAdminControllerTest.UpdateStock","io.github.filipchyla.shopapi.product.controller.ProductAdminControllerTest$UpdateStock","updateStock_ShouldUpdateStockAndReturnMappedResponse_WhenRequestIsValid"
"","1","updateItemQuantity_ShouldUpdateQuantity()","","2026-09-15","passed","2026-09-15","","io.github.filipchyla.shopapi.cart.domain.CartDomainTest.CartEntity","io.github.filipchyla.shopapi.cart.domain.CartDomainTest$CartEntity","updateItemQuantity_ShouldUpdateQuantity"
"","9","updatePassword_ShouldReturnBadRequest_WhenNewPasswordIsWeak()","","2026-09-15","passed","2026-09-15","","io.github.filipchyla.shopapi.user.UserControllerTest","io.github.filipchyla.shopapi.user.UserControllerTest","updatePassword_ShouldReturnBadRequest_WhenNewPasswordIsWeak"
"","371","updateCategory_ReturnsNotFound_WhenCategoryDoesNotExist()","","2026-09-15","passed","2026-09-15","","io.github.filipchyla.shopapi.product.category.CategoryIntegrationTest.UpdateCategory","io.github.filipchyla.shopapi.product.category.CategoryIntegrationTest$UpdateCategory","updateCategory_ReturnsNotFound_WhenCategoryDoesNotExist"
"","1","updateItemQuantity_ShouldDelegateToGuestCartService_WhenGuest()","","2026-09-15","passed","2026-09-15","","io.github.filipchyla.shopapi.cart.CartFacadeTest.UpdateItemQuantity","io.github.filipchyla.shopapi.cart.CartFacadeTest$UpdateItemQuantity","updateItemQuantity_ShouldDelegateToGuestCartService_WhenGuest"
"","7","addOrIncreaseItem_ShouldUpdateQuantity_WhenProductAlreadyInCart()","","2026-09-15","passed","2026-09-15","","io.github.filipchyla.shopapi.cart.domain.CartDomainTest.GuestCartModel","io.github.filipchyla.shopapi.cart.domain.CartDomainTest$GuestCartModel","addOrIncreaseItem_ShouldUpdateQuantity_WhenProductAlreadyInCart"
"","9","removeItem_ShouldReturnOk_WhenProductRemoved()","","2026-09-15","passed","2026-09-15","","io.github.filipchyla.shopapi.cart.CartControllerTest.RemoveItem","io.github.filipchyla.shopapi.cart.CartControllerTest$RemoveItem","removeItem_ShouldReturnOk_WhenProductRemoved"
"","374","updateProduct_ReturnsBadRequest_WhenPriceIsNegative()","","2026-09-15","passed","2026-09-15","","io.github.filipchyla.shopapi.product.ProductIntegrationTest.UpdateProduct","io.github.filipchyla.shopapi.product.ProductIntegrationTest$UpdateProduct","updateProduct_ReturnsBadRequest_WhenPriceIsNegative"
"","1","updateStock_ShouldThrowNotFound_WhenProductDoesNotExist()","","2026-09-15","passed","2026-09-15","","io.github.filipchyla.shopapi.product.ProductServiceTest.UpdateStock","io.github.filipchyla.shopapi.product.ProductServiceTest$UpdateStock","updateStock_ShouldThrowNotFound_WhenProductDoesNotExist"
"","0","addNewItem_ShouldInitializeItemAndSetSnapshot()","","2026-09-15","passed","2026-09-15","","io.github.filipchyla.shopapi.cart.domain.CartDomainTest.CartEntity","io.github.filipchyla.shopapi.cart.domain.CartDomainTest$CartEntity","addNewItem_ShouldInitializeItemAndSetSnapshot"
"","3","shouldUseDifferentFamilyForEachNewSession()","","2026-09-15","passed","2026-09-15","","io.github.filipchyla.shopapi.auth.service.RefreshTokenServiceTest.CreateNewToken","io.github.filipchyla.shopapi.auth.service.RefreshTokenServiceTest$CreateNewToken","shouldUseDifferentFamilyForEachNewSession"
