"DESCRIPTION","DURATION IN MS","NAME","PARENT SUITE","START TIME","STATUS","STOP TIME","SUB SUITE","SUITE","TEST CLASS","TEST METHOD"
"","8","addItem_ShouldNotSetCookie_WhenGuestAlreadyHasCartToken()","","2026-09-15","passed","2026-09-15","","io.github.filipchyla.shopapi.cart.CartControllerTest.AddItem","io.github.filipchyla.shopapi.cart.CartControllerTest$AddItem","addItem_ShouldNotSetCookie_WhenGuestAlreadyHasCartToken"
"","3","deleteCategory_ShouldThrowAndNotEvictCache_WhenCategoryDoesNotExist()","","2026-09-15","passed","2026-09-15","","io.github.filipchyla.shopapi.product.category.CategoryServiceCacheTest.DeleteCategory","io.github.filipchyla.shopapi.product.category.CategoryServiceCacheTest$DeleteCategory","deleteCategory_ShouldThrowAndNotEvictCache_WhenCategoryDoesNotExist"
"","1","findProducts_ShouldReturnPage_WhenPriceBoundsAreNull()","","2026-09-15","passed","2026-09-15","","io.github.filipchyla.shopapi.product.ProductServiceTest.FindProducts","io.github.filipchyla.shopapi.product.ProductServiceTest$FindProducts","findProducts_ShouldReturnPage_WhenPriceBoundsAreNull"
"","1","addItem_ShouldThrowLimitExceeded_WhenTotalQuantityExceedsMax()","","2026-09-15","passed","2026-09-15","","io.github.filipchyla.shopapi.cart.service.CartServiceTest.AddItem","io.github.filipchyla.shopapi.cart.service.CartServiceTest$AddItem","addItem_ShouldThrowLimitExceeded_WhenTotalQuantityExceedsMax"
"","1","deleteProduct_ShouldEvictCacheEntry_ForGivenId()","","2026-09-15","passed","2026-09-15","","io.github.filipchyla.shopapi.product.ProductServiceCacheTest.DeleteProduct","io.github.filipchyla.shopapi.product.ProductServiceCacheTest$DeleteProduct","deleteProduct_ShouldEvictCacheEntry_ForGivenId"
"","2","register_ShouldThrowException_WhenEmailIsTaken()","","2026-09-15","passed","2026-09-15","","io.github.filipchyla.shopapi.auth.service.AuthenticationServiceTest","io.github.filipchyla.shopapi.auth.service.AuthenticationServiceTest","register_ShouldThrowException_WhenEmailIsTaken"
"","336","addCategory_ReturnsBadRequest_WhenNameIsBlank()","","2026-09-15","passed","2026-09-15","","io.github.filipchyla.shopapi.product.category.CategoryIntegrationTest.AddCategory","io.github.filipchyla.shopapi.product.category.CategoryIntegrationTest$AddCategory","addCategory_ReturnsBadRequest_WhenNameIsBlank"
"","126","updateCategory_ShouldEvictTreeCache()","","2026-09-15","passed","2026-09-15","","io.github.filipchyla.shopapi.product.category.CategoryServiceCacheTest.UpdateCategory","io.github.filipchyla.shopapi.product.category.CategoryServiceCacheTest$UpdateCategory","updateCategory_ShouldEvictTreeCache"
"","3","refresh_ShouldReturnBadRequest_WhenCookieMissing()","","2026-09-15","passed","2026-09-15","","io.github.filipchyla.shopapi.auth.AuthenticationControllerTest.RefreshTokenCookieTest","io.github.filipchyla.shopapi.auth.AuthenticationControllerTest$RefreshTokenCookieTest","refresh_ShouldReturnBadRequest_WhenCookieMissing"
"","4","cookieBasedEndpoints_ShouldReturnForbidden_WhenCsrfTokenMissing(HttpMethod, String) [7] method=POST, url=/api/v1/cart/merge","","2026-09-15","passed","2026-09-15","","io.github.filipchyla.shopapi.config.CsrfConfigurationTest","io.github.filipchyla.shopapi.config.CsrfConfigurationTest","cookieBasedEndpoints_ShouldReturnForbidden_WhenCsrfTokenMissing"
"","3","updateItemQuantity_ShouldThrowNotFound_WhenItemMissing()","","2026-09-15","passed","2026-09-15","","io.github.filipchyla.shopapi.cart.service.GuestCartServiceTest.UpdateAndRemove","io.github.filipchyla.shopapi.cart.service.GuestCartServiceTest$UpdateAndRemove","updateItemQuantity_ShouldThrowNotFound_WhenItemMissing"
"","3","getCart_ShouldRemoveStaleProductsAndPersistCleanedCart_WhenProductsNoLongerExist()","","2026-09-15","passed","2026-09-15","","io.github.filipchyla.shopapi.cart.service.GuestCartServiceTest.GetCart","io.github.filipchyla.shopapi.cart.service.GuestCartServiceTest$GetCart","getCart_ShouldRemoveStaleProductsAndPersistCleanedCart_WhenProductsNoLongerExist"
"","3","updateStock_ReturnsForbidden_WhenUser()","","2026-09-15","passed","2026-09-15","","io.github.filipchyla.shopapi.config.authorization.ProductAuthorizationTest","io.github.filipchyla.shopapi.config.authorization.ProductAuthorizationTest","updateStock_ReturnsForbidden_WhenUser"
"","2","shouldEvictOldestSessionWhenLimitIsExceeded()","","2026-09-15","passed","2026-09-15","","io.github.filipchyla.shopapi.auth.service.RefreshTokenServiceTest.CreateNewToken","io.github.filipchyla.shopapi.auth.service.RefreshTokenServiceTest$CreateNewToken","shouldEvictOldestSessionWhenLimitIsExceeded"
"","3","updateItemQuantity_ShouldDelegateToCartService_WhenAuthenticated()","","2026-09-15","passed","2026-09-15","","io.github.filipchyla.shopapi.cart.CartFacadeTest.UpdateItemQuantity","io.github.filipchyla.shopapi.cart.CartFacadeTest$UpdateItemQuantity","updateItemQuantity_ShouldDelegateToCartService_WhenAuthenticated"
"","5","register_IsAccessible_WithoutAuthentication()","","2026-09-15","passed","2026-09-15","","io.github.filipchyla.shopapi.config.authorization.AuthenticationAuthorizationTest","io.github.filipchyla.shopapi.config.authorization.AuthenticationAuthorizationTest","register_IsAccessible_WithoutAuthentication"
"","3","shouldRevokeFamilyWhenOldTokenIsNotFamilyHead()","","2026-09-15","passed","2026-09-15","","io.github.filipchyla.shopapi.auth.service.RefreshTokenServiceTest.RotateToken","io.github.filipchyla.shopapi.auth.service.RefreshTokenServiceTest$RotateToken","shouldRevokeFamilyWhenOldTokenIsNotFamilyHead"
"","2","getCategoryTree_ShouldHandlesMultipleRootsWithSeparateSubtrees()","","2026-09-15","passed","2026-09-15","","io.github.filipchyla.shopapi.product.category.CategoryServiceTest.GetCategoryTree","io.github.filipchyla.shopapi.product.category.CategoryServiceTest$GetCategoryTree","getCategoryTree_ShouldHandlesMultipleRootsWithSeparateSubtrees"
"","2","doFilterInternal_ShouldThrowClassCastException_WhenCsrfAttributeHasWrongType()","","2026-09-15","passed","2026-09-15","","io.github.filipchyla.shopapi.security.filter.CsrfCookieFilterTest","io.github.filipchyla.shopapi.security.filter.CsrfCookieFilterTest","doFilterInternal_ShouldThrowClassCastException_WhenCsrfAttributeHasWrongType"
"","1","getCategoryTree_ShouldReturnEmptyList_WhenNoCategoriesExist()","","2026-09-15","passed","2026-09-15","","io.github.filipchyla.shopapi.product.category.CategoryServiceTest.GetCategoryTree","io.github.filipchyla.shopapi.product.category.CategoryServiceTest$GetCategoryTree","getCategoryTree_ShouldReturnEmptyList_WhenNoCategoriesExist"
"","9","postCategories_IsAccessible_WhenAdmin()","","2026-09-15","passed","2026-09-15","","io.github.filipchyla.shopapi.config.authorization.CategoryAuthorizationTest","io.github.filipchyla.shopapi.config.authorization.CategoryAuthorizationTest","postCategories_IsAccessible_WhenAdmin"
"","84","shouldRevokeAllTokensForUserAndReturnExpiredCookie()","","2026-09-15","passed","2026-09-15","","io.github.filipchyla.shopapi.auth.AuthenticationFacadeTest.RevokeAllTokensForUserTest","io.github.filipchyla.shopapi.auth.AuthenticationFacadeTest$RevokeAllTokensForUserTest","shouldRevokeAllTokensForUserAndReturnExpiredCookie"
"","2","getCategoryTree_ShouldHitRepositoryAgain_AfterCacheIsManuallyCleared()","","2026-09-15","passed","2026-09-15","","io.github.filipchyla.shopapi.product.category.CategoryServiceCacheTest.GetCategoryTree","io.github.filipchyla.shopapi.product.category.CategoryServiceCacheTest$GetCategoryTree","getCategoryTree_ShouldHitRepositoryAgain_AfterCacheIsManuallyCleared"
"","8","authenticate_ShouldReturnUnauthorized_WhenCredentialsAreWrong()","","2026-09-15","passed","2026-09-15","","io.github.filipchyla.shopapi.auth.AuthenticationControllerTest.AuthenticationRequestTest","io.github.filipchyla.shopapi.auth.AuthenticationControllerTest$AuthenticationRequestTest","authenticate_ShouldReturnUnauthorized_WhenCredentialsAreWrong"
"","13","removeItem_ShouldThrowNotFound_WhenItemDoesNotExist()","","2026-09-15","passed","2026-09-15","","io.github.filipchyla.shopapi.cart.service.CartServiceTest.RemoveItem","io.github.filipchyla.shopapi.cart.service.CartServiceTest$RemoveItem","removeItem_ShouldThrowNotFound_WhenItemDoesNotExist"
"","2","merge_ShouldReturnCurrentCart_WhenNoCartTokenPresent()","","2026-09-15","passed","2026-09-15","","io.github.filipchyla.shopapi.cart.service.CartMergeServiceTest.NoGuestToken","io.github.filipchyla.shopapi.cart.service.CartMergeServiceTest$NoGuestToken","merge_ShouldReturnCurrentCart_WhenNoCartTokenPresent"
"","5","shouldThrowUserDisabledException_whenUserAccountIsDeactivated()","","2026-09-15","passed","2026-09-15","","io.github.filipchyla.shopapi.auth.AuthenticationFacadeTest.RefreshTokenTest","io.github.filipchyla.shopapi.auth.AuthenticationFacadeTest$RefreshTokenTest","shouldThrowUserDisabledException_whenUserAccountIsDeactivated"
"","3","getProducts_ShouldReturnEmptyContent_WhenNoProductsExist()","","2026-09-15","passed","2026-09-15","","io.github.filipchyla.shopapi.product.controller.ProductControllerTest.GetProducts","io.github.filipchyla.shopapi.product.controller.ProductControllerTest$GetProducts","getProducts_ShouldReturnEmptyContent_WhenNoProductsExist"
"","4","addOrIncreaseItem_ShouldAddNewItem_WhenProductNotInCart()","","2026-09-15","passed","2026-09-15","","io.github.filipchyla.shopapi.cart.domain.CartDomainTest.GuestCartModel","io.github.filipchyla.shopapi.cart.domain.CartDomainTest$GuestCartModel","addOrIncreaseItem_ShouldAddNewItem_WhenProductNotInCart"
"","326","addCategory_ReturnsForbidden_WhenUserIsNotAdmin()","","2026-09-15","passed","2026-09-15","","io.github.filipchyla.shopapi.product.category.CategoryIntegrationTest.AddCategory","io.github.filipchyla.shopapi.product.category.CategoryIntegrationTest$AddCategory","addCategory_ReturnsForbidden_WhenUserIsNotAdmin"
"","337","updateCategory_ReturnsBadRequest_WhenNameTooShort()","","2026-09-15","passed","2026-09-15","","io.github.filipchyla.shopapi.product.category.CategoryIntegrationTest.UpdateCategory","io.github.filipchyla.shopapi.product.category.CategoryIntegrationTest$UpdateCategory","updateCategory_ReturnsBadRequest_WhenNameTooShort"
"","3","findProducts_ShouldThrowIllegalArgumentException_WhenMinPriceGreaterThanMaxPrice()","","2026-09-15","passed","2026-09-15","","io.github.filipchyla.shopapi.product.ProductServiceTest.FindProducts","io.github.filipchyla.shopapi.product.ProductServiceTest$FindProducts","findProducts_ShouldThrowIllegalArgumentException_WhenMinPriceGreaterThanMaxPrice"
"","8","getCart_ShouldReturnCart_ForGuestWithExistingCookie()","","2026-09-15","passed","2026-09-15","","io.github.filipchyla.shopapi.cart.CartControllerTest.GetCart","io.github.filipchyla.shopapi.cart.CartControllerTest$GetCart","getCart_ShouldReturnCart_ForGuestWithExistingCookie"
"","125","refresh_ShouldReturnUnauthorized_WhenCookieIsIncorrect()","","2026-09-15","passed","2026-09-15","","io.github.filipchyla.shopapi.auth.AuthIntegrationTest","io.github.filipchyla.shopapi.auth.AuthIntegrationTest","refresh_ShouldReturnUnauthorized_WhenCookieIsIncorrect"
"","22","deleteMe_ShouldDeactivateUser_WhenHeExists()","","2026-09-15","passed","2026-09-15","","io.github.filipchyla.shopapi.user.UserControllerTest","io.github.filipchyla.shopapi.user.UserControllerTest","deleteMe_ShouldDeactivateUser_WhenHeExists"
"","2","getProductById_ShouldThrowNotFound_WhenProductDoesNotExist()","","2026-09-15","passed","2026-09-15","","io.github.filipchyla.shopapi.product.ProductServiceTest.GetProductById","io.github.filipchyla.shopapi.product.ProductServiceTest$GetProductById","getProductById_ShouldThrowNotFound_WhenProductDoesNotExist"
"","2","validateAddition_ShouldPass_WhenDistinctItemsReachMaxAllowedBoundaryForNewItem()","","2026-09-15","passed","2026-09-15","","io.github.filipchyla.shopapi.cart.CartLimitPolicyTest.ValidateAddition","io.github.filipchyla.shopapi.cart.CartLimitPolicyTest$ValidateAddition","validateAddition_ShouldPass_WhenDistinctItemsReachMaxAllowedBoundaryForNewItem"
"","1","clear_ShouldRemoveAllItems()","","2026-09-15","passed","2026-09-15","","io.github.filipchyla.shopapi.cart.domain.CartDomainTest.CartEntity","io.github.filipchyla.shopapi.cart.domain.CartDomainTest$CartEntity","clear_ShouldRemoveAllItems"
"","2","changePassword_ShouldChangePassword_WhenCurrentPasswordIsCorrect()","","2026-09-15","passed","2026-09-15","","io.github.filipchyla.shopapi.auth.service.AuthenticationServiceTest","io.github.filipchyla.shopapi.auth.service.AuthenticationServiceTest","changePassword_ShouldChangePassword_WhenCurrentPasswordIsCorrect"
"","334","deleteCategory_ReturnsForbidden_WhenUserIsNotAdmin()","","2026-09-15","passed","2026-09-15","","io.github.filipchyla.shopapi.product.category.CategoryIntegrationTest.DeleteCategory","io.github.filipchyla.shopapi.product.category.CategoryIntegrationTest$DeleteCategory","deleteCategory_ReturnsForbidden_WhenUserIsNotAdmin"
"","7","createUser_ShouldSaveUser_WhenEmailIsNotTaken()","","2026-09-15","passed","2026-09-15","","io.github.filipchyla.shopapi.user.UserServiceTest","io.github.filipchyla.shopapi.user.UserServiceTest","createUser_ShouldSaveUser_WhenEmailIsNotTaken"
"","399","deleteProduct_ReturnsUnauthorized_WhenNoTokenProvided()","","2026-09-15","passed","2026-09-15","","io.github.filipchyla.shopapi.product.ProductIntegrationTest.DeleteProduct","io.github.filipchyla.shopapi.product.ProductIntegrationTest$DeleteProduct","deleteProduct_ReturnsUnauthorized_WhenNoTokenProvided"
"","330","updateCategory_KeepsExistingName_WhenNameIsNull()","","2026-09-15","passed","2026-09-15","","io.github.filipchyla.shopapi.product.category.CategoryIntegrationTest.UpdateCategory","io.github.filipchyla.shopapi.product.category.CategoryIntegrationTest$UpdateCategory","updateCategory_KeepsExistingName_WhenNameIsNull"
"","4","validateQuantityUpdate_ShouldThrowInsufficientStock_WhenNewQuantityExceedsStock()","","2026-09-15","passed","2026-09-15","","io.github.filipchyla.shopapi.cart.CartLimitPolicyTest.ValidateQuantityUpdate","io.github.filipchyla.shopapi.cart.CartLimitPolicyTest$ValidateQuantityUpdate","validateQuantityUpdate_ShouldThrowInsufficientStock_WhenNewQuantityExceedsStock"
"","243","login_SetsRefreshCookieAndReturnsAccessToken_WhenCredentialsAreCorrect()","","2026-09-15","passed","2026-09-15","","io.github.filipchyla.shopapi.auth.AuthIntegrationTest","io.github.filipchyla.shopapi.auth.AuthIntegrationTest","login_SetsRefreshCookieAndReturnsAccessToken_WhenCredentialsAreCorrect"
"","1","addNewItem_ShouldInitializeItemAndSetSnapshot()","","2026-09-15","passed","2026-09-15","","io.github.filipchyla.shopapi.cart.domain.CartDomainTest.CartEntity","io.github.filipchyla.shopapi.cart.domain.CartDomainTest$CartEntity","addNewItem_ShouldInitializeItemAndSetSnapshot"
"","3","updateCategory_ShouldNotOverrideParent_WhenParentIdIsNull()","","2026-09-15","passed","2026-09-15","","io.github.filipchyla.shopapi.product.category.CategoryServiceTest.UpdateCategory","io.github.filipchyla.shopapi.product.category.CategoryServiceTest$UpdateCategory","updateCategory_ShouldNotOverrideParent_WhenParentIdIsNull"
"","299","doFilterInternal_ShouldProceedFilterChain_WhenCsrfTokenAbsent()","","2026-09-15","passed","2026-09-15","","io.github.filipchyla.shopapi.security.filter.CsrfCookieFilterTest","io.github.filipchyla.shopapi.security.filter.CsrfCookieFilterTest","doFilterInternal_ShouldProceedFilterChain_WhenCsrfTokenAbsent"
"","4","updateStock_ShouldShouldSubtractQuantity_WhenDifferenceIsNegative()","","2026-09-15","passed","2026-09-15","","io.github.filipchyla.shopapi.product.ProductServiceTest.UpdateStock","io.github.filipchyla.shopapi.product.ProductServiceTest$UpdateStock","updateStock_ShouldShouldSubtractQuantity_WhenDifferenceIsNegative"
"","349","getProducts_ReturnsEmptyPage_WhenNoProductsExist()","","2026-09-15","passed","2026-09-15","","io.github.filipchyla.shopapi.product.ProductIntegrationTest.GetProducts","io.github.filipchyla.shopapi.product.ProductIntegrationTest$GetProducts","getProducts_ReturnsEmptyPage_WhenNoProductsExist"
"","3","register_ShouldReturnAccessTokenAndSetRefreshCookie_WhenRequestIsValid()","","2026-09-15","passed","2026-09-15","","io.github.filipchyla.shopapi.auth.AuthenticationControllerTest.RegisterRequestTest","io.github.filipchyla.shopapi.auth.AuthenticationControllerTest$RegisterRequestTest","register_ShouldReturnAccessTokenAndSetRefreshCookie_WhenRequestIsValid"
"","4","getMe_IsNotAccessible_WithoutAuthentication()","","2026-09-15","passed","2026-09-15","","io.github.filipchyla.shopapi.config.authorization.UserAuthorizationTest","io.github.filipchyla.shopapi.config.authorization.UserAuthorizationTest","getMe_IsNotAccessible_WithoutAuthentication"
"","5","mergeCart_IsNotAccessible_WithoutAuthentication()","","2026-09-15","passed","2026-09-15","","io.github.filipchyla.shopapi.config.authorization.CartAuthorizationTest","io.github.filipchyla.shopapi.config.authorization.CartAuthorizationTest","mergeCart_IsNotAccessible_WithoutAuthentication"
"","11","addProduct_ShouldReturnNotFound_WhenCategoryDoesNotExist()","","2026-09-15","passed","2026-09-15","","io.github.filipchyla.shopapi.product.controller.ProductAdminControllerTest.AddProduct","io.github.filipchyla.shopapi.product.controller.ProductAdminControllerTest$AddProduct","addProduct_ShouldReturnNotFound_WhenCategoryDoesNotExist"
"","2","addProduct_ShouldSaveProduct_WhenCategoryExists()","","2026-09-15","passed","2026-09-15","","io.github.filipchyla.shopapi.product.ProductServiceTest.AddProduct","io.github.filipchyla.shopapi.product.ProductServiceTest$AddProduct","addProduct_ShouldSaveProduct_WhenCategoryExists"
"","2","getProductById_ShouldCacheSeparateEntries_ForDifferentIds()","","2026-09-15","passed","2026-09-15","","io.github.filipchyla.shopapi.product.ProductServiceCacheTest.GetProductById","io.github.filipchyla.shopapi.product.ProductServiceCacheTest$GetProductById","getProductById_ShouldCacheSeparateEntries_ForDifferentIds"
"","7","clearCart_ShouldReturnNoContentAndClearCookie()","","2026-09-15","passed","2026-09-15","","io.github.filipchyla.shopapi.cart.CartControllerTest.ClearCart","io.github.filipchyla.shopapi.cart.CartControllerTest$ClearCart","clearCart_ShouldReturnNoContentAndClearCookie"
"","7","updateStock_ShouldReturnNotFound_WhenProductDoesNotExist()","","2026-09-15","passed","2026-09-15","","io.github.filipchyla.shopapi.product.controller.ProductAdminControllerTest.UpdateStock","io.github.filipchyla.shopapi.product.controller.ProductAdminControllerTest$UpdateStock","updateStock_ShouldReturnNotFound_WhenProductDoesNotExist"
"","149","clearCart_ShouldClearAllItems_WhenCartExists()","","2026-09-15","passed","2026-09-15","","io.github.filipchyla.shopapi.cart.service.CartServiceTest.ClearCart","io.github.filipchyla.shopapi.cart.service.CartServiceTest$ClearCart","clearCart_ShouldClearAllItems_WhenCartExists"
"","2","merge_ShouldAddAllItemsAndClearGuestCart_WhenEverythingSucceeds()","","2026-09-15","passed","2026-09-15","","io.github.filipchyla.shopapi.cart.service.CartMergeServiceTest.HappyPath","io.github.filipchyla.shopapi.cart.service.CartMergeServiceTest$HappyPath","merge_ShouldAddAllItemsAndClearGuestCart_WhenEverythingSucceeds"
"","2","deleteProduct_ShouldThrowNotFound_WhenProductDoesNotExist()","","2026-09-15","passed","2026-09-15","","io.github.filipchyla.shopapi.product.ProductServiceTest.DeleteProduct","io.github.filipchyla.shopapi.product.ProductServiceTest$DeleteProduct","deleteProduct_ShouldThrowNotFound_WhenProductDoesNotExist"
"","3","removeItem_ShouldDelegateToGuestCartService_WhenGuest()","","2026-09-15","passed","2026-09-15","","io.github.filipchyla.shopapi.cart.CartFacadeTest.RemoveItem","io.github.filipchyla.shopapi.cart.CartFacadeTest$RemoveItem","removeItem_ShouldDelegateToGuestCartService_WhenGuest"
"","4","addCategory_ShouldCreateCategoryAndReturnsMappedResponse_WhenRequestIsCorrect()","","2026-09-15","passed","2026-09-15","","io.github.filipchyla.shopapi.product.category.controller.CategoryAdminControllerTest.AddCategory","io.github.filipchyla.shopapi.product.category.controller.CategoryAdminControllerTest$AddCategory","addCategory_ShouldCreateCategoryAndReturnsMappedResponse_WhenRequestIsCorrect"
"","343","getProduct_ReflectsUpdatedStock_AfterCachePutOnStockUpdate()","","2026-09-15","passed","2026-09-15","","io.github.filipchyla.shopapi.product.ProductIntegrationTest.GetProduct","io.github.filipchyla.shopapi.product.ProductIntegrationTest$GetProduct","getProduct_ReflectsUpdatedStock_AfterCachePutOnStockUpdate"
"","1","removeItem_ShouldDelegateToCartService_WhenAuthenticated()","","2026-09-15","passed","2026-09-15","","io.github.filipchyla.shopapi.cart.CartFacadeTest.RemoveItem","io.github.filipchyla.shopapi.cart.CartFacadeTest$RemoveItem","removeItem_ShouldDelegateToCartService_WhenAuthenticated"
"","4","getCategories_ShouldReturnCategoryTreeFromService_WhenCategoriesExist()","","2026-09-15","passed","2026-09-15","","io.github.filipchyla.shopapi.product.category.controller.CategoryControllerTest.GetCategories","io.github.filipchyla.shopapi.product.category.controller.CategoryControllerTest$GetCategories","getCategories_ShouldReturnCategoryTreeFromService_WhenCategoriesExist"
"","3","register_ShouldReturnBadRequest_WhenEmailIsInvalid()","","2026-09-15","passed","2026-09-15","","io.github.filipchyla.shopapi.auth.AuthenticationControllerTest.RegisterRequestTest","io.github.filipchyla.shopapi.auth.AuthenticationControllerTest$RegisterRequestTest","register_ShouldReturnBadRequest_WhenEmailIsInvalid"
"","1","quantityIfAdded_ShouldReturnDelta_WhenProductNotInCart()","","2026-09-15","passed","2026-09-15","","io.github.filipchyla.shopapi.cart.domain.CartDomainTest.CartEntity","io.github.filipchyla.shopapi.cart.domain.CartDomainTest$CartEntity","quantityIfAdded_ShouldReturnDelta_WhenProductNotInCart"
"","5","getCategoryTree_ShouldStoreResultUnderExpectedCacheKey()","","2026-09-15","passed","2026-09-15","","io.github.filipchyla.shopapi.product.category.CategoryServiceCacheTest.GetCategoryTree","io.github.filipchyla.shopapi.product.category.CategoryServiceCacheTest$GetCategoryTree","getCategoryTree_ShouldStoreResultUnderExpectedCacheKey"
"","1","extractUsername_ShouldReturnCorrectUsername()","","2026-09-15","passed","2026-09-15","","io.github.filipchyla.shopapi.auth.service.JwtServiceTest","io.github.filipchyla.shopapi.auth.service.JwtServiceTest","extractUsername_ShouldReturnCorrectUsername"
"","319","getProducts_ReturnsBadRequest_WhenSortFieldIsNotAllowed()","","2026-09-15","passed","2026-09-15","","io.github.filipchyla.shopapi.product.ProductIntegrationTest.GetProducts","io.github.filipchyla.shopapi.product.ProductIntegrationTest$GetProducts","getProducts_ReturnsBadRequest_WhenSortFieldIsNotAllowed"
"","3","addItem_ShouldPassIsNewTrueToPolicy_WhenAddingNewItem()","","2026-09-15","passed","2026-09-15","","io.github.filipchyla.shopapi.cart.service.CartServiceTest.AddItem","io.github.filipchyla.shopapi.cart.service.CartServiceTest$AddItem","addItem_ShouldPassIsNewTrueToPolicy_WhenAddingNewItem"
"","4","addProduct_ShouldCreateProductAndReturnMappedResponse_WhenRequestIsValid()","","2026-09-15","passed","2026-09-15","","io.github.filipchyla.shopapi.product.controller.ProductAdminControllerTest.AddProduct","io.github.filipchyla.shopapi.product.controller.ProductAdminControllerTest$AddProduct","addProduct_ShouldCreateProductAndReturnMappedResponse_WhenRequestIsValid"
"","686","mergeCart_ReturnsUnauthorized_WhenNoToken()","","2026-09-15","passed","2026-09-15","","io.github.filipchyla.shopapi.cart.CartIntegrationTest.MergeFlow","io.github.filipchyla.shopapi.cart.CartIntegrationTest$MergeFlow","mergeCart_ReturnsUnauthorized_WhenNoToken"
"","324","getProducts_ReturnsAllProducts_WhenNoFiltersApplied()","","2026-09-15","passed","2026-09-15","","io.github.filipchyla.shopapi.product.ProductIntegrationTest.GetProducts","io.github.filipchyla.shopapi.product.ProductIntegrationTest$GetProducts","getProducts_ReturnsAllProducts_WhenNoFiltersApplied"
"","332","deleteCategory_ReturnsUnauthorized_WhenNoTokenProvided()","","2026-09-15","passed","2026-09-15","","io.github.filipchyla.shopapi.product.category.CategoryIntegrationTest.DeleteCategory","io.github.filipchyla.shopapi.product.category.CategoryIntegrationTest$DeleteCategory","deleteCategory_ReturnsUnauthorized_WhenNoTokenProvided"
"","3","deleteCategory_IsNotAccessible_WithoutAuthentication()","","2026-09-15","passed","2026-09-15","","io.github.filipchyla.shopapi.config.authorization.CategoryAuthorizationTest","io.github.filipchyla.shopapi.config.authorization.CategoryAuthorizationTest","deleteCategory_IsNotAccessible_WithoutAuthentication"
"","19","addItem_ShouldSetCartTokenCookie_WhenGuestHasNoCookieYet()","","2026-09-15","passed","2026-09-15","","io.github.filipchyla.shopapi.cart.CartControllerTest.AddItem","io.github.filipchyla.shopapi.cart.CartControllerTest$AddItem","addItem_ShouldSetCartTokenCookie_WhenGuestHasNoCookieYet"
"","6","getCart_IsAccessible_WithoutAuthentication()","","2026-09-15","passed","2026-09-15","","io.github.filipchyla.shopapi.config.authorization.CartAuthorizationTest","io.github.filipchyla.shopapi.config.authorization.CartAuthorizationTest","getCart_IsAccessible_WithoutAuthentication"
"","2","addOrIncreaseItem_ShouldAddNewItem_WhenProductNotInCart()","","2026-09-15","passed","2026-09-15","","io.github.filipchyla.shopapi.cart.domain.CartDomainTest.CartEntity","io.github.filipchyla.shopapi.cart.domain.CartDomainTest$CartEntity","addOrIncreaseItem_ShouldAddNewItem_WhenProductNotInCart"
"","158","register_ShouldReturnPrincipal_WhenSuccessful()","","2026-09-15","passed","2026-09-15","","io.github.filipchyla.shopapi.auth.service.AuthenticationServiceTest","io.github.filipchyla.shopapi.auth.service.AuthenticationServiceTest","register_ShouldReturnPrincipal_WhenSuccessful"
"","336","updateStock_UpdatesQuantity_WhenAdminAndValidRequest()","","2026-09-15","passed","2026-09-15","","io.github.filipchyla.shopapi.product.ProductIntegrationTest.UpdateStock","io.github.filipchyla.shopapi.product.ProductIntegrationTest$UpdateStock","updateStock_UpdatesQuantity_WhenAdminAndValidRequest"
"","2","addItem_ShouldThrowLimitExceeded_WhenQuantityAboveMax()","","2026-09-15","passed","2026-09-15","","io.github.filipchyla.shopapi.cart.service.GuestCartServiceTest.AddItem","io.github.filipchyla.shopapi.cart.service.GuestCartServiceTest$AddItem","addItem_ShouldThrowLimitExceeded_WhenQuantityAboveMax"
"","264","updatePassword_ShouldChangePassword_WhenCurrentPasswordIsCorrect()","","2026-09-15","passed","2026-09-15","","io.github.filipchyla.shopapi.user.UserIntegrationTest","io.github.filipchyla.shopapi.user.UserIntegrationTest","updatePassword_ShouldChangePassword_WhenCurrentPasswordIsCorrect"
"","3","validateAddition_ShouldThrowLimitExceeded_WhenNewItemExceedsMaxDistinctItems()","","2026-09-15","passed","2026-09-15","","io.github.filipchyla.shopapi.cart.CartLimitPolicyTest.ValidateAddition","io.github.filipchyla.shopapi.cart.CartLimitPolicyTest$ValidateAddition","validateAddition_ShouldThrowLimitExceeded_WhenNewItemExceedsMaxDistinctItems"
"","3","updateCategory_ShouldOverrideParent_WhenParentIdIsNotNull()","","2026-09-15","passed","2026-09-15","","io.github.filipchyla.shopapi.product.category.CategoryServiceTest.UpdateCategory","io.github.filipchyla.shopapi.product.category.CategoryServiceTest$UpdateCategory","updateCategory_ShouldOverrideParent_WhenParentIdIsNotNull"
"","20","patchMe_ShouldReturnBadRequest_WhenRequestIsInvalid()","","2026-09-15","passed","2026-09-15","","io.github.filipchyla.shopapi.user.UserControllerTest","io.github.filipchyla.shopapi.user.UserControllerTest","patchMe_ShouldReturnBadRequest_WhenRequestIsInvalid"
"","124","clearCart_ShouldDelegateToCartService_WhenPrincipalIsPresent()","","2026-09-15","passed","2026-09-15","","io.github.filipchyla.shopapi.cart.CartFacadeTest.ClearCart","io.github.filipchyla.shopapi.cart.CartFacadeTest$ClearCart","clearCart_ShouldDelegateToCartService_WhenPrincipalIsPresent"
"","6","updateItemQuantity_ShouldReturnBadRequest_WhenQuantityExceedsMaxAllowed()","","2026-09-15","passed","2026-09-15","","io.github.filipchyla.shopapi.cart.CartControllerTest.UpdateItemQuantity","io.github.filipchyla.shopapi.cart.CartControllerTest$UpdateItemQuantity","updateItemQuantity_ShouldReturnBadRequest_WhenQuantityExceedsMaxAllowed"
"","1","updateStock_ShouldUpdateStockQuantity_WhenProductExists()","","2026-09-15","passed","2026-09-15","","io.github.filipchyla.shopapi.product.ProductServiceTest.UpdateStock","io.github.filipchyla.shopapi.product.ProductServiceTest$UpdateStock","updateStock_ShouldUpdateStockQuantity_WhenProductExists"
"","40","mergeCart_ShouldReturnOkAndClearCookie_WhenAuthenticated()","","2026-09-15","passed","2026-09-15","","io.github.filipchyla.shopapi.cart.CartControllerTest.MergeCart","io.github.filipchyla.shopapi.cart.CartControllerTest$MergeCart","mergeCart_ShouldReturnOkAndClearCookie_WhenAuthenticated"
"","4","cookieBasedEndpoints_ShouldReturnForbidden_WhenCsrfTokenMissing(HttpMethod, String) [4] method=PATCH, url=/api/v1/cart/items/*","","2026-09-15","passed","2026-09-15","","io.github.filipchyla.shopapi.config.CsrfConfigurationTest","io.github.filipchyla.shopapi.config.CsrfConfigurationTest","cookieBasedEndpoints_ShouldReturnForbidden_WhenCsrfTokenMissing"
"","3","addCategory_ShouldThrowNotFound_WhenParentDoesNotExist()","","2026-09-15","passed","2026-09-15","","io.github.filipchyla.shopapi.product.category.CategoryServiceTest.AddCategory","io.github.filipchyla.shopapi.product.category.CategoryServiceTest$AddCategory","addCategory_ShouldThrowNotFound_WhenParentDoesNotExist"
"","1","removeItem_ShouldThrowNotFound_WhenItemNotInCart()","","2026-09-15","passed","2026-09-15","","io.github.filipchyla.shopapi.cart.domain.CartDomainTest.GuestCartModel","io.github.filipchyla.shopapi.cart.domain.CartDomainTest$GuestCartModel","removeItem_ShouldThrowNotFound_WhenItemNotInCart"
"","211","refresh_ShouldRotateCookieAndReturnsNewAccessToken_WhenCookieIsCorrect()","","2026-09-15","passed","2026-09-15","","io.github.filipchyla.shopapi.auth.AuthIntegrationTest","io.github.filipchyla.shopapi.auth.AuthIntegrationTest","refresh_ShouldRotateCookieAndReturnsNewAccessToken_WhenCookieIsCorrect"
"","5","getMe_ShouldReturnUser_WhenUserExist()","","2026-09-15","passed","2026-09-15","","io.github.filipchyla.shopapi.user.UserControllerTest","io.github.filipchyla.shopapi.user.UserControllerTest","getMe_ShouldReturnUser_WhenUserExist"
"","2","getProductById_ShouldReturnProductResponse_WhenProductExists()","","2026-09-15","passed","2026-09-15","","io.github.filipchyla.shopapi.product.ProductServiceTest.GetProductById","io.github.filipchyla.shopapi.product.ProductServiceTest$GetProductById","getProductById_ShouldReturnProductResponse_WhenProductExists"
"","2","getCategoryTree_ShouldNestChildrenUnderTheirParent()","","2026-09-15","passed","2026-09-15","","io.github.filipchyla.shopapi.product.category.CategoryServiceTest.GetCategoryTree","io.github.filipchyla.shopapi.product.category.CategoryServiceTest$GetCategoryTree","getCategoryTree_ShouldNestChildrenUnderTheirParent"
"","1","lineTotal_ShouldReturnZero_WhenQuantityIsZero()","","2026-09-15","passed","2026-09-15","","io.github.filipchyla.shopapi.cart.PriceCalculatorTest.LineTotal","io.github.filipchyla.shopapi.cart.PriceCalculatorTest$LineTotal","lineTotal_ShouldReturnZero_WhenQuantityIsZero"
"","329","addCategory_ReturnsNotFound_WhenParentIdDoesNotExist()","","2026-09-15","passed","2026-09-15","","io.github.filipchyla.shopapi.product.category.CategoryIntegrationTest.AddCategory","io.github.filipchyla.shopapi.product.category.CategoryIntegrationTest$AddCategory","addCategory_ReturnsNotFound_WhenParentIdDoesNotExist"
"","2","validateQuantityUpdate_ShouldThrowLimitExceeded_WhenNewQuantityExceedsMaxPerItem()","","2026-09-15","passed","2026-09-15","","io.github.filipchyla.shopapi.cart.CartLimitPolicyTest.ValidateQuantityUpdate","io.github.filipchyla.shopapi.cart.CartLimitPolicyTest$ValidateQuantityUpdate","validateQuantityUpdate_ShouldThrowLimitExceeded_WhenNewQuantityExceedsMaxPerItem"
"","86","updateProduct_ShouldNotWriteToCache_WhenCategoryDoesNotExist()","","2026-09-15","passed","2026-09-15","","io.github.filipchyla.shopapi.product.ProductServiceCacheTest.UpdateProduct","io.github.filipchyla.shopapi.product.ProductServiceCacheTest$UpdateProduct","updateProduct_ShouldNotWriteToCache_WhenCategoryDoesNotExist"
"","2","addItem_ShouldReturnNewCartToken_WhenGuestWithoutCookieAddsItem()","","2026-09-15","passed","2026-09-15","","io.github.filipchyla.shopapi.cart.CartFacadeTest.AddItem","io.github.filipchyla.shopapi.cart.CartFacadeTest$AddItem","addItem_ShouldReturnNewCartToken_WhenGuestWithoutCookieAddsItem"
"","2","getCategoryTree_ShouldCallRepositoryOnlyOnce_WhenCalledMultipleTimes()","","2026-09-15","passed","2026-09-15","","io.github.filipchyla.shopapi.product.category.CategoryServiceCacheTest.GetCategoryTree","io.github.filipchyla.shopapi.product.category.CategoryServiceCacheTest$GetCategoryTree","getCategoryTree_ShouldCallRepositoryOnlyOnce_WhenCalledMultipleTimes"
"","50","patchUser_ShouldThrowUserNotFoundException_WhenUserDoesNotExist()","","2026-09-15","passed","2026-09-15","","io.github.filipchyla.shopapi.user.UserServiceTest","io.github.filipchyla.shopapi.user.UserServiceTest","patchUser_ShouldThrowUserNotFoundException_WhenUserDoesNotExist"
"","8","getProductById_IsAccessible_WithoutAuthentication()","","2026-09-15","passed","2026-09-15","","io.github.filipchyla.shopapi.config.authorization.ProductAuthorizationTest","io.github.filipchyla.shopapi.config.authorization.ProductAuthorizationTest","getProductById_IsAccessible_WithoutAuthentication"
"","4","logoutAll_ShouldRevokeAllTokensForUser_WhenUserIsAuthenticated()","","2026-09-15","passed","2026-09-15","","io.github.filipchyla.shopapi.auth.AuthenticationControllerTest.LogoutTest","io.github.filipchyla.shopapi.auth.AuthenticationControllerTest$LogoutTest","logoutAll_ShouldRevokeAllTokensForUser_WhenUserIsAuthenticated"
"","3","addItem_ShouldThrowLimitExceeded_WhenCartAlreadyHasMaxDistinctItems()","","2026-09-15","passed","2026-09-15","","io.github.filipchyla.shopapi.cart.service.CartServiceTest.AddItem","io.github.filipchyla.shopapi.cart.service.CartServiceTest$AddItem","addItem_ShouldThrowLimitExceeded_WhenCartAlreadyHasMaxDistinctItems"
"","245","register_ShouldReturnConflict_WhenEmailAlreadyUsed()","","2026-09-15","passed","2026-09-15","","io.github.filipchyla.shopapi.auth.AuthIntegrationTest","io.github.filipchyla.shopapi.auth.AuthIntegrationTest","register_ShouldReturnConflict_WhenEmailAlreadyUsed"
"","9","cookieBasedEndpoints_ShouldNotReturnForbidden_WhenCsrfTokenPresent(HttpMethod, String) [1] method=POST, url=/api/v1/auth/refresh","","2026-09-15","passed","2026-09-15","","io.github.filipchyla.shopapi.config.CsrfConfigurationTest","io.github.filipchyla.shopapi.config.CsrfConfigurationTest","cookieBasedEndpoints_ShouldNotReturnForbidden_WhenCsrfTokenPresent"
"","1","getCategoryById_ShouldThrowNotFound_WhenCategoryDoesNotExists()","","2026-09-15","passed","2026-09-15","","io.github.filipchyla.shopapi.product.category.CategoryServiceTest.GetCategoryById","io.github.filipchyla.shopapi.product.category.CategoryServiceTest$GetCategoryById","getCategoryById_ShouldThrowNotFound_WhenCategoryDoesNotExists"
"","63","addCategory_ShouldEvictTreeCache()","","2026-09-15","passed","2026-09-15","","io.github.filipchyla.shopapi.product.category.CategoryServiceCacheTest.AddCategory","io.github.filipchyla.shopapi.product.category.CategoryServiceCacheTest$AddCategory","addCategory_ShouldEvictTreeCache"
"","327","updateCategory_ReturnsNotFound_WhenCategoryDoesNotExist()","","2026-09-15","passed","2026-09-15","","io.github.filipchyla.shopapi.product.category.CategoryIntegrationTest.UpdateCategory","io.github.filipchyla.shopapi.product.category.CategoryIntegrationTest$UpdateCategory","updateCategory_ReturnsNotFound_WhenCategoryDoesNotExist"
"","182","addItem_ReturnsConflict_WhenStockInsufficient()","","2026-09-15","passed","2026-09-15","","io.github.filipchyla.shopapi.cart.CartIntegrationTest.GuestFlow","io.github.filipchyla.shopapi.cart.CartIntegrationTest$GuestFlow","addItem_ReturnsConflict_WhenStockInsufficient"
"","3","getCart_ShouldThrowIllegalStateException_WhenJsonIsCorrupted()","","2026-09-15","passed","2026-09-15","","io.github.filipchyla.shopapi.cart.service.GuestCartServiceTest.GetCart","io.github.filipchyla.shopapi.cart.service.GuestCartServiceTest$GetCart","getCart_ShouldThrowIllegalStateException_WhenJsonIsCorrupted"
"","3","register_ShouldReturnBadRequest_WhenPasswordIsWeak()","","2026-09-15","passed","2026-09-15","","io.github.filipchyla.shopapi.auth.AuthenticationControllerTest.RegisterRequestTest","io.github.filipchyla.shopapi.auth.AuthenticationControllerTest$RegisterRequestTest","register_ShouldReturnBadRequest_WhenPasswordIsWeak"
"","2","merge_ShouldSkipItemsThatFailWithBadRequest_ButStillClearGuestCart()","","2026-09-15","passed","2026-09-15","","io.github.filipchyla.shopapi.cart.service.CartMergeServiceTest.PartialFailure","io.github.filipchyla.shopapi.cart.service.CartMergeServiceTest$PartialFailure","merge_ShouldSkipItemsThatFailWithBadRequest_ButStillClearGuestCart"
"","5","refresh_ShouldReturnUnauthorized_WhenCookieIsWrongOrExpired()","","2026-09-15","passed","2026-09-15","","io.github.filipchyla.shopapi.auth.AuthenticationControllerTest.RefreshTokenCookieTest","io.github.filipchyla.shopapi.auth.AuthenticationControllerTest$RefreshTokenCookieTest","refresh_ShouldReturnUnauthorized_WhenCookieIsWrongOrExpired"
"","12","cookieBasedEndpoints_ShouldReturnForbidden_WhenCsrfTokenMissing(HttpMethod, String) [1] method=POST, url=/api/v1/auth/refresh","","2026-09-15","passed","2026-09-15","","io.github.filipchyla.shopapi.config.CsrfConfigurationTest","io.github.filipchyla.shopapi.config.CsrfConfigurationTest","cookieBasedEndpoints_ShouldReturnForbidden_WhenCsrfTokenMissing"
"","3","addItem_ShouldThrowProductNotFound_WhenProductDoesNotExistOrInactive()","","2026-09-15","passed","2026-09-15","","io.github.filipchyla.shopapi.cart.service.GuestCartServiceTest.AddItem","io.github.filipchyla.shopapi.cart.service.GuestCartServiceTest$AddItem","addItem_ShouldThrowProductNotFound_WhenProductDoesNotExistOrInactive"
"","2","deleteCategory_ShouldEvictTreeCache()","","2026-09-15","passed","2026-09-15","","io.github.filipchyla.shopapi.product.category.CategoryServiceCacheTest.DeleteCategory","io.github.filipchyla.shopapi.product.category.CategoryServiceCacheTest$DeleteCategory","deleteCategory_ShouldEvictTreeCache"
"","4","removeItem_ShouldRemoveItemAndSave_WhenItemExists()","","2026-09-15","passed","2026-09-15","","io.github.filipchyla.shopapi.cart.service.GuestCartServiceTest.UpdateAndRemove","io.github.filipchyla.shopapi.cart.service.GuestCartServiceTest$UpdateAndRemove","removeItem_ShouldRemoveItemAndSave_WhenItemExists"
"","2","doFilterInternal_ShouldNotSetAuthentication_WhenUsernameIsNull()","","2026-09-15","passed","2026-09-15","","io.github.filipchyla.shopapi.security.filter.JwtAuthenticationFilterTest","io.github.filipchyla.shopapi.security.filter.JwtAuthenticationFilterTest","doFilterInternal_ShouldNotSetAuthentication_WhenUsernameIsNull"
"","5","postCategories_IsNotAccessible_WithoutAuthentication()","","2026-09-15","passed","2026-09-15","","io.github.filipchyla.shopapi.config.authorization.CategoryAuthorizationTest","io.github.filipchyla.shopapi.config.authorization.CategoryAuthorizationTest","postCategories_IsNotAccessible_WithoutAuthentication"
"","2","deleteCategory_ShouldDelegateToRepository()","","2026-09-15","passed","2026-09-15","","io.github.filipchyla.shopapi.product.category.CategoryServiceTest.DeleteCategory","io.github.filipchyla.shopapi.product.category.CategoryServiceTest$DeleteCategory","deleteCategory_ShouldDelegateToRepository"
"","3","postCategories_ReturnsForbidden_WhenUser()","","2026-09-15","passed","2026-09-15","","io.github.filipchyla.shopapi.config.authorization.CategoryAuthorizationTest","io.github.filipchyla.shopapi.config.authorization.CategoryAuthorizationTest","postCategories_ReturnsForbidden_WhenUser"
"","11","updatePassword_ShouldUpdatePassword_WhenRequestIsValid()","","2026-09-15","passed","2026-09-15","","io.github.filipchyla.shopapi.user.UserControllerTest","io.github.filipchyla.shopapi.user.UserControllerTest","updatePassword_ShouldUpdatePassword_WhenRequestIsValid"
"","2","merge_ShouldClearGuestCartAndSkipAddItem_WhenGuestCartHasNoItems()","","2026-09-15","passed","2026-09-15","","io.github.filipchyla.shopapi.cart.service.CartMergeServiceTest.HappyPath","io.github.filipchyla.shopapi.cart.service.CartMergeServiceTest$HappyPath","merge_ShouldClearGuestCartAndSkipAddItem_WhenGuestCartHasNoItems"
"","10","updateItemQuantity_ShouldReturnOk_WhenValidQuantityProvided()","","2026-09-15","passed","2026-09-15","","io.github.filipchyla.shopapi.cart.CartControllerTest.UpdateItemQuantity","io.github.filipchyla.shopapi.cart.CartControllerTest$UpdateItemQuantity","updateItemQuantity_ShouldReturnOk_WhenValidQuantityProvided"
"","4","cookieBasedEndpoints_ShouldReturnForbidden_WhenCsrfTokenMissing(HttpMethod, String) [5] method=DELETE, url=/api/v1/cart/items/*","","2026-09-15","passed","2026-09-15","","io.github.filipchyla.shopapi.config.CsrfConfigurationTest","io.github.filipchyla.shopapi.config.CsrfConfigurationTest","cookieBasedEndpoints_ShouldReturnForbidden_WhenCsrfTokenMissing"
"","3","cookieBasedEndpoints_ShouldReturnForbidden_WhenCsrfTokenMissing(HttpMethod, String) [6] method=DELETE, url=/api/v1/cart","","2026-09-15","passed","2026-09-15","","io.github.filipchyla.shopapi.config.CsrfConfigurationTest","io.github.filipchyla.shopapi.config.CsrfConfigurationTest","cookieBasedEndpoints_ShouldReturnForbidden_WhenCsrfTokenMissing"
"","2","shouldCreateTokenAndSaveItsData()","","2026-09-15","passed","2026-09-15","","io.github.filipchyla.shopapi.auth.service.RefreshTokenServiceTest.CreateNewToken","io.github.filipchyla.shopapi.auth.service.RefreshTokenServiceTest$CreateNewToken","shouldCreateTokenAndSaveItsData"
"","8","cookieBasedEndpoints_ShouldNotReturnForbidden_WhenCsrfTokenPresent(HttpMethod, String) [2] method=POST, url=/api/v1/auth/logout","","2026-09-15","passed","2026-09-15","","io.github.filipchyla.shopapi.config.CsrfConfigurationTest","io.github.filipchyla.shopapi.config.CsrfConfigurationTest","cookieBasedEndpoints_ShouldNotReturnForbidden_WhenCsrfTokenPresent"
"","3","getItems_ShouldReturnUnmodifiableList()","","2026-09-15","passed","2026-09-15","","io.github.filipchyla.shopapi.cart.domain.CartDomainTest.GuestCartModel","io.github.filipchyla.shopapi.cart.domain.CartDomainTest$GuestCartModel","getItems_ShouldReturnUnmodifiableList"
"","6","addItem_IsAccessible_WithoutAuthentication()","","2026-09-15","passed","2026-09-15","","io.github.filipchyla.shopapi.config.authorization.CartAuthorizationTest","io.github.filipchyla.shopapi.config.authorization.CartAuthorizationTest","addItem_IsAccessible_WithoutAuthentication"
"","4","updateItemQuantity_ShouldUpdateQuantity_WhenItemExists()","","2026-09-15","passed","2026-09-15","","io.github.filipchyla.shopapi.cart.service.GuestCartServiceTest.UpdateAndRemove","io.github.filipchyla.shopapi.cart.service.GuestCartServiceTest$UpdateAndRemove","updateItemQuantity_ShouldUpdateQuantity_WhenItemExists"
"","341","getProducts_FiltersByPriceRange()","","2026-09-15","passed","2026-09-15","","io.github.filipchyla.shopapi.product.ProductIntegrationTest.GetProducts","io.github.filipchyla.shopapi.product.ProductIntegrationTest$GetProducts","getProducts_FiltersByPriceRange"
"","23","getProducts_IsAccessible_WithoutAuthentication()","","2026-09-15","passed","2026-09-15","","io.github.filipchyla.shopapi.config.authorization.ProductAuthorizationTest","io.github.filipchyla.shopapi.config.authorization.ProductAuthorizationTest","getProducts_IsAccessible_WithoutAuthentication"
"","176","refresh_ShouldReturnUnauthorized_WhenCookieIsReused()","","2026-09-15","passed","2026-09-15","","io.github.filipchyla.shopapi.auth.AuthIntegrationTest","io.github.filipchyla.shopapi.auth.AuthIntegrationTest","refresh_ShouldReturnUnauthorized_WhenCookieIsReused"
"","35","updateItemQuantity_ShouldReturnBadRequest_WhenQuantityIsZeroOrNegative()","","2026-09-15","passed","2026-09-15","","io.github.filipchyla.shopapi.cart.CartControllerTest.UpdateItemQuantity","io.github.filipchyla.shopapi.cart.CartControllerTest$UpdateItemQuantity","updateItemQuantity_ShouldReturnBadRequest_WhenQuantityIsZeroOrNegative"
"","2","validateAddition_ShouldPass_WhenRequestedQuantityEqualsAvailableStock()","","2026-09-15","passed","2026-09-15","","io.github.filipchyla.shopapi.cart.CartLimitPolicyTest.ValidateAddition","io.github.filipchyla.shopapi.cart.CartLimitPolicyTest$ValidateAddition","validateAddition_ShouldPass_WhenRequestedQuantityEqualsAvailableStock"
"","3","getUserEntity_ShouldReturnUserEntity_WhenUserExists()","","2026-09-15","passed","2026-09-15","","io.github.filipchyla.shopapi.user.UserServiceTest","io.github.filipchyla.shopapi.user.UserServiceTest","getUserEntity_ShouldReturnUserEntity_WhenUserExists"
"","2","addOrIncreaseItem_ShouldUpdateQuantity_WhenProductAlreadyInCart()","","2026-09-15","passed","2026-09-15","","io.github.filipchyla.shopapi.cart.domain.CartDomainTest.CartEntity","io.github.filipchyla.shopapi.cart.domain.CartDomainTest$CartEntity","addOrIncreaseItem_ShouldUpdateQuantity_WhenProductAlreadyInCart"
"","327","getCategories_ReturnsNestedTree_WhenParentAndChildExist()","","2026-09-15","passed","2026-09-15","","io.github.filipchyla.shopapi.product.category.CategoryIntegrationTest.GetCategories","io.github.filipchyla.shopapi.product.category.CategoryIntegrationTest$GetCategories","getCategories_ReturnsNestedTree_WhenParentAndChildExist"
"","2","doFilterInternal_ShouldReturnForbidden_WhenUserIsDisabled()","","2026-09-15","passed","2026-09-15","","io.github.filipchyla.shopapi.security.filter.JwtAuthenticationFilterTest","io.github.filipchyla.shopapi.security.filter.JwtAuthenticationFilterTest","doFilterInternal_ShouldReturnForbidden_WhenUserIsDisabled"
"","9","addItem_ShouldReturnBadRequest_WhenProductIdIsNull()","","2026-09-15","passed","2026-09-15","","io.github.filipchyla.shopapi.cart.CartControllerTest.AddItem","io.github.filipchyla.shopapi.cart.CartControllerTest$AddItem","addItem_ShouldReturnBadRequest_WhenProductIdIsNull"
"","352","updateProduct_ReassignsCategory_WhenCategoryIdProvided()","","2026-09-15","passed","2026-09-15","","io.github.filipchyla.shopapi.product.ProductIntegrationTest.UpdateProduct","io.github.filipchyla.shopapi.product.ProductIntegrationTest$UpdateProduct","updateProduct_ReassignsCategory_WhenCategoryIdProvided"
"","2","shouldDoNothingWhenUserHasNoSessions()","","2026-09-15","passed","2026-09-15","","io.github.filipchyla.shopapi.auth.service.RefreshTokenServiceTest.RevokeAllForUser","io.github.filipchyla.shopapi.auth.service.RefreshTokenServiceTest$RevokeAllForUser","shouldDoNothingWhenUserHasNoSessions"
"","2","deleteProduct_ShouldMarkProductInactive_WhenProductExists()","","2026-09-15","passed","2026-09-15","","io.github.filipchyla.shopapi.product.ProductServiceTest.DeleteProduct","io.github.filipchyla.shopapi.product.ProductServiceTest$DeleteProduct","deleteProduct_ShouldMarkProductInactive_WhenProductExists"
"","2","findProducts_ShouldReturnPage_WhenFiltersAreValid()","","2026-09-15","passed","2026-09-15","","io.github.filipchyla.shopapi.product.ProductServiceTest.FindProducts","io.github.filipchyla.shopapi.product.ProductServiceTest$FindProducts","findProducts_ShouldReturnPage_WhenFiltersAreValid"
"","6","patchMe_ShouldReturnUpdatedUser_WhenRequestIsValid()","","2026-09-15","passed","2026-09-15","","io.github.filipchyla.shopapi.user.UserControllerTest","io.github.filipchyla.shopapi.user.UserControllerTest","patchMe_ShouldReturnUpdatedUser_WhenRequestIsValid"
"","2","merge_ShouldSkipItemsThatFailWithConflict_ButStillClearGuestCart()","","2026-09-15","passed","2026-09-15","","io.github.filipchyla.shopapi.cart.service.CartMergeServiceTest.PartialFailure","io.github.filipchyla.shopapi.cart.service.CartMergeServiceTest$PartialFailure","merge_ShouldSkipItemsThatFailWithConflict_ButStillClearGuestCart"
"","458","deleteProduct_ReturnsNotFound_WhenProductDoesNotExist()","","2026-09-15","passed","2026-09-15","","io.github.filipchyla.shopapi.product.ProductIntegrationTest.DeleteProduct","io.github.filipchyla.shopapi.product.ProductIntegrationTest$DeleteProduct","deleteProduct_ReturnsNotFound_WhenProductDoesNotExist"
"","3","getCart_ShouldDelegateToGuestCartService_WhenPrincipalIsNull()","","2026-09-15","passed","2026-09-15","","io.github.filipchyla.shopapi.cart.CartFacadeTest.GetCart","io.github.filipchyla.shopapi.cart.CartFacadeTest$GetCart","getCart_ShouldDelegateToGuestCartService_WhenPrincipalIsNull"
"","4","cookieBasedEndpoints_ShouldReturnForbidden_WhenCsrfTokenMissing(HttpMethod, String) [2] method=POST, url=/api/v1/auth/logout","","2026-09-15","passed","2026-09-15","","io.github.filipchyla.shopapi.config.CsrfConfigurationTest","io.github.filipchyla.shopapi.config.CsrfConfigurationTest","cookieBasedEndpoints_ShouldReturnForbidden_WhenCsrfTokenMissing"
"","159","authenticate_ShouldReturnAuthenticatedUser_WhenCredentialsAreValid()","","2026-09-15","passed","2026-09-15","","io.github.filipchyla.shopapi.auth.service.AuthenticationServiceTest","io.github.filipchyla.shopapi.auth.service.AuthenticationServiceTest","authenticate_ShouldReturnAuthenticatedUser_WhenCredentialsAreValid"
"","335","addCategory_EvictsTreeCache_SoNewCategoryIsVisibleImmediately()","","2026-09-15","passed","2026-09-15","","io.github.filipchyla.shopapi.product.category.CategoryIntegrationTest.AddCategory","io.github.filipchyla.shopapi.product.category.CategoryIntegrationTest$AddCategory","addCategory_EvictsTreeCache_SoNewCategoryIsVisibleImmediately"
"","2","doFilterInternal_ShouldSetAuthentication_WhenTokenIsValid()","","2026-09-15","passed","2026-09-15","","io.github.filipchyla.shopapi.security.filter.JwtAuthenticationFilterTest","io.github.filipchyla.shopapi.security.filter.JwtAuthenticationFilterTest","doFilterInternal_ShouldSetAuthentication_WhenTokenIsValid"
"","3","clearCart_ShouldDoNothing_WhenTokenIsNull()","","2026-09-15","passed","2026-09-15","","io.github.filipchyla.shopapi.cart.service.GuestCartServiceTest.ClearCart","io.github.filipchyla.shopapi.cart.service.GuestCartServiceTest$ClearCart","clearCart_ShouldDoNothing_WhenTokenIsNull"
"","1","doFilterInternal_ShouldContinueChainWithoutAuthentication_WhenHeaderIsNotBearer()","","2026-09-15","passed","2026-09-15","","io.github.filipchyla.shopapi.security.filter.JwtAuthenticationFilterTest","io.github.filipchyla.shopapi.security.filter.JwtAuthenticationFilterTest","doFilterInternal_ShouldContinueChainWithoutAuthentication_WhenHeaderIsNotBearer"
"","5","deactivateUser_ShouldSetEnabledToFalse_WhenUserExists()","","2026-09-15","passed","2026-09-15","","io.github.filipchyla.shopapi.user.UserServiceTest","io.github.filipchyla.shopapi.user.UserServiceTest","deactivateUser_ShouldSetEnabledToFalse_WhenUserExists"
"","2","getCart_ShouldCreateNewCart_WhenNoneExistsForUser()","","2026-09-15","passed","2026-09-15","","io.github.filipchyla.shopapi.cart.service.CartServiceTest.GetCart","io.github.filipchyla.shopapi.cart.service.CartServiceTest$GetCart","getCart_ShouldCreateNewCart_WhenNoneExistsForUser"
"","223","shouldRemoveOrphanedTokensFromSessionSet()","","2026-09-15","passed","2026-09-15","","io.github.filipchyla.shopapi.auth.service.RefreshTokenServiceTest.RevokeAllForUser","io.github.filipchyla.shopapi.auth.service.RefreshTokenServiceTest$RevokeAllForUser","shouldRemoveOrphanedTokensFromSessionSet"
"","1","addItem_ShouldAddNewLineItem_WhenProductNotYetInCart()","","2026-09-15","passed","2026-09-15","","io.github.filipchyla.shopapi.cart.service.CartServiceTest.AddItem","io.github.filipchyla.shopapi.cart.service.CartServiceTest$AddItem","addItem_ShouldAddNewLineItem_WhenProductNotYetInCart"
"","4","logoutAll_IsNotAccessible_WithoutAuthentication()","","2026-09-15","passed","2026-09-15","","io.github.filipchyla.shopapi.config.authorization.AuthenticationAuthorizationTest","io.github.filipchyla.shopapi.config.authorization.AuthenticationAuthorizationTest","logoutAll_IsNotAccessible_WithoutAuthentication"
"","3","addItem_ShouldStoreItem_WhenValid()","","2026-09-15","passed","2026-09-15","","io.github.filipchyla.shopapi.cart.service.GuestCartServiceTest.AddItem","io.github.filipchyla.shopapi.cart.service.GuestCartServiceTest$AddItem","addItem_ShouldStoreItem_WhenValid"
"","8","totalPrice_ShouldSumLineTotalsCorrectly()","","2026-09-15","passed","2026-09-15","","io.github.filipchyla.shopapi.cart.PriceCalculatorTest.TotalPrice","io.github.filipchyla.shopapi.cart.PriceCalculatorTest$TotalPrice","totalPrice_ShouldSumLineTotalsCorrectly"
"","10","getCategories_ShouldMapNestedTreeToJson_WhenCategoriesHaveDepth()","","2026-09-15","passed","2026-09-15","","io.github.filipchyla.shopapi.product.category.controller.CategoryControllerTest.GetCategories","io.github.filipchyla.shopapi.product.category.controller.CategoryControllerTest$GetCategories","getCategories_ShouldMapNestedTreeToJson_WhenCategoriesHaveDepth"
"","7","getProducts_ShouldPassFiltersToService_WhenCategoryAndPriceRangeProvided()","","2026-09-15","passed","2026-09-15","","io.github.filipchyla.shopapi.product.controller.ProductControllerTest.GetProducts","io.github.filipchyla.shopapi.product.controller.ProductControllerTest$GetProducts","getProducts_ShouldPassFiltersToService_WhenCategoryAndPriceRangeProvided"
"","5","updateCategory_ShouldThrowNotFound_WhenParentDoesNotExist()","","2026-09-15","passed","2026-09-15","","io.github.filipchyla.shopapi.product.category.CategoryServiceTest.UpdateCategory","io.github.filipchyla.shopapi.product.category.CategoryServiceTest$UpdateCategory","updateCategory_ShouldThrowNotFound_WhenParentDoesNotExist"
"","1","quantityIfAdded_ShouldReturnSum_WhenProductAlreadyInCart()","","2026-09-15","passed","2026-09-15","","io.github.filipchyla.shopapi.cart.domain.CartDomainTest.CartEntity","io.github.filipchyla.shopapi.cart.domain.CartDomainTest$CartEntity","quantityIfAdded_ShouldReturnSum_WhenProductAlreadyInCart"
"","2","addItem_ShouldNotReturnNewToken_WhenAuthenticatedUserAddsItem()","","2026-09-15","passed","2026-09-15","","io.github.filipchyla.shopapi.cart.CartFacadeTest.AddItem","io.github.filipchyla.shopapi.cart.CartFacadeTest$AddItem","addItem_ShouldNotReturnNewToken_WhenAuthenticatedUserAddsItem"
"","2","updateProduct_ShouldThrowNotFound_WhenCategoryDoesNotExist()","","2026-09-15","passed","2026-09-15","","io.github.filipchyla.shopapi.product.ProductServiceTest.UpdateProduct","io.github.filipchyla.shopapi.product.ProductServiceTest$UpdateProduct","updateProduct_ShouldThrowNotFound_WhenCategoryDoesNotExist"
"","331","updateCategory_ReturnsNotFound_WhenNewParentDoesNotExist()","","2026-09-15","passed","2026-09-15","","io.github.filipchyla.shopapi.product.category.CategoryIntegrationTest.UpdateCategory","io.github.filipchyla.shopapi.product.category.CategoryIntegrationTest$UpdateCategory","updateCategory_ReturnsNotFound_WhenNewParentDoesNotExist"
"","1","shouldReturnAccessTokenAndRefreshCookie_whenRegisterIsSuccessful()","","2026-09-15","passed","2026-09-15","","io.github.filipchyla.shopapi.auth.AuthenticationFacadeTest.RegisterUserAndReturnTokensTest","io.github.filipchyla.shopapi.auth.AuthenticationFacadeTest$RegisterUserAndReturnTokensTest","shouldReturnAccessTokenAndRefreshCookie_whenRegisterIsSuccessful"
"","195","login_ShouldReturnUnauthorized_WhenCredentialsAreIncorrect()","","2026-09-15","passed","2026-09-15","","io.github.filipchyla.shopapi.auth.AuthIntegrationTest","io.github.filipchyla.shopapi.auth.AuthIntegrationTest","login_ShouldReturnUnauthorized_WhenCredentialsAreIncorrect"
"","18","updateItemQuantity_ShouldThrowInsufficientStock_WhenNewQuantityExceedsStock()","","2026-09-15","passed","2026-09-15","","io.github.filipchyla.shopapi.cart.service.GuestCartServiceTest.UpdateAndRemove","io.github.filipchyla.shopapi.cart.service.GuestCartServiceTest$UpdateAndRemove","updateItemQuantity_ShouldThrowInsufficientStock_WhenNewQuantityExceedsStock"
"","1","doFilterInternal_ShouldCallGetToken_WhenCsrfTokenPresent()","","2026-09-15","passed","2026-09-15","","io.github.filipchyla.shopapi.security.filter.CsrfCookieFilterTest","io.github.filipchyla.shopapi.security.filter.CsrfCookieFilterTest","doFilterInternal_ShouldCallGetToken_WhenCsrfTokenPresent"
"","2","getCart_ShouldReturnEmptyCart_WhenTokenIsNull()","","2026-09-15","passed","2026-09-15","","io.github.filipchyla.shopapi.cart.service.GuestCartServiceTest.GetCart","io.github.filipchyla.shopapi.cart.service.GuestCartServiceTest$GetCart","getCart_ShouldReturnEmptyCart_WhenTokenIsNull"
"","98","updateProduct_ShouldThrowNotFound_WhenProductDoesNotExist()","","2026-09-15","passed","2026-09-15","","io.github.filipchyla.shopapi.product.ProductServiceTest.UpdateProduct","io.github.filipchyla.shopapi.product.ProductServiceTest$UpdateProduct","updateProduct_ShouldThrowNotFound_WhenProductDoesNotExist"
"","2","shouldReturnUserId()","","2026-09-15","passed","2026-09-15","","io.github.filipchyla.shopapi.auth.service.RefreshTokenServiceTest.GetUserIdFromToken","io.github.filipchyla.shopapi.auth.service.RefreshTokenServiceTest$GetUserIdFromToken","shouldReturnUserId"
"","2","addItem_ShouldThrowProductNotFound_WhenProductIsInactiveOrNotFound()","","2026-09-15","passed","2026-09-15","","io.github.filipchyla.shopapi.cart.service.CartServiceTest.AddItem","io.github.filipchyla.shopapi.cart.service.CartServiceTest$AddItem","addItem_ShouldThrowProductNotFound_WhenProductIsInactiveOrNotFound"
"","7","deleteProduct_ShouldDeleteProductAndReturnConfirmationMessage()","","2026-09-15","passed","2026-09-15","","io.github.filipchyla.shopapi.product.controller.ProductAdminControllerTest.DeleteProduct","io.github.filipchyla.shopapi.product.controller.ProductAdminControllerTest$DeleteProduct","deleteProduct_ShouldDeleteProductAndReturnConfirmationMessage"
"","4","quantityIfAdded_ShouldReturnSum_WhenProductAlreadyInCart()","","2026-09-15","passed","2026-09-15","","io.github.filipchyla.shopapi.cart.domain.CartDomainTest.GuestCartModel","io.github.filipchyla.shopapi.cart.domain.CartDomainTest$GuestCartModel","quantityIfAdded_ShouldReturnSum_WhenProductAlreadyInCart"
"","2","addItem_ShouldThrowInsufficientStock_WhenRequestedQuantityExceedsStock()","","2026-09-15","passed","2026-09-15","","io.github.filipchyla.shopapi.cart.service.CartServiceTest.AddItem","io.github.filipchyla.shopapi.cart.service.CartServiceTest$AddItem","addItem_ShouldThrowInsufficientStock_WhenRequestedQuantityExceedsStock"
"","7","clearCart_IsAccessible_WithoutAuthentication()","","2026-09-15","passed","2026-09-15","","io.github.filipchyla.shopapi.config.authorization.CartAuthorizationTest","io.github.filipchyla.shopapi.config.authorization.CartAuthorizationTest","clearCart_IsAccessible_WithoutAuthentication"
"","4","updateCategory_ShouldThrowNotFound_WhenCategoryDoesNotExist()","","2026-09-15","passed","2026-09-15","","io.github.filipchyla.shopapi.product.category.CategoryServiceTest.UpdateCategory","io.github.filipchyla.shopapi.product.category.CategoryServiceTest$UpdateCategory","updateCategory_ShouldThrowNotFound_WhenCategoryDoesNotExist"
"","1","isPriceChanged_ShouldReturnFalse_WhenPricesEqualRegardlessOfScale()","","2026-09-15","passed","2026-09-15","","io.github.filipchyla.shopapi.cart.PriceCalculatorTest.IsPriceChanged","io.github.filipchyla.shopapi.cart.PriceCalculatorTest$IsPriceChanged","isPriceChanged_ShouldReturnFalse_WhenPricesEqualRegardlessOfScale"
"","2","updateItemQuantity_ShouldThrowNotFound_WhenItemNotInCart()","","2026-09-15","passed","2026-09-15","","io.github.filipchyla.shopapi.cart.service.CartServiceTest.UpdateItemQuantity","io.github.filipchyla.shopapi.cart.service.CartServiceTest$UpdateItemQuantity","updateItemQuantity_ShouldThrowNotFound_WhenItemNotInCart"
"","162","register_SetsRefreshCookieAndReturnsAccessToken_WhenCredentialsAreCorrect()","","2026-09-15","passed","2026-09-15","","io.github.filipchyla.shopapi.auth.AuthIntegrationTest","io.github.filipchyla.shopapi.auth.AuthIntegrationTest","register_SetsRefreshCookieAndReturnsAccessToken_WhenCredentialsAreCorrect"
"","335","updateStock_DecreasesQuantity_WhenAdminAndValidRequest()","","2026-09-15","passed","2026-09-15","","io.github.filipchyla.shopapi.product.ProductIntegrationTest.UpdateStock","io.github.filipchyla.shopapi.product.ProductIntegrationTest$UpdateStock","updateStock_DecreasesQuantity_WhenAdminAndValidRequest"
"","6","getCategories_ShouldReturnEmptyArray_WhenNoCategoriesExist()","","2026-09-15","passed","2026-09-15","","io.github.filipchyla.shopapi.product.category.controller.CategoryControllerTest.GetCategories","io.github.filipchyla.shopapi.product.category.controller.CategoryControllerTest$GetCategories","getCategories_ShouldReturnEmptyArray_WhenNoCategoriesExist"
"","1","getItems_ShouldReturnUnmodifiableList()","","2026-09-15","passed","2026-09-15","","io.github.filipchyla.shopapi.cart.domain.CartDomainTest.CartEntity","io.github.filipchyla.shopapi.cart.domain.CartDomainTest$CartEntity","getItems_ShouldReturnUnmodifiableList"
"","1","isTokenValid_ShouldReturnTrue_WhenTokenIsForUser()","","2026-09-15","passed","2026-09-15","","io.github.filipchyla.shopapi.auth.service.JwtServiceTest","io.github.filipchyla.shopapi.auth.service.JwtServiceTest","isTokenValid_ShouldReturnTrue_WhenTokenIsForUser"
"","493","updateMe_ShouldUpdateUser_WhenUserExists()","","2026-09-15","passed","2026-09-15","","io.github.filipchyla.shopapi.user.UserIntegrationTest","io.github.filipchyla.shopapi.user.UserIntegrationTest","updateMe_ShouldUpdateUser_WhenUserExists"
"","334","updateProduct_UpdatesFields_WhenAdminAndValidRequest()","","2026-09-15","passed","2026-09-15","","io.github.filipchyla.shopapi.product.ProductIntegrationTest.UpdateProduct","io.github.filipchyla.shopapi.product.ProductIntegrationTest$UpdateProduct","updateProduct_UpdatesFields_WhenAdminAndValidRequest"
"","4","validateAddition_ShouldPass_WhenExistingItemInFullCart()","","2026-09-15","passed","2026-09-15","","io.github.filipchyla.shopapi.cart.CartLimitPolicyTest.ValidateAddition","io.github.filipchyla.shopapi.cart.CartLimitPolicyTest$ValidateAddition","validateAddition_ShouldPass_WhenExistingItemInFullCart"
"","1","updateStock_ShouldThrowInvalidStockQuantity_WhenStockQuantityWouldBeNegative()","","2026-09-15","passed","2026-09-15","","io.github.filipchyla.shopapi.product.ProductServiceTest.UpdateStock","io.github.filipchyla.shopapi.product.ProductServiceTest$UpdateStock","updateStock_ShouldThrowInvalidStockQuantity_WhenStockQuantityWouldBeNegative"
"","3","shouldUseDifferentFamilyForEachNewSession()","","2026-09-15","passed","2026-09-15","","io.github.filipchyla.shopapi.auth.service.RefreshTokenServiceTest.CreateNewToken","io.github.filipchyla.shopapi.auth.service.RefreshTokenServiceTest$CreateNewToken","shouldUseDifferentFamilyForEachNewSession"
"","2","doFilterInternal_ShouldNotOverrideExistingAuthentication()","","2026-09-15","passed","2026-09-15","","io.github.filipchyla.shopapi.security.filter.JwtAuthenticationFilterTest","io.github.filipchyla.shopapi.security.filter.JwtAuthenticationFilterTest","doFilterInternal_ShouldNotOverrideExistingAuthentication"
"","3","logout_ShouldStillClearCookie_WhenCookieMissing()","","2026-09-15","passed","2026-09-15","","io.github.filipchyla.shopapi.auth.AuthenticationControllerTest.LogoutTest","io.github.filipchyla.shopapi.auth.AuthenticationControllerTest$LogoutTest","logout_ShouldStillClearCookie_WhenCookieMissing"
"","173","updatePassword_ShouldReturnError_WhenCurrentPasswordIsIncorrect()","","2026-09-15","passed","2026-09-15","","io.github.filipchyla.shopapi.user.UserIntegrationTest","io.github.filipchyla.shopapi.user.UserIntegrationTest","updatePassword_ShouldReturnError_WhenCurrentPasswordIsIncorrect"
"","4","updateProduct_ShouldReturnNotFound_WhenCategoryDoesNotExist()","","2026-09-15","passed","2026-09-15","","io.github.filipchyla.shopapi.product.controller.ProductAdminControllerTest.UpdateProduct","io.github.filipchyla.shopapi.product.controller.ProductAdminControllerTest$UpdateProduct","updateProduct_ShouldReturnNotFound_WhenCategoryDoesNotExist"
"","5","update_ShouldReturnConflict_WhenCircularCategoryReference()","","2026-09-15","passed","2026-09-15","","io.github.filipchyla.shopapi.product.category.controller.CategoryAdminControllerTest.UpdateCategory","io.github.filipchyla.shopapi.product.category.controller.CategoryAdminControllerTest$UpdateCategory","update_ShouldReturnConflict_WhenCircularCategoryReference"
"","4","cookieBasedEndpoints_ShouldReturnForbidden_WhenCsrfTokenMissing(HttpMethod, String) [3] method=POST, url=/api/v1/cart/items","","2026-09-15","passed","2026-09-15","","io.github.filipchyla.shopapi.config.CsrfConfigurationTest","io.github.filipchyla.shopapi.config.CsrfConfigurationTest","cookieBasedEndpoints_ShouldReturnForbidden_WhenCsrfTokenMissing"
"","1","updateItemQuantity_ShouldUpdateQuantity()","","2026-09-15","passed","2026-09-15","","io.github.filipchyla.shopapi.cart.domain.CartDomainTest.CartEntity","io.github.filipchyla.shopapi.cart.domain.CartDomainTest$CartEntity","updateItemQuantity_ShouldUpdateQuantity"
"","2","shouldThrowWhenSerializationFails()","","2026-09-15","passed","2026-09-15","","io.github.filipchyla.shopapi.auth.service.RefreshTokenServiceTest.CreateNewToken","io.github.filipchyla.shopapi.auth.service.RefreshTokenServiceTest$CreateNewToken","shouldThrowWhenSerializationFails"
"","326","addProduct_ReturnsForbidden_WhenUserIsNotAdmin()","","2026-09-15","passed","2026-09-15","","io.github.filipchyla.shopapi.product.ProductIntegrationTest.AddProduct","io.github.filipchyla.shopapi.product.ProductIntegrationTest$AddProduct","addProduct_ReturnsForbidden_WhenUserIsNotAdmin"
"","83","refresh_ReturnBadRequest_WhenCookieIsMissing()","","2026-09-15","passed","2026-09-15","","io.github.filipchyla.shopapi.auth.AuthIntegrationTest","io.github.filipchyla.shopapi.auth.AuthIntegrationTest","refresh_ReturnBadRequest_WhenCookieIsMissing"
"","1","doFilterInternal_ShouldReturnUnauthorized_WhenTokenIsExpired()","","2026-09-15","passed","2026-09-15","","io.github.filipchyla.shopapi.security.filter.JwtAuthenticationFilterTest","io.github.filipchyla.shopapi.security.filter.JwtAuthenticationFilterTest","doFilterInternal_ShouldReturnUnauthorized_WhenTokenIsExpired"
"","10","update_ShouldUpdateCategoryAndReturnsMappedResponse_WhenRequestIsValid()","","2026-09-15","passed","2026-09-15","","io.github.filipchyla.shopapi.product.category.controller.CategoryAdminControllerTest.UpdateCategory","io.github.filipchyla.shopapi.product.category.controller.CategoryAdminControllerTest$UpdateCategory","update_ShouldUpdateCategoryAndReturnsMappedResponse_WhenRequestIsValid"
"","6","logout_ShouldRevokeTokenAndClearCookie_WhenCookiePresent()","","2026-09-15","passed","2026-09-15","","io.github.filipchyla.shopapi.auth.AuthenticationControllerTest.LogoutTest","io.github.filipchyla.shopapi.auth.AuthenticationControllerTest$LogoutTest","logout_ShouldRevokeTokenAndClearCookie_WhenCookiePresent"
"","92","getMe_ShouldReturnCurrentUser()","","2026-09-15","passed","2026-09-15","","io.github.filipchyla.shopapi.user.UserIntegrationTest","io.github.filipchyla.shopapi.user.UserIntegrationTest","getMe_ShouldReturnCurrentUser"
"","12","getCategories_IsAccessible_WithoutAuthentication()","","2026-09-15","passed","2026-09-15","","io.github.filipchyla.shopapi.config.authorization.CategoryAuthorizationTest","io.github.filipchyla.shopapi.config.authorization.CategoryAuthorizationTest","getCategories_IsAccessible_WithoutAuthentication"
"","703","clearCart_ShouldDeleteKey_WhenTokenPresent()","","2026-09-15","passed","2026-09-15","","io.github.filipchyla.shopapi.cart.service.GuestCartServiceTest.ClearCart","io.github.filipchyla.shopapi.cart.service.GuestCartServiceTest$ClearCart","clearCart_ShouldDeleteKey_WhenTokenPresent"
"","337","updateCategory_UpdatesName_WhenAdminAndValidRequest()","","2026-09-15","passed","2026-09-15","","io.github.filipchyla.shopapi.product.category.CategoryIntegrationTest.UpdateCategory","io.github.filipchyla.shopapi.product.category.CategoryIntegrationTest$UpdateCategory","updateCategory_UpdatesName_WhenAdminAndValidRequest"
"","9","changePassword_IsAccessible_WhenAuthenticated()","","2026-09-15","passed","2026-09-15","","io.github.filipchyla.shopapi.config.authorization.UserAuthorizationTest","io.github.filipchyla.shopapi.config.authorization.UserAuthorizationTest","changePassword_IsAccessible_WhenAuthenticated"
"","5","cookieBasedEndpoints_ShouldNotReturnForbidden_WhenCsrfTokenPresent(HttpMethod, String) [7] method=POST, url=/api/v1/cart/merge","","2026-09-15","passed","2026-09-15","","io.github.filipchyla.shopapi.config.CsrfConfigurationTest","io.github.filipchyla.shopapi.config.CsrfConfigurationTest","cookieBasedEndpoints_ShouldNotReturnForbidden_WhenCsrfTokenPresent"
"","322","getProducts_DoesNotRequireAuthentication()","","2026-09-15","passed","2026-09-15","","io.github.filipchyla.shopapi.product.ProductIntegrationTest.GetProducts","io.github.filipchyla.shopapi.product.ProductIntegrationTest$GetProducts","getProducts_DoesNotRequireAuthentication"
"","10","getMe_IsAccessible_WhenAuthenticated()","","2026-09-15","passed","2026-09-15","","io.github.filipchyla.shopapi.config.authorization.UserAuthorizationTest","io.github.filipchyla.shopapi.config.authorization.UserAuthorizationTest","getMe_IsAccessible_WhenAuthenticated"
"","2","validateAddition_ShouldThrowInsufficientStock_WhenRequestedQuantityExceedsAvailableStock()","","2026-09-15","passed","2026-09-15","","io.github.filipchyla.shopapi.cart.CartLimitPolicyTest.ValidateAddition","io.github.filipchyla.shopapi.cart.CartLimitPolicyTest$ValidateAddition","validateAddition_ShouldThrowInsufficientStock_WhenRequestedQuantityExceedsAvailableStock"
"","1","shouldThrowWhenTokenDoesNotExist()","","2026-09-15","passed","2026-09-15","","io.github.filipchyla.shopapi.auth.service.RefreshTokenServiceTest.GetUserIdFromToken","io.github.filipchyla.shopapi.auth.service.RefreshTokenServiceTest$GetUserIdFromToken","shouldThrowWhenTokenDoesNotExist"
"","7","deleteCategory_ReturnsForbidden_WhenUser()","","2026-09-15","passed","2026-09-15","","io.github.filipchyla.shopapi.config.authorization.CategoryAuthorizationTest","io.github.filipchyla.shopapi.config.authorization.CategoryAuthorizationTest","deleteCategory_ReturnsForbidden_WhenUser"
"","2","shouldNotEvictAnythingWhenSessionLimitIsNotExceeded()","","2026-09-15","passed","2026-09-15","","io.github.filipchyla.shopapi.auth.service.RefreshTokenServiceTest.CreateNewToken","io.github.filipchyla.shopapi.auth.service.RefreshTokenServiceTest$CreateNewToken","shouldNotEvictAnythingWhenSessionLimitIsNotExceeded"
"","1","shouldPropagateException_whenRefreshTokenIsInvalidOrExpired()","","2026-09-15","passed","2026-09-15","","io.github.filipchyla.shopapi.auth.AuthenticationFacadeTest.RefreshTokenTest","io.github.filipchyla.shopapi.auth.AuthenticationFacadeTest$RefreshTokenTest","shouldPropagateException_whenRefreshTokenIsInvalidOrExpired"
"","2","shouldRemoveOrphanedTokenFromSessionSetDuringEviction()","","2026-09-15","passed","2026-09-15","","io.github.filipchyla.shopapi.auth.service.RefreshTokenServiceTest.CreateNewToken","io.github.filipchyla.shopapi.auth.service.RefreshTokenServiceTest$CreateNewToken","shouldRemoveOrphanedTokenFromSessionSetDuringEviction"
"","4","validateAddition_ShouldPass_WhenRequestedQuantityEqualsMaxPerItem()","","2026-09-15","passed","2026-09-15","","io.github.filipchyla.shopapi.cart.CartLimitPolicyTest.ValidateAddition","io.github.filipchyla.shopapi.cart.CartLimitPolicyTest$ValidateAddition","validateAddition_ShouldPass_WhenRequestedQuantityEqualsMaxPerItem"
"","329","updateProduct_ReturnsNotFound_WhenProductDoesNotExist()","","2026-09-15","passed","2026-09-15","","io.github.filipchyla.shopapi.product.ProductIntegrationTest.UpdateProduct","io.github.filipchyla.shopapi.product.ProductIntegrationTest$UpdateProduct","updateProduct_ReturnsNotFound_WhenProductDoesNotExist"
"","10","delete_ShouldDeleteCategoryAndReturnsConfirmationMessage()","","2026-09-15","passed","2026-09-15","","io.github.filipchyla.shopapi.product.category.controller.CategoryAdminControllerTest.DeleteCategory","io.github.filipchyla.shopapi.product.category.controller.CategoryAdminControllerTest$DeleteCategory","delete_ShouldDeleteCategoryAndReturnsConfirmationMessage"
"","9","logoutAll_IsAccessible_WhenAuthenticated()","","2026-09-15","passed","2026-09-15","","io.github.filipchyla.shopapi.config.authorization.AuthenticationAuthorizationTest","io.github.filipchyla.shopapi.config.authorization.AuthenticationAuthorizationTest","logoutAll_IsAccessible_WhenAuthenticated"
"","7","updateProduct_ShouldUpdateProductAndReturnMappedResponse_WhenRequestIsValid()","","2026-09-15","passed","2026-09-15","","io.github.filipchyla.shopapi.product.controller.ProductAdminControllerTest.UpdateProduct","io.github.filipchyla.shopapi.product.controller.ProductAdminControllerTest$UpdateProduct","updateProduct_ShouldUpdateProductAndReturnMappedResponse_WhenRequestIsValid"
"","82","register_ShouldReturnBadCredentials_WhenCredentialsAreIncorrect()","","2026-09-15","passed","2026-09-15","","io.github.filipchyla.shopapi.auth.AuthIntegrationTest","io.github.filipchyla.shopapi.auth.AuthIntegrationTest","register_ShouldReturnBadCredentials_WhenCredentialsAreIncorrect"
"","3","merge_ShouldSkipItemsThatFailWithProductNotFound_ButStillClearGuestCart()","","2026-09-15","passed","2026-09-15","","io.github.filipchyla.shopapi.cart.service.CartMergeServiceTest.PartialFailure","io.github.filipchyla.shopapi.cart.service.CartMergeServiceTest$PartialFailure","merge_ShouldSkipItemsThatFailWithProductNotFound_ButStillClearGuestCart"
"","8","lineTotal_ShouldCalculateCorrectTotal()","","2026-09-15","passed","2026-09-15","","io.github.filipchyla.shopapi.cart.PriceCalculatorTest.LineTotal","io.github.filipchyla.shopapi.cart.PriceCalculatorTest$LineTotal","lineTotal_ShouldCalculateCorrectTotal"
"","329","deleteProduct_ReturnsForbidden_WhenUserIsNotAdmin()","","2026-09-15","passed","2026-09-15","","io.github.filipchyla.shopapi.product.ProductIntegrationTest.DeleteProduct","io.github.filipchyla.shopapi.product.ProductIntegrationTest$DeleteProduct","deleteProduct_ReturnsForbidden_WhenUserIsNotAdmin"
"","12","cookieBasedEndpoints_ShouldNotReturnForbidden_WhenCsrfTokenPresent(HttpMethod, String) [6] method=DELETE, url=/api/v1/cart","","2026-09-15","passed","2026-09-15","","io.github.filipchyla.shopapi.config.CsrfConfigurationTest","io.github.filipchyla.shopapi.config.CsrfConfigurationTest","cookieBasedEndpoints_ShouldNotReturnForbidden_WhenCsrfTokenPresent"
"","12","update_ShouldReturnNotFound_WhenIdDoesNotExist()","","2026-09-15","passed","2026-09-15","","io.github.filipchyla.shopapi.product.category.controller.CategoryAdminControllerTest.UpdateCategory","io.github.filipchyla.shopapi.product.category.controller.CategoryAdminControllerTest$UpdateCategory","update_ShouldReturnNotFound_WhenIdDoesNotExist"
"","1","isTokenValid_ShouldThrowException_WhenTokenIsExpired()","","2026-09-15","passed","2026-09-15","","io.github.filipchyla.shopapi.auth.service.JwtServiceTest","io.github.filipchyla.shopapi.auth.service.JwtServiceTest","isTokenValid_ShouldThrowException_WhenTokenIsExpired"
"","5","addItem_ShouldCorrectlyAccumulateQuantity_WhenProductAlreadyExistsInCart()","","2026-09-15","passed","2026-09-15","","io.github.filipchyla.shopapi.cart.service.GuestCartServiceTest.AddItem","io.github.filipchyla.shopapi.cart.service.GuestCartServiceTest$AddItem","addItem_ShouldCorrectlyAccumulateQuantity_WhenProductAlreadyExistsInCart"
"","3","authenticate_ShouldReturnAccessTokenAndSetRefreshCookie_WhenRequestIsValid()","","2026-09-15","passed","2026-09-15","","io.github.filipchyla.shopapi.auth.AuthenticationControllerTest.AuthenticationRequestTest","io.github.filipchyla.shopapi.auth.AuthenticationControllerTest$AuthenticationRequestTest","authenticate_ShouldReturnAccessTokenAndSetRefreshCookie_WhenRequestIsValid"
"","253","createUser_ShouldThrowEmailTakenException_WhenEmailIsTaken()","","2026-09-15","passed","2026-09-15","","io.github.filipchyla.shopapi.user.UserServiceTest","io.github.filipchyla.shopapi.user.UserServiceTest","createUser_ShouldThrowEmailTakenException_WhenEmailIsTaken"
"","354","deleteProduct_DeletesProduct_WhenAdminAndProductExists()","","2026-09-15","passed","2026-09-15","","io.github.filipchyla.shopapi.product.ProductIntegrationTest.DeleteProduct","io.github.filipchyla.shopapi.product.ProductIntegrationTest$DeleteProduct","deleteProduct_DeletesProduct_WhenAdminAndProductExists"
"","1","changePassword_ShouldThrowException_WhenCurrentPasswordIsIncorrect()","","2026-09-15","passed","2026-09-15","","io.github.filipchyla.shopapi.auth.service.AuthenticationServiceTest","io.github.filipchyla.shopapi.auth.service.AuthenticationServiceTest","changePassword_ShouldThrowException_WhenCurrentPasswordIsIncorrect"
"","12","mergeCart_IsAccessible_WhenAuthenticated()","","2026-09-15","passed","2026-09-15","","io.github.filipchyla.shopapi.config.authorization.CartAuthorizationTest","io.github.filipchyla.shopapi.config.authorization.CartAuthorizationTest","mergeCart_IsAccessible_WhenAuthenticated"
"","2","authenticate_ShouldThrowException_WhenCredentialsAreInvalid()","","2026-09-15","passed","2026-09-15","","io.github.filipchyla.shopapi.auth.service.AuthenticationServiceTest","io.github.filipchyla.shopapi.auth.service.AuthenticationServiceTest","authenticate_ShouldThrowException_WhenCredentialsAreInvalid"
"","14","cookieBasedEndpoints_ShouldNotReturnForbidden_WhenCsrfTokenPresent(HttpMethod, String) [4] method=PATCH, url=/api/v1/cart/items/*","","2026-09-15","passed","2026-09-15","","io.github.filipchyla.shopapi.config.CsrfConfigurationTest","io.github.filipchyla.shopapi.config.CsrfConfigurationTest","cookieBasedEndpoints_ShouldNotReturnForbidden_WhenCsrfTokenPresent"
"","331","updateProduct_ReturnsBadRequest_WhenPriceIsNegative()","","2026-09-15","passed","2026-09-15","","io.github.filipchyla.shopapi.product.ProductIntegrationTest.UpdateProduct","io.github.filipchyla.shopapi.product.ProductIntegrationTest$UpdateProduct","updateProduct_ReturnsBadRequest_WhenPriceIsNegative"
"","10","generateToken_ShouldReturnValidToken()","","2026-09-15","passed","2026-09-15","","io.github.filipchyla.shopapi.auth.service.JwtServiceTest","io.github.filipchyla.shopapi.auth.service.JwtServiceTest","generateToken_ShouldReturnValidToken"
"","14","register_ShouldReturnConflict_WhenEmailIsTaken()","","2026-09-15","passed","2026-09-15","","io.github.filipchyla.shopapi.auth.AuthenticationControllerTest.RegisterRequestTest","io.github.filipchyla.shopapi.auth.AuthenticationControllerTest$RegisterRequestTest","register_ShouldReturnConflict_WhenEmailIsTaken"
"","330","updateStock_ReturnsForbidden_WhenUserIsNotAdmin()","","2026-09-15","passed","2026-09-15","","io.github.filipchyla.shopapi.product.ProductIntegrationTest.UpdateStock","io.github.filipchyla.shopapi.product.ProductIntegrationTest$UpdateStock","updateStock_ReturnsForbidden_WhenUserIsNotAdmin"
"","2","removeItem_ShouldRemoveItem_WhenItemExists()","","2026-09-15","passed","2026-09-15","","io.github.filipchyla.shopapi.cart.domain.CartDomainTest.GuestCartModel","io.github.filipchyla.shopapi.cart.domain.CartDomainTest$GuestCartModel","removeItem_ShouldRemoveItem_WhenItemExists"
"","330","addCategory_CreatesRootCategory_WhenAdminAndValidRequest()","","2026-09-15","passed","2026-09-15","","io.github.filipchyla.shopapi.product.category.CategoryIntegrationTest.AddCategory","io.github.filipchyla.shopapi.product.category.CategoryIntegrationTest$AddCategory","addCategory_CreatesRootCategory_WhenAdminAndValidRequest"
"","9","register_ShouldReturnBadRequest_WhenBodyInvalid()","","2026-09-15","passed","2026-09-15","","io.github.filipchyla.shopapi.auth.AuthenticationControllerTest.RegisterRequestTest","io.github.filipchyla.shopapi.auth.AuthenticationControllerTest$RegisterRequestTest","register_ShouldReturnBadRequest_WhenBodyInvalid"
"","331","updateCategory_ReturnsForbidden_WhenUserIsNotAdmin()","","2026-09-15","passed","2026-09-15","","io.github.filipchyla.shopapi.product.category.CategoryIntegrationTest.UpdateCategory","io.github.filipchyla.shopapi.product.category.CategoryIntegrationTest$UpdateCategory","updateCategory_ReturnsForbidden_WhenUserIsNotAdmin"
"","327","getCategories_ReturnsEmptyList_WhenNoCategoriesExist()","","2026-09-15","passed","2026-09-15","","io.github.filipchyla.shopapi.product.category.CategoryIntegrationTest.GetCategories","io.github.filipchyla.shopapi.product.category.CategoryIntegrationTest$GetCategories","getCategories_ReturnsEmptyList_WhenNoCategoriesExist"
"","325","getCategories_DoesNotRequireAuthentication()","","2026-09-15","passed","2026-09-15","","io.github.filipchyla.shopapi.product.category.CategoryIntegrationTest.GetCategories","io.github.filipchyla.shopapi.product.category.CategoryIntegrationTest$GetCategories","getCategories_DoesNotRequireAuthentication"
"","185","getCart_ReturnsPreviouslyAddedItems_WhenCookieReused()","","2026-09-15","passed","2026-09-15","","io.github.filipchyla.shopapi.cart.CartIntegrationTest.GuestFlow","io.github.filipchyla.shopapi.cart.CartIntegrationTest$GuestFlow","getCart_ReturnsPreviouslyAddedItems_WhenCookieReused"
"","4","shouldDeleteTokenSessionAndFamily()","","2026-09-15","passed","2026-09-15","","io.github.filipchyla.shopapi.auth.service.RefreshTokenServiceTest.RevokeToken","io.github.filipchyla.shopapi.auth.service.RefreshTokenServiceTest$RevokeToken","shouldDeleteTokenSessionAndFamily"
"","22","patchMe_ShouldUpdateOnlyProvidedFields_WhenRequestIsPartial()","","2026-09-15","passed","2026-09-15","","io.github.filipchyla.shopapi.user.UserControllerTest","io.github.filipchyla.shopapi.user.UserControllerTest","patchMe_ShouldUpdateOnlyProvidedFields_WhenRequestIsPartial"
"","2","doFilterInternal_ShouldNotSetAuthentication_WhenTokenIsInvalid()","","2026-09-15","passed","2026-09-15","","io.github.filipchyla.shopapi.security.filter.JwtAuthenticationFilterTest","io.github.filipchyla.shopapi.security.filter.JwtAuthenticationFilterTest","doFilterInternal_ShouldNotSetAuthentication_WhenTokenIsInvalid"
"","2","removeItem_ShouldRemoveItem_WhenItExists()","","2026-09-15","passed","2026-09-15","","io.github.filipchyla.shopapi.cart.service.CartServiceTest.RemoveItem","io.github.filipchyla.shopapi.cart.service.CartServiceTest$RemoveItem","removeItem_ShouldRemoveItem_WhenItExists"
"","3","shouldThrowWhenDeserializationFails()","","2026-09-15","passed","2026-09-15","","io.github.filipchyla.shopapi.auth.service.RefreshTokenServiceTest.GetUserIdFromToken","io.github.filipchyla.shopapi.auth.service.RefreshTokenServiceTest$GetUserIdFromToken","shouldThrowWhenDeserializationFails"
"","2","clearCart_ShouldDelegateToGuestCartService_WhenPrincipalIsNull()","","2026-09-15","passed","2026-09-15","","io.github.filipchyla.shopapi.cart.CartFacadeTest.ClearCart","io.github.filipchyla.shopapi.cart.CartFacadeTest$ClearCart","clearCart_ShouldDelegateToGuestCartService_WhenPrincipalIsNull"
"","4","validateAddition_ShouldPass_WhenWithinQuantityAndDistinctLimitsAndStockSufficient()","","2026-09-15","passed","2026-09-15","","io.github.filipchyla.shopapi.cart.CartLimitPolicyTest.ValidateAddition","io.github.filipchyla.shopapi.cart.CartLimitPolicyTest$ValidateAddition","validateAddition_ShouldPass_WhenWithinQuantityAndDistinctLimitsAndStockSufficient"
"","1","getProductById_ShouldCallRepositoryOnlyOnce_WhenCalledMultipleTimesWithSameId()","","2026-09-15","passed","2026-09-15","","io.github.filipchyla.shopapi.product.ProductServiceCacheTest.GetProductById","io.github.filipchyla.shopapi.product.ProductServiceCacheTest$GetProductById","getProductById_ShouldCallRepositoryOnlyOnce_WhenCalledMultipleTimesWithSameId"
"","279","mergeCart_MovesGuestItemsToUserCart_AndClearsCookie()","","2026-09-15","passed","2026-09-15","","io.github.filipchyla.shopapi.cart.CartIntegrationTest.MergeFlow","io.github.filipchyla.shopapi.cart.CartIntegrationTest$MergeFlow","mergeCart_MovesGuestItemsToUserCart_AndClearsCookie"
"","3","shouldDeleteAllUserSessions()","","2026-09-15","passed","2026-09-15","","io.github.filipchyla.shopapi.auth.service.RefreshTokenServiceTest.RevokeAllForUser","io.github.filipchyla.shopapi.auth.service.RefreshTokenServiceTest$RevokeAllForUser","shouldDeleteAllUserSessions"
"","9","changePassword_IsNotAccessible_WithoutAuthentication()","","2026-09-15","passed","2026-09-15","","io.github.filipchyla.shopapi.config.authorization.UserAuthorizationTest","io.github.filipchyla.shopapi.config.authorization.UserAuthorizationTest","changePassword_IsNotAccessible_WithoutAuthentication"
"","4","getCart_ShouldReturnMappedCart_WhenCartExists()","","2026-09-15","passed","2026-09-15","","io.github.filipchyla.shopapi.cart.service.GuestCartServiceTest.GetCart","io.github.filipchyla.shopapi.cart.service.GuestCartServiceTest$GetCart","getCart_ShouldReturnMappedCart_WhenCartExists"
"","3","updateItemQuantity_ShouldThrowProductNotFound_WhenProductDoesNotExist()","","2026-09-15","passed","2026-09-15","","io.github.filipchyla.shopapi.cart.service.GuestCartServiceTest.UpdateAndRemove","io.github.filipchyla.shopapi.cart.service.GuestCartServiceTest$UpdateAndRemove","updateItemQuantity_ShouldThrowProductNotFound_WhenProductDoesNotExist"
"","1","updateStock_ShouldPopulateCache_SoSubsequentGetDoesNotHitRepository()","","2026-09-15","passed","2026-09-15","","io.github.filipchyla.shopapi.product.ProductServiceCacheTest.UpdateStock","io.github.filipchyla.shopapi.product.ProductServiceCacheTest$UpdateStock","updateStock_ShouldPopulateCache_SoSubsequentGetDoesNotHitRepository"
"","325","addCategory_ReturnsUnauthorized_WhenNoTokenProvided()","","2026-09-15","passed","2026-09-15","","io.github.filipchyla.shopapi.product.category.CategoryIntegrationTest.AddCategory","io.github.filipchyla.shopapi.product.category.CategoryIntegrationTest$AddCategory","addCategory_ReturnsUnauthorized_WhenNoTokenProvided"
"","355","addProduct_ReturnsNotFound_WhenCategoryIdDoesNotExist()","","2026-09-15","passed","2026-09-15","","io.github.filipchyla.shopapi.product.ProductIntegrationTest.AddProduct","io.github.filipchyla.shopapi.product.ProductIntegrationTest$AddProduct","addProduct_ReturnsNotFound_WhenCategoryIdDoesNotExist"
"","7","updatePassword_ShouldReturnBadRequest_WhenNewPasswordIsWeak()","","2026-09-15","passed","2026-09-15","","io.github.filipchyla.shopapi.user.UserControllerTest","io.github.filipchyla.shopapi.user.UserControllerTest","updatePassword_ShouldReturnBadRequest_WhenNewPasswordIsWeak"
"","3","updateItemQuantity_ShouldThrowLimitExceeded_WhenQuantityExceedsMaxItemLimit()","","2026-09-15","passed","2026-09-15","","io.github.filipchyla.shopapi.cart.service.CartServiceTest.UpdateItemQuantity","io.github.filipchyla.shopapi.cart.service.CartServiceTest$UpdateItemQuantity","updateItemQuantity_ShouldThrowLimitExceeded_WhenQuantityExceedsMaxItemLimit"
"","15","headerBasedEndpoints_ShouldNotRequireCsrf()","","2026-09-15","passed","2026-09-15","","io.github.filipchyla.shopapi.config.CsrfConfigurationTest","io.github.filipchyla.shopapi.config.CsrfConfigurationTest","headerBasedEndpoints_ShouldNotRequireCsrf"
"","2","getCart_ShouldDelegateToCartService_WhenPrincipalIsPresent()","","2026-09-15","passed","2026-09-15","","io.github.filipchyla.shopapi.cart.CartFacadeTest.GetCart","io.github.filipchyla.shopapi.cart.CartFacadeTest$GetCart","getCart_ShouldDelegateToCartService_WhenPrincipalIsPresent"
"","338","addProduct_CreatesProduct_WhenAdminAndValidRequest()","","2026-09-15","passed","2026-09-15","","io.github.filipchyla.shopapi.product.ProductIntegrationTest.AddProduct","io.github.filipchyla.shopapi.product.ProductIntegrationTest$AddProduct","addProduct_CreatesProduct_WhenAdminAndValidRequest"
"","324","getProduct_ReturnsNotFound_WhenProductDoesNotExist()","","2026-09-15","passed","2026-09-15","","io.github.filipchyla.shopapi.product.ProductIntegrationTest.GetProduct","io.github.filipchyla.shopapi.product.ProductIntegrationTest$GetProduct","getProduct_ReturnsNotFound_WhenProductDoesNotExist"
"","11","cookieBasedEndpoints_ShouldNotReturnForbidden_WhenCsrfTokenPresent(HttpMethod, String) [5] method=DELETE, url=/api/v1/cart/items/*","","2026-09-15","passed","2026-09-15","","io.github.filipchyla.shopapi.config.CsrfConfigurationTest","io.github.filipchyla.shopapi.config.CsrfConfigurationTest","cookieBasedEndpoints_ShouldNotReturnForbidden_WhenCsrfTokenPresent"
"","2","shouldPropagateException_whenCredentialsAreWrong()","","2026-09-15","passed","2026-09-15","","io.github.filipchyla.shopapi.auth.AuthenticationFacadeTest.AuthenticateUserAndReturnTokensTest","io.github.filipchyla.shopapi.auth.AuthenticationFacadeTest$AuthenticateUserAndReturnTokensTest","shouldPropagateException_whenCredentialsAreWrong"
"","323","addProduct_ReturnsUnauthorized_WhenNoTokenProvided()","","2026-09-15","passed","2026-09-15","","io.github.filipchyla.shopapi.product.ProductIntegrationTest.AddProduct","io.github.filipchyla.shopapi.product.ProductIntegrationTest$AddProduct","addProduct_ReturnsUnauthorized_WhenNoTokenProvided"
"","3","shouldThrowWhenTokenDoesNotExist()","","2026-09-15","passed","2026-09-15","","io.github.filipchyla.shopapi.auth.service.RefreshTokenServiceTest.RevokeToken","io.github.filipchyla.shopapi.auth.service.RefreshTokenServiceTest$RevokeToken","shouldThrowWhenTokenDoesNotExist"
"","333","updateCategory_ReturnsConflict_WhenCircularCategoryReference()","","2026-09-15","passed","2026-09-15","","io.github.filipchyla.shopapi.product.category.CategoryIntegrationTest.UpdateCategory","io.github.filipchyla.shopapi.product.category.CategoryIntegrationTest$UpdateCategory","updateCategory_ReturnsConflict_WhenCircularCategoryReference"
"","2","updateStock_ShouldOverwriteExistingCacheEntry()","","2026-09-15","passed","2026-09-15","","io.github.filipchyla.shopapi.product.ProductServiceCacheTest.UpdateStock","io.github.filipchyla.shopapi.product.ProductServiceCacheTest$UpdateStock","updateStock_ShouldOverwriteExistingCacheEntry"
"","1","isPriceChanged_ShouldReturnTrue_WhenPricesDiffer()","","2026-09-15","passed","2026-09-15","","io.github.filipchyla.shopapi.cart.PriceCalculatorTest.IsPriceChanged","io.github.filipchyla.shopapi.cart.PriceCalculatorTest$IsPriceChanged","isPriceChanged_ShouldReturnTrue_WhenPricesDiffer"
"","340","updateCategory_ReassignsParent_WhenParentIdProvided()","","2026-09-15","passed","2026-09-15","","io.github.filipchyla.shopapi.product.category.CategoryIntegrationTest.UpdateCategory","io.github.filipchyla.shopapi.product.category.CategoryIntegrationTest$UpdateCategory","updateCategory_ReassignsParent_WhenParentIdProvided"
"","488","deleteCategory_ReturnsNotFound_WhenCategoryDoesNotExist()","","2026-09-15","passed","2026-09-15","","io.github.filipchyla.shopapi.product.category.CategoryIntegrationTest.DeleteCategory","io.github.filipchyla.shopapi.product.category.CategoryIntegrationTest$DeleteCategory","deleteCategory_ReturnsNotFound_WhenCategoryDoesNotExist"
"","2","updateItemQuantity_ShouldDelegateToGuestCartService_WhenGuest()","","2026-09-15","passed","2026-09-15","","io.github.filipchyla.shopapi.cart.CartFacadeTest.UpdateItemQuantity","io.github.filipchyla.shopapi.cart.CartFacadeTest$UpdateItemQuantity","updateItemQuantity_ShouldDelegateToGuestCartService_WhenGuest"
"","334","updateProduct_ReturnsForbidden_WhenUserIsNotAdmin()","","2026-09-15","passed","2026-09-15","","io.github.filipchyla.shopapi.product.ProductIntegrationTest.UpdateProduct","io.github.filipchyla.shopapi.product.ProductIntegrationTest$UpdateProduct","updateProduct_ReturnsForbidden_WhenUserIsNotAdmin"
"","5","getUser_ShouldReturnUser_WhenUserExists()","","2026-09-15","passed","2026-09-15","","io.github.filipchyla.shopapi.user.UserServiceTest","io.github.filipchyla.shopapi.user.UserServiceTest","getUser_ShouldReturnUser_WhenUserExists"
"","1","extractUsername_ShouldThrowException_WhenTokenIsInvalid()","","2026-09-15","passed","2026-09-15","","io.github.filipchyla.shopapi.auth.service.JwtServiceTest","io.github.filipchyla.shopapi.auth.service.JwtServiceTest","extractUsername_ShouldThrowException_WhenTokenIsInvalid"
"","14","addItem_ShouldReturnBadRequest_WhenQuantityIsZero()","","2026-09-15","passed","2026-09-15","","io.github.filipchyla.shopapi.cart.CartControllerTest.AddItem","io.github.filipchyla.shopapi.cart.CartControllerTest$AddItem","addItem_ShouldReturnBadRequest_WhenQuantityIsZero"
"","12","getCart_ShouldReturnCart_ForGuestWithNoCookie()","","2026-09-15","passed","2026-09-15","","io.github.filipchyla.shopapi.cart.CartControllerTest.GetCart","io.github.filipchyla.shopapi.cart.CartControllerTest$GetCart","getCart_ShouldReturnCart_ForGuestWithNoCookie"
"","2","shouldRotateTokenAndReturnNewAccessToken_whenRequestIsValid()","","2026-09-15","passed","2026-09-15","","io.github.filipchyla.shopapi.auth.AuthenticationFacadeTest.RefreshTokenTest","io.github.filipchyla.shopapi.auth.AuthenticationFacadeTest$RefreshTokenTest","shouldRotateTokenAndReturnNewAccessToken_whenRequestIsValid"
"","2","shouldNotRevokeAnything_whenTokenIsNull()","","2026-09-15","passed","2026-09-15","","io.github.filipchyla.shopapi.auth.AuthenticationFacadeTest.RevokeSingleForUserTest","io.github.filipchyla.shopapi.auth.AuthenticationFacadeTest$RevokeSingleForUserTest","shouldNotRevokeAnything_whenTokenIsNull"
"","161","deleteMe_ShouldDeactivateCurrentUser()","","2026-09-15","passed","2026-09-15","","io.github.filipchyla.shopapi.user.UserIntegrationTest","io.github.filipchyla.shopapi.user.UserIntegrationTest","deleteMe_ShouldDeactivateCurrentUser"
"","328","updateStock_ReturnsNotFound_WhenProductDoesNotExist()","","2026-09-15","passed","2026-09-15","","io.github.filipchyla.shopapi.product.ProductIntegrationTest.UpdateStock","io.github.filipchyla.shopapi.product.ProductIntegrationTest$UpdateStock","updateStock_ReturnsNotFound_WhenProductDoesNotExist"
"","3","patchUser_ShouldUpdateUser_WhenUserExists()","","2026-09-15","passed","2026-09-15","","io.github.filipchyla.shopapi.user.UserServiceTest","io.github.filipchyla.shopapi.user.UserServiceTest","patchUser_ShouldUpdateUser_WhenUserExists"
"","170","logout_ClearsCookieAndInvalidatesToken()","","2026-09-15","passed","2026-09-15","","io.github.filipchyla.shopapi.auth.AuthIntegrationTest","io.github.filipchyla.shopapi.auth.AuthIntegrationTest","logout_ClearsCookieAndInvalidatesToken"
"","1","shouldPropagateException_whenEmailIsTaken()","","2026-09-15","passed","2026-09-15","","io.github.filipchyla.shopapi.auth.AuthenticationFacadeTest.RegisterUserAndReturnTokensTest","io.github.filipchyla.shopapi.auth.AuthenticationFacadeTest$RegisterUserAndReturnTokensTest","shouldPropagateException_whenEmailIsTaken"
"","3","quantityIfAdded_ShouldReturnDelta_WhenProductNotInCart()","","2026-09-15","passed","2026-09-15","","io.github.filipchyla.shopapi.cart.domain.CartDomainTest.GuestCartModel","io.github.filipchyla.shopapi.cart.domain.CartDomainTest$GuestCartModel","quantityIfAdded_ShouldReturnDelta_WhenProductNotInCart"
"","3","addCategory_ShouldSaveCategoryWithoutParent_WhenParentIdIsNull()","","2026-09-15","passed","2026-09-15","","io.github.filipchyla.shopapi.product.category.CategoryServiceTest.AddCategory","io.github.filipchyla.shopapi.product.category.CategoryServiceTest$AddCategory","addCategory_ShouldSaveCategoryWithoutParent_WhenParentIdIsNull"
"","11","updateItemQuantity_IsAccessible_WithoutAuthentication()","","2026-09-15","passed","2026-09-15","","io.github.filipchyla.shopapi.config.authorization.CartAuthorizationTest","io.github.filipchyla.shopapi.config.authorization.CartAuthorizationTest","updateItemQuantity_IsAccessible_WithoutAuthentication"
"","3","getProducts_ShouldReturnPageOfProducts_WhenNoFiltersProvided()","","2026-09-15","passed","2026-09-15","","io.github.filipchyla.shopapi.product.controller.ProductControllerTest.GetProducts","io.github.filipchyla.shopapi.product.controller.ProductControllerTest$GetProducts","getProducts_ShouldReturnPageOfProducts_WhenNoFiltersProvided"
"","3","authenticate_ShouldReturnBadRequest_WhenCredentialsAreInvalid()","","2026-09-15","passed","2026-09-15","","io.github.filipchyla.shopapi.auth.AuthenticationControllerTest.AuthenticationRequestTest","io.github.filipchyla.shopapi.auth.AuthenticationControllerTest$AuthenticationRequestTest","authenticate_ShouldReturnBadRequest_WhenCredentialsAreInvalid"
"","8","removeItem_ShouldReturnOk_WhenProductRemoved()","","2026-09-15","passed","2026-09-15","","io.github.filipchyla.shopapi.cart.CartControllerTest.RemoveItem","io.github.filipchyla.shopapi.cart.CartControllerTest$RemoveItem","removeItem_ShouldReturnOk_WhenProductRemoved"
"","184","addItem_CreatesCookieAndAddsItem_WhenNoCookiePresent()","","2026-09-15","passed","2026-09-15","","io.github.filipchyla.shopapi.cart.CartIntegrationTest.GuestFlow","io.github.filipchyla.shopapi.cart.CartIntegrationTest$GuestFlow","addItem_CreatesCookieAndAddsItem_WhenNoCookiePresent"
"","7","addItem_ShouldReturnBadRequest_WhenQuantityExceedsMax()","","2026-09-15","passed","2026-09-15","","io.github.filipchyla.shopapi.cart.CartControllerTest.AddItem","io.github.filipchyla.shopapi.cart.CartControllerTest$AddItem","addItem_ShouldReturnBadRequest_WhenQuantityExceedsMax"
"","156","updateProduct_ShouldPutResultInCache_ForGivenId()","","2026-09-15","passed","2026-09-15","","io.github.filipchyla.shopapi.product.ProductServiceCacheTest.UpdateProduct","io.github.filipchyla.shopapi.product.ProductServiceCacheTest$UpdateProduct","updateProduct_ShouldPutResultInCache_ForGivenId"
"","2","addItem_ShouldIncreaseQuantity_WhenProductAlreadyInCart()","","2026-09-15","passed","2026-09-15","","io.github.filipchyla.shopapi.cart.service.CartServiceTest.AddItem","io.github.filipchyla.shopapi.cart.service.CartServiceTest$AddItem","addItem_ShouldIncreaseQuantity_WhenProductAlreadyInCart"
"","2","shouldThrowWhenOldTokenDoesNotExist()","","2026-09-15","passed","2026-09-15","","io.github.filipchyla.shopapi.auth.service.RefreshTokenServiceTest.RotateToken","io.github.filipchyla.shopapi.auth.service.RefreshTokenServiceTest$RotateToken","shouldThrowWhenOldTokenDoesNotExist"
"","343","getProducts_FiltersByCategoryId()","","2026-09-15","passed","2026-09-15","","io.github.filipchyla.shopapi.product.ProductIntegrationTest.GetProducts","io.github.filipchyla.shopapi.product.ProductIntegrationTest$GetProducts","getProducts_FiltersByCategoryId"
"","2","deleteProduct_ShouldNotEvictOtherCachedEntries()","","2026-09-15","passed","2026-09-15","","io.github.filipchyla.shopapi.product.ProductServiceCacheTest.DeleteProduct","io.github.filipchyla.shopapi.product.ProductServiceCacheTest$DeleteProduct","deleteProduct_ShouldNotEvictOtherCachedEntries"
"","369","deleteCategory_DeletesCategory_WhenAdminAndCategoryExists()","","2026-09-15","passed","2026-09-15","","io.github.filipchyla.shopapi.product.category.CategoryIntegrationTest.DeleteCategory","io.github.filipchyla.shopapi.product.category.CategoryIntegrationTest$DeleteCategory","deleteCategory_DeletesCategory_WhenAdminAndCategoryExists"
"","2","validateQuantityUpdate_ShouldPass_WhenValidAndInStock()","","2026-09-15","passed","2026-09-15","","io.github.filipchyla.shopapi.cart.CartLimitPolicyTest.ValidateQuantityUpdate","io.github.filipchyla.shopapi.cart.CartLimitPolicyTest$ValidateQuantityUpdate","validateQuantityUpdate_ShouldPass_WhenValidAndInStock"
"","87","updateProduct_ShouldUpdateCategoryAndApplyPatch_WhenProductAndCategoryExist()","","2026-09-15","passed","2026-09-15","","io.github.filipchyla.shopapi.product.ProductServiceTest.UpdateProduct","io.github.filipchyla.shopapi.product.ProductServiceTest$UpdateProduct","updateProduct_ShouldUpdateCategoryAndApplyPatch_WhenProductAndCategoryExist"
"","2","updateCategory_ShouldThrowCategoryCycleException_WhenChildCategoryIsSetAsParent()","","2026-09-15","passed","2026-09-15","","io.github.filipchyla.shopapi.product.category.CategoryServiceTest.UpdateCategory","io.github.filipchyla.shopapi.product.category.CategoryServiceTest$UpdateCategory","updateCategory_ShouldThrowCategoryCycleException_WhenChildCategoryIsSetAsParent"
"","11","removeItem_IsAccessible_WithoutAuthentication()","","2026-09-15","passed","2026-09-15","","io.github.filipchyla.shopapi.config.authorization.CartAuthorizationTest","io.github.filipchyla.shopapi.config.authorization.CartAuthorizationTest","removeItem_IsAccessible_WithoutAuthentication"
"","4","shouldRevokeOldTokenAndCreateNewTokenInSameFamily()","","2026-09-15","passed","2026-09-15","","io.github.filipchyla.shopapi.auth.service.RefreshTokenServiceTest.RotateToken","io.github.filipchyla.shopapi.auth.service.RefreshTokenServiceTest$RotateToken","shouldRevokeOldTokenAndCreateNewTokenInSameFamily"
"","3","updateStock_ShouldUpdateStockAndReturnMappedResponse_WhenRequestIsValid()","","2026-09-15","passed","2026-09-15","","io.github.filipchyla.shopapi.product.controller.ProductAdminControllerTest.UpdateStock","io.github.filipchyla.shopapi.product.controller.ProductAdminControllerTest$UpdateStock","updateStock_ShouldUpdateStockAndReturnMappedResponse_WhenRequestIsValid"
"","8","updateStock_IsAccessible_WhenAdmin()","","2026-09-15","passed","2026-09-15","","io.github.filipchyla.shopapi.config.authorization.ProductAuthorizationTest","io.github.filipchyla.shopapi.config.authorization.ProductAuthorizationTest","updateStock_IsAccessible_WhenAdmin"
"","328","getProduct_ReturnsProduct_WhenProductExists()","","2026-09-15","passed","2026-09-15","","io.github.filipchyla.shopapi.product.ProductIntegrationTest.GetProduct","io.github.filipchyla.shopapi.product.ProductIntegrationTest$GetProduct","getProduct_ReturnsProduct_WhenProductExists"
"","6","deleteCategory_IsAccessible_WhenAdmin()","","2026-09-15","passed","2026-09-15","","io.github.filipchyla.shopapi.config.authorization.CategoryAuthorizationTest","io.github.filipchyla.shopapi.config.authorization.CategoryAuthorizationTest","deleteCategory_IsAccessible_WhenAdmin"
"","5","refresh_ShouldRotateTokenAndReturnNewAccessToken_WhenRequestIsValid()","","2026-09-15","passed","2026-09-15","","io.github.filipchyla.shopapi.auth.AuthenticationControllerTest.RefreshTokenCookieTest","io.github.filipchyla.shopapi.auth.AuthenticationControllerTest$RefreshTokenCookieTest","refresh_ShouldRotateTokenAndReturnNewAccessToken_WhenRequestIsValid"
"","6","merge_ShouldMergeSuccessfulItemsAndSkipFailingOnes_WhenMixed()","","2026-09-15","passed","2026-09-15","","io.github.filipchyla.shopapi.cart.service.CartMergeServiceTest.PartialFailure","io.github.filipchyla.shopapi.cart.service.CartMergeServiceTest$PartialFailure","merge_ShouldMergeSuccessfulItemsAndSkipFailingOnes_WhenMixed"
"","3","addProduct_ShouldThrowNotFound_WhenCategoryDoesNotExist()","","2026-09-15","passed","2026-09-15","","io.github.filipchyla.shopapi.product.ProductServiceTest.AddProduct","io.github.filipchyla.shopapi.product.ProductServiceTest$AddProduct","addProduct_ShouldThrowNotFound_WhenCategoryDoesNotExist"
"","10","addOrIncreaseItem_ShouldUpdateQuantity_WhenProductAlreadyInCart()","","2026-09-15","passed","2026-09-15","","io.github.filipchyla.shopapi.cart.domain.CartDomainTest.GuestCartModel","io.github.filipchyla.shopapi.cart.domain.CartDomainTest$GuestCartModel","addOrIncreaseItem_ShouldUpdateQuantity_WhenProductAlreadyInCart"
"","2","getProductById_ShouldNotCacheResult_WhenProductNotFound()","","2026-09-15","passed","2026-09-15","","io.github.filipchyla.shopapi.product.ProductServiceCacheTest.GetProductById","io.github.filipchyla.shopapi.product.ProductServiceCacheTest$GetProductById","getProductById_ShouldNotCacheResult_WhenProductNotFound"
"","335","updateProduct_ReturnsNotFound_WhenNewCategoryDoesNotExist()","","2026-09-15","passed","2026-09-15","","io.github.filipchyla.shopapi.product.ProductIntegrationTest.UpdateProduct","io.github.filipchyla.shopapi.product.ProductIntegrationTest$UpdateProduct","updateProduct_ReturnsNotFound_WhenNewCategoryDoesNotExist"
"","1","doFilterInternal_ShouldContinueChainWithoutAuthentication_WhenNoAuthorizationHeader()","","2026-09-15","passed","2026-09-15","","io.github.filipchyla.shopapi.security.filter.JwtAuthenticationFilterTest","io.github.filipchyla.shopapi.security.filter.JwtAuthenticationFilterTest","doFilterInternal_ShouldContinueChainWithoutAuthentication_WhenNoAuthorizationHeader"
"","192","addItem_PersistsToDatabase_WhenAuthenticated()","","2026-09-15","passed","2026-09-15","","io.github.filipchyla.shopapi.cart.CartIntegrationTest.UserFlow","io.github.filipchyla.shopapi.cart.CartIntegrationTest$UserFlow","addItem_PersistsToDatabase_WhenAuthenticated"
"","2","updateItemQuantity_ShouldThrowInsufficientStock_WhenPolicyRejectsUpdate()","","2026-09-15","passed","2026-09-15","","io.github.filipchyla.shopapi.cart.service.CartServiceTest.UpdateItemQuantity","io.github.filipchyla.shopapi.cart.service.CartServiceTest$UpdateItemQuantity","updateItemQuantity_ShouldThrowInsufficientStock_WhenPolicyRejectsUpdate"
"","2","shouldReturnAccessTokenAndRefreshCookie_whenAuthenticationIsSuccessful()","","2026-09-15","passed","2026-09-15","","io.github.filipchyla.shopapi.auth.AuthenticationFacadeTest.AuthenticateUserAndReturnTokensTest","io.github.filipchyla.shopapi.auth.AuthenticationFacadeTest$AuthenticateUserAndReturnTokensTest","shouldReturnAccessTokenAndRefreshCookie_whenAuthenticationIsSuccessful"
"","15","cookieBasedEndpoints_ShouldNotReturnForbidden_WhenCsrfTokenPresent(HttpMethod, String) [3] method=POST, url=/api/v1/cart/items","","2026-09-15","passed","2026-09-15","","io.github.filipchyla.shopapi.config.CsrfConfigurationTest","io.github.filipchyla.shopapi.config.CsrfConfigurationTest","cookieBasedEndpoints_ShouldNotReturnForbidden_WhenCsrfTokenPresent"
"","7","totalPrice_ShouldReturnZero_WhenItemListIsEmpty()","","2026-09-15","passed","2026-09-15","","io.github.filipchyla.shopapi.cart.PriceCalculatorTest.TotalPrice","io.github.filipchyla.shopapi.cart.PriceCalculatorTest$TotalPrice","totalPrice_ShouldReturnZero_WhenItemListIsEmpty"
"","88","doFilterInternal_ShouldReturnUnauthorized_WhenTokenIsInvalidJwt()","","2026-09-15","passed","2026-09-15","","io.github.filipchyla.shopapi.security.filter.JwtAuthenticationFilterTest","io.github.filipchyla.shopapi.security.filter.JwtAuthenticationFilterTest","doFilterInternal_ShouldReturnUnauthorized_WhenTokenIsInvalidJwt"
"","6","getProduct_ShouldReturnNotFound_WhenProductDoesNotExist()","","2026-09-15","passed","2026-09-15","","io.github.filipchyla.shopapi.product.controller.ProductControllerTest.GetProduct","io.github.filipchyla.shopapi.product.controller.ProductControllerTest$GetProduct","getProduct_ShouldReturnNotFound_WhenProductDoesNotExist"
"","2","getCategoryById_ShouldReturnCategory_WhenItExists()","","2026-09-15","passed","2026-09-15","","io.github.filipchyla.shopapi.product.category.CategoryServiceTest.GetCategoryById","io.github.filipchyla.shopapi.product.category.CategoryServiceTest$GetCategoryById","getCategoryById_ShouldReturnCategory_WhenItExists"
"","1","removeStaleItems_ShouldDropItemsNotInValidSet()","","2026-09-15","passed","2026-09-15","","io.github.filipchyla.shopapi.cart.domain.CartDomainTest.GuestCartModel","io.github.filipchyla.shopapi.cart.domain.CartDomainTest$GuestCartModel","removeStaleItems_ShouldDropItemsNotInValidSet"
"","90","updateMe_ShouldClearInfo_WhenRequestHasEmptyStrings()","","2026-09-15","passed","2026-09-15","","io.github.filipchyla.shopapi.user.UserIntegrationTest","io.github.filipchyla.shopapi.user.UserIntegrationTest","updateMe_ShouldClearInfo_WhenRequestHasEmptyStrings"
"","1","shouldRevokeTokenAndReturnExpiredCookie_whenTokenIsPresent()","","2026-09-15","passed","2026-09-15","","io.github.filipchyla.shopapi.auth.AuthenticationFacadeTest.RevokeSingleForUserTest","io.github.filipchyla.shopapi.auth.AuthenticationFacadeTest$RevokeSingleForUserTest","shouldRevokeTokenAndReturnExpiredCookie_whenTokenIsPresent"
"","2","getProducts_ShouldReturnBadRequest_WhenSortFieldIsNotAllowed()","","2026-09-15","passed","2026-09-15","","io.github.filipchyla.shopapi.product.controller.ProductControllerTest.GetProducts","io.github.filipchyla.shopapi.product.controller.ProductControllerTest$GetProducts","getProducts_ShouldReturnBadRequest_WhenSortFieldIsNotAllowed"
"","2","addItem_ShouldPassIsNewFalseToPolicy_WhenAddingExistingItem()","","2026-09-15","passed","2026-09-15","","io.github.filipchyla.shopapi.cart.service.CartServiceTest.AddItem","io.github.filipchyla.shopapi.cart.service.CartServiceTest$AddItem","addItem_ShouldPassIsNewFalseToPolicy_WhenAddingExistingItem"
"","332","addCategory_CreatesSubcategory_WhenParentIdProvided()","","2026-09-15","passed","2026-09-15","","io.github.filipchyla.shopapi.product.category.CategoryIntegrationTest.AddCategory","io.github.filipchyla.shopapi.product.category.CategoryIntegrationTest$AddCategory","addCategory_CreatesSubcategory_WhenParentIdProvided"
"","3","getCart_ShouldReturnExistingCart_WhenOneExistsForUser()","","2026-09-15","passed","2026-09-15","","io.github.filipchyla.shopapi.cart.service.CartServiceTest.GetCart","io.github.filipchyla.shopapi.cart.service.CartServiceTest$GetCart","getCart_ShouldReturnExistingCart_WhenOneExistsForUser"
"","3","addItem_ShouldThrowInsufficientStock_WhenRequestExceedsStock()","","2026-09-15","passed","2026-09-15","","io.github.filipchyla.shopapi.cart.service.GuestCartServiceTest.AddItem","io.github.filipchyla.shopapi.cart.service.GuestCartServiceTest$AddItem","addItem_ShouldThrowInsufficientStock_WhenRequestExceedsStock"
"","2","isTokenValid_ShouldReturnFalse_WhenUsernameDoesNotMatch()","","2026-09-15","passed","2026-09-15","","io.github.filipchyla.shopapi.auth.service.JwtServiceTest","io.github.filipchyla.shopapi.auth.service.JwtServiceTest","isTokenValid_ShouldReturnFalse_WhenUsernameDoesNotMatch"
"","2","removeItem_ShouldThrowNotFound_WhenItemNotInCart()","","2026-09-15","passed","2026-09-15","","io.github.filipchyla.shopapi.cart.domain.CartDomainTest.CartEntity","io.github.filipchyla.shopapi.cart.domain.CartDomainTest$CartEntity","removeItem_ShouldThrowNotFound_WhenItemNotInCart"
"","4","addCategory_ShouldSetParentAndSave_WhenParentIdIsProvided()","","2026-09-15","passed","2026-09-15","","io.github.filipchyla.shopapi.product.category.CategoryServiceTest.AddCategory","io.github.filipchyla.shopapi.product.category.CategoryServiceTest$AddCategory","addCategory_ShouldSetParentAndSave_WhenParentIdIsProvided"
"","14","updateProduct_ShouldReturnNotFound_WhenProductDoesNotExist()","","2026-09-15","passed","2026-09-15","","io.github.filipchyla.shopapi.product.controller.ProductAdminControllerTest.UpdateProduct","io.github.filipchyla.shopapi.product.controller.ProductAdminControllerTest$UpdateProduct","updateProduct_ShouldReturnNotFound_WhenProductDoesNotExist"
"","2","removeItem_ShouldRemoveItem_WhenItemExists()","","2026-09-15","passed","2026-09-15","","io.github.filipchyla.shopapi.cart.domain.CartDomainTest.CartEntity","io.github.filipchyla.shopapi.cart.domain.CartDomainTest$CartEntity","removeItem_ShouldRemoveItem_WhenItemExists"
"","4","removeItem_ShouldThrowNotFound_WhenItemMissing()","","2026-09-15","passed","2026-09-15","","io.github.filipchyla.shopapi.cart.service.GuestCartServiceTest.UpdateAndRemove","io.github.filipchyla.shopapi.cart.service.GuestCartServiceTest$UpdateAndRemove","removeItem_ShouldThrowNotFound_WhenItemMissing"
"","2","updateItemQuantity_ShouldUpdateQuantity_WhenItemExistsAndStockSufficient()","","2026-09-15","passed","2026-09-15","","io.github.filipchyla.shopapi.cart.service.CartServiceTest.UpdateItemQuantity","io.github.filipchyla.shopapi.cart.service.CartServiceTest$UpdateItemQuantity","updateItemQuantity_ShouldUpdateQuantity_WhenItemExistsAndStockSufficient"
"","2","validateAddition_ShouldThrowLimitExceeded_WhenRequestedQuantityExceedsMaxPerItem()","","2026-09-15","passed","2026-09-15","","io.github.filipchyla.shopapi.cart.CartLimitPolicyTest.ValidateAddition","io.github.filipchyla.shopapi.cart.CartLimitPolicyTest$ValidateAddition","validateAddition_ShouldThrowLimitExceeded_WhenRequestedQuantityExceedsMaxPerItem"
"","11","addCategory_ShouldReturnNotFound_WhenParentIdDoesNotExist()","","2026-09-15","passed","2026-09-15","","io.github.filipchyla.shopapi.product.category.controller.CategoryAdminControllerTest.AddCategory","io.github.filipchyla.shopapi.product.category.controller.CategoryAdminControllerTest$AddCategory","addCategory_ShouldReturnNotFound_WhenParentIdDoesNotExist"
"","4","getCategoryTree_ShouldReturnAllCategoriesAsRoots_WhenNoneHaveParent()","","2026-09-15","passed","2026-09-15","","io.github.filipchyla.shopapi.product.category.CategoryServiceTest.GetCategoryTree","io.github.filipchyla.shopapi.product.category.CategoryServiceTest$GetCategoryTree","getCategoryTree_ShouldReturnAllCategoriesAsRoots_WhenNoneHaveParent"
"","336","addProduct_ReturnsBadRequest_WhenNameIsBlank()","","2026-09-15","passed","2026-09-15","","io.github.filipchyla.shopapi.product.ProductIntegrationTest.AddProduct","io.github.filipchyla.shopapi.product.ProductIntegrationTest$AddProduct","addProduct_ReturnsBadRequest_WhenNameIsBlank"
"","3","updateStock_IsNotAccessible_WithoutAuthentication()","","2026-09-15","passed","2026-09-15","","io.github.filipchyla.shopapi.config.authorization.ProductAuthorizationTest","io.github.filipchyla.shopapi.config.authorization.ProductAuthorizationTest","updateStock_IsNotAccessible_WithoutAuthentication"
"","2","updateStock_ShouldPutResultInCache_ForGivenId()","","2026-09-15","passed","2026-09-15","","io.github.filipchyla.shopapi.product.ProductServiceCacheTest.UpdateStock","io.github.filipchyla.shopapi.product.ProductServiceCacheTest$UpdateStock","updateStock_ShouldPutResultInCache_ForGivenId"
"","2","merge_ShouldPassCorrectProductIdAndQuantity_ForEachGuestItem()","","2026-09-15","passed","2026-09-15","","io.github.filipchyla.shopapi.cart.service.CartMergeServiceTest.HappyPath","io.github.filipchyla.shopapi.cart.service.CartMergeServiceTest$HappyPath","merge_ShouldPassCorrectProductIdAndQuantity_ForEachGuestItem"
"","4","addItem_ShouldNotReturnNewToken_WhenGuestWithExistingCookieAddsItem()","","2026-09-15","passed","2026-09-15","","io.github.filipchyla.shopapi.cart.CartFacadeTest.AddItem","io.github.filipchyla.shopapi.cart.CartFacadeTest$AddItem","addItem_ShouldNotReturnNewToken_WhenGuestWithExistingCookieAddsItem"
"","1","updateStock_ShouldThrowNotFound_WhenProductDoesNotExist()","","2026-09-15","passed","2026-09-15","","io.github.filipchyla.shopapi.product.ProductServiceTest.UpdateStock","io.github.filipchyla.shopapi.product.ProductServiceTest$UpdateStock","updateStock_ShouldThrowNotFound_WhenProductDoesNotExist"
"","6","getProduct_ShouldReturnProduct_WhenProductExists()","","2026-09-15","passed","2026-09-15","","io.github.filipchyla.shopapi.product.controller.ProductControllerTest.GetProduct","io.github.filipchyla.shopapi.product.controller.ProductControllerTest$GetProduct","getProduct_ShouldReturnProduct_WhenProductExists"
