"DESCRIPTION","DURATION IN MS","NAME","PARENT SUITE","START TIME","STATUS","STOP TIME","SUB SUITE","SUITE","TEST CLASS","TEST METHOD"
"","5","patchMe_ShouldReturnUpdatedUser_WhenRequestIsValid()","","2026-09-15","passed","2026-09-15","","io.github.filipchyla.shopapi.user.UserControllerTest","io.github.filipchyla.shopapi.user.UserControllerTest","patchMe_ShouldReturnUpdatedUser_WhenRequestIsValid"
"","3","deleteCategory_IsNotAccessible_WithoutAuthentication()","","2026-09-15","passed","2026-09-15","","io.github.filipchyla.shopapi.config.authorization.CategoryAuthorizationTest","io.github.filipchyla.shopapi.config.authorization.CategoryAuthorizationTest","deleteCategory_IsNotAccessible_WithoutAuthentication"
"","87","updateProduct_ShouldUpdateCategoryAndApplyPatch_WhenProductAndCategoryExist()","","2026-09-15","passed","2026-09-15","","io.github.filipchyla.shopapi.product.ProductServiceTest.UpdateProduct","io.github.filipchyla.shopapi.product.ProductServiceTest$UpdateProduct","updateProduct_ShouldUpdateCategoryAndApplyPatch_WhenProductAndCategoryExist"
"","1","getCategoryTree_ShouldCallRepositoryOnlyOnce_WhenCalledMultipleTimes()","","2026-09-15","passed","2026-09-15","","io.github.filipchyla.shopapi.product.category.CategoryServiceCacheTest.GetCategoryTree","io.github.filipchyla.shopapi.product.category.CategoryServiceCacheTest$GetCategoryTree","getCategoryTree_ShouldCallRepositoryOnlyOnce_WhenCalledMultipleTimes"
"","2","updateStock_ShouldUpdateStockAndReturnMappedResponse_WhenRequestIsValid()","","2026-09-15","passed","2026-09-15","","io.github.filipchyla.shopapi.product.controller.ProductAdminControllerTest.UpdateStock","io.github.filipchyla.shopapi.product.controller.ProductAdminControllerTest$UpdateStock","updateStock_ShouldUpdateStockAndReturnMappedResponse_WhenRequestIsValid"
"","285","getCategories_DoesNotRequireAuthentication()","","2026-09-15","passed","2026-09-15","","io.github.filipchyla.shopapi.product.category.CategoryIntegrationTest.GetCategories","io.github.filipchyla.shopapi.product.category.CategoryIntegrationTest$GetCategories","getCategories_DoesNotRequireAuthentication"
"","2","merge_ShouldSkipItemsThatFailWithConflict_ButStillClearGuestCart()","","2026-09-15","passed","2026-09-15","","io.github.filipchyla.shopapi.cart.service.CartMergeServiceTest.PartialFailure","io.github.filipchyla.shopapi.cart.service.CartMergeServiceTest$PartialFailure","merge_ShouldSkipItemsThatFailWithConflict_ButStillClearGuestCart"
"","0","removeItem_ShouldRemoveItem_WhenItemExists()","","2026-09-15","passed","2026-09-15","","io.github.filipchyla.shopapi.cart.domain.CartDomainTest.CartEntity","io.github.filipchyla.shopapi.cart.domain.CartDomainTest$CartEntity","removeItem_ShouldRemoveItem_WhenItemExists"
"","13","updateItemQuantity_ShouldThrowInsufficientStock_WhenNewQuantityExceedsStock()","","2026-09-15","passed","2026-09-15","","io.github.filipchyla.shopapi.cart.service.GuestCartServiceTest.UpdateAndRemove","io.github.filipchyla.shopapi.cart.service.GuestCartServiceTest$UpdateAndRemove","updateItemQuantity_ShouldThrowInsufficientStock_WhenNewQuantityExceedsStock"
"","126","updateCategory_ShouldEvictTreeCache()","","2026-09-15","passed","2026-09-15","","io.github.filipchyla.shopapi.product.category.CategoryServiceCacheTest.UpdateCategory","io.github.filipchyla.shopapi.product.category.CategoryServiceCacheTest$UpdateCategory","updateCategory_ShouldEvictTreeCache"
"","4","deactivateUser_ShouldSetEnabledToFalse_WhenUserExists()","","2026-09-15","passed","2026-09-15","","io.github.filipchyla.shopapi.user.UserServiceTest","io.github.filipchyla.shopapi.user.UserServiceTest","deactivateUser_ShouldSetEnabledToFalse_WhenUserExists"
"","1","addItem_ShouldReturnNewCartToken_WhenGuestWithoutCookieAddsItem()","","2026-09-15","passed","2026-09-15","","io.github.filipchyla.shopapi.cart.CartFacadeTest.AddItem","io.github.filipchyla.shopapi.cart.CartFacadeTest$AddItem","addItem_ShouldReturnNewCartToken_WhenGuestWithoutCookieAddsItem"
"","284","getProducts_ReturnsAllProducts_WhenNoFiltersApplied()","","2026-09-15","passed","2026-09-15","","io.github.filipchyla.shopapi.product.ProductIntegrationTest.GetProducts","io.github.filipchyla.shopapi.product.ProductIntegrationTest$GetProducts","getProducts_ReturnsAllProducts_WhenNoFiltersApplied"
"","296","updateCategory_ReturnsBadRequest_WhenNameTooShort()","","2026-09-15","passed","2026-09-15","","io.github.filipchyla.shopapi.product.category.CategoryIntegrationTest.UpdateCategory","io.github.filipchyla.shopapi.product.category.CategoryIntegrationTest$UpdateCategory","updateCategory_ReturnsBadRequest_WhenNameTooShort"
"","5","updateItemQuantity_ShouldReturnOk_WhenValidQuantityProvided()","","2026-09-15","passed","2026-09-15","","io.github.filipchyla.shopapi.cart.CartControllerTest.UpdateItemQuantity","io.github.filipchyla.shopapi.cart.CartControllerTest$UpdateItemQuantity","updateItemQuantity_ShouldReturnOk_WhenValidQuantityProvided"
"","287","deleteProduct_ReturnsForbidden_WhenUserIsNotAdmin()","","2026-09-15","passed","2026-09-15","","io.github.filipchyla.shopapi.product.ProductIntegrationTest.DeleteProduct","io.github.filipchyla.shopapi.product.ProductIntegrationTest$DeleteProduct","deleteProduct_ReturnsForbidden_WhenUserIsNotAdmin"
"","3","quantityIfAdded_ShouldReturnDelta_WhenProductNotInCart()","","2026-09-15","passed","2026-09-15","","io.github.filipchyla.shopapi.cart.domain.CartDomainTest.GuestCartModel","io.github.filipchyla.shopapi.cart.domain.CartDomainTest$GuestCartModel","quantityIfAdded_ShouldReturnDelta_WhenProductNotInCart"
"","293","updateStock_UpdatesQuantity_WhenAdminAndValidRequest()","","2026-09-15","passed","2026-09-15","","io.github.filipchyla.shopapi.product.ProductIntegrationTest.UpdateStock","io.github.filipchyla.shopapi.product.ProductIntegrationTest$UpdateStock","updateStock_UpdatesQuantity_WhenAdminAndValidRequest"
"","1","isPriceChanged_ShouldReturnTrue_WhenPricesDiffer()","","2026-09-15","passed","2026-09-15","","io.github.filipchyla.shopapi.cart.PriceCalculatorTest.IsPriceChanged","io.github.filipchyla.shopapi.cart.PriceCalculatorTest$IsPriceChanged","isPriceChanged_ShouldReturnTrue_WhenPricesDiffer"
"","2","addItem_ShouldThrowInsufficientStock_WhenRequestExceedsStock()","","2026-09-15","passed","2026-09-15","","io.github.filipchyla.shopapi.cart.service.GuestCartServiceTest.AddItem","io.github.filipchyla.shopapi.cart.service.GuestCartServiceTest$AddItem","addItem_ShouldThrowInsufficientStock_WhenRequestExceedsStock"
"","2","cookieBasedEndpoints_ShouldReturnForbidden_WhenCsrfTokenMissing(HttpMethod, String) [2] method=POST, url=/api/v1/auth/logout","","2026-09-15","passed","2026-09-15","","io.github.filipchyla.shopapi.config.CsrfConfigurationTest","io.github.filipchyla.shopapi.config.CsrfConfigurationTest","cookieBasedEndpoints_ShouldReturnForbidden_WhenCsrfTokenMissing"
"","1","shouldReturnAccessTokenAndRefreshCookie_whenRegisterIsSuccessful()","","2026-09-15","passed","2026-09-15","","io.github.filipchyla.shopapi.auth.AuthenticationFacadeTest.RegisterUserAndReturnTokensTest","io.github.filipchyla.shopapi.auth.AuthenticationFacadeTest$RegisterUserAndReturnTokensTest","shouldReturnAccessTokenAndRefreshCookie_whenRegisterIsSuccessful"
"","72","register_ShouldReturnBadCredentials_WhenCredentialsAreIncorrect()","","2026-09-15","passed","2026-09-15","","io.github.filipchyla.shopapi.auth.AuthIntegrationTest","io.github.filipchyla.shopapi.auth.AuthIntegrationTest","register_ShouldReturnBadCredentials_WhenCredentialsAreIncorrect"
"","2","removeItem_ShouldRemoveItemAndSave_WhenItemExists()","","2026-09-15","passed","2026-09-15","","io.github.filipchyla.shopapi.cart.service.GuestCartServiceTest.UpdateAndRemove","io.github.filipchyla.shopapi.cart.service.GuestCartServiceTest$UpdateAndRemove","removeItem_ShouldRemoveItemAndSave_WhenItemExists"
"","2","addItem_ShouldThrowLimitExceeded_WhenCartAlreadyHasMaxDistinctItems()","","2026-09-15","passed","2026-09-15","","io.github.filipchyla.shopapi.cart.service.CartServiceTest.AddItem","io.github.filipchyla.shopapi.cart.service.CartServiceTest$AddItem","addItem_ShouldThrowLimitExceeded_WhenCartAlreadyHasMaxDistinctItems"
"","0","validateAddition_ShouldPass_WhenWithinQuantityAndDistinctLimitsAndStockSufficient()","","2026-09-15","passed","2026-09-15","","io.github.filipchyla.shopapi.cart.CartLimitPolicyTest.ValidateAddition","io.github.filipchyla.shopapi.cart.CartLimitPolicyTest$ValidateAddition","validateAddition_ShouldPass_WhenWithinQuantityAndDistinctLimitsAndStockSufficient"
"","2","getCart_ShouldRemoveStaleProductsAndPersistCleanedCart_WhenProductsNoLongerExist()","","2026-09-15","passed","2026-09-15","","io.github.filipchyla.shopapi.cart.service.GuestCartServiceTest.GetCart","io.github.filipchyla.shopapi.cart.service.GuestCartServiceTest$GetCart","getCart_ShouldRemoveStaleProductsAndPersistCleanedCart_WhenProductsNoLongerExist"
"","1","addItem_ShouldPassIsNewFalseToPolicy_WhenAddingExistingItem()","","2026-09-15","passed","2026-09-15","","io.github.filipchyla.shopapi.cart.service.CartServiceTest.AddItem","io.github.filipchyla.shopapi.cart.service.CartServiceTest$AddItem","addItem_ShouldPassIsNewFalseToPolicy_WhenAddingExistingItem"
"","1","shouldReturnUserId()","","2026-09-15","passed","2026-09-15","","io.github.filipchyla.shopapi.auth.service.RefreshTokenServiceTest.GetUserIdFromToken","io.github.filipchyla.shopapi.auth.service.RefreshTokenServiceTest$GetUserIdFromToken","shouldReturnUserId"
"","4","getMe_ShouldReturnUser_WhenUserExist()","","2026-09-15","passed","2026-09-15","","io.github.filipchyla.shopapi.user.UserControllerTest","io.github.filipchyla.shopapi.user.UserControllerTest","getMe_ShouldReturnUser_WhenUserExist"
"","284","updateProduct_ReturnsNotFound_WhenProductDoesNotExist()","","2026-09-15","passed","2026-09-15","","io.github.filipchyla.shopapi.product.ProductIntegrationTest.UpdateProduct","io.github.filipchyla.shopapi.product.ProductIntegrationTest$UpdateProduct","updateProduct_ReturnsNotFound_WhenProductDoesNotExist"
"","149","refresh_ShouldReturnUnauthorized_WhenCookieIsReused()","","2026-09-15","passed","2026-09-15","","io.github.filipchyla.shopapi.auth.AuthIntegrationTest","io.github.filipchyla.shopapi.auth.AuthIntegrationTest","refresh_ShouldReturnUnauthorized_WhenCookieIsReused"
"","1","changePassword_ShouldChangePassword_WhenCurrentPasswordIsCorrect()","","2026-09-15","passed","2026-09-15","","io.github.filipchyla.shopapi.auth.service.AuthenticationServiceTest","io.github.filipchyla.shopapi.auth.service.AuthenticationServiceTest","changePassword_ShouldChangePassword_WhenCurrentPasswordIsCorrect"
"","14","cookieBasedEndpoints_ShouldNotReturnForbidden_WhenCsrfTokenPresent(HttpMethod, String) [3] method=POST, url=/api/v1/cart/items","","2026-09-15","passed","2026-09-15","","io.github.filipchyla.shopapi.config.CsrfConfigurationTest","io.github.filipchyla.shopapi.config.CsrfConfigurationTest","cookieBasedEndpoints_ShouldNotReturnForbidden_WhenCsrfTokenPresent"
"","291","updateCategory_ReturnsConflict_WhenCircularCategoryReference()","","2026-09-15","passed","2026-09-15","","io.github.filipchyla.shopapi.product.category.CategoryIntegrationTest.UpdateCategory","io.github.filipchyla.shopapi.product.category.CategoryIntegrationTest$UpdateCategory","updateCategory_ReturnsConflict_WhenCircularCategoryReference"
"","3","getProducts_ShouldReturnBadRequest_WhenSortFieldIsNotAllowed()","","2026-09-15","passed","2026-09-15","","io.github.filipchyla.shopapi.product.controller.ProductControllerTest.GetProducts","io.github.filipchyla.shopapi.product.controller.ProductControllerTest$GetProducts","getProducts_ShouldReturnBadRequest_WhenSortFieldIsNotAllowed"
"","5","changePassword_IsAccessible_WhenAuthenticated()","","2026-09-15","passed","2026-09-15","","io.github.filipchyla.shopapi.config.authorization.UserAuthorizationTest","io.github.filipchyla.shopapi.config.authorization.UserAuthorizationTest","changePassword_IsAccessible_WhenAuthenticated"
"","2","getProductById_ShouldNotCacheResult_WhenProductNotFound()","","2026-09-15","passed","2026-09-15","","io.github.filipchyla.shopapi.product.ProductServiceCacheTest.GetProductById","io.github.filipchyla.shopapi.product.ProductServiceCacheTest$GetProductById","getProductById_ShouldNotCacheResult_WhenProductNotFound"
"","1","getCategoryTree_ShouldNestChildrenUnderTheirParent()","","2026-09-15","passed","2026-09-15","","io.github.filipchyla.shopapi.product.category.CategoryServiceTest.GetCategoryTree","io.github.filipchyla.shopapi.product.category.CategoryServiceTest$GetCategoryTree","getCategoryTree_ShouldNestChildrenUnderTheirParent"
"","1","findProducts_ShouldReturnPage_WhenPriceBoundsAreNull()","","2026-09-15","passed","2026-09-15","","io.github.filipchyla.shopapi.product.ProductServiceTest.FindProducts","io.github.filipchyla.shopapi.product.ProductServiceTest$FindProducts","findProducts_ShouldReturnPage_WhenPriceBoundsAreNull"
"","2","doFilterInternal_ShouldSetAuthentication_WhenTokenIsValid()","","2026-09-15","passed","2026-09-15","","io.github.filipchyla.shopapi.security.filter.JwtAuthenticationFilterTest","io.github.filipchyla.shopapi.security.filter.JwtAuthenticationFilterTest","doFilterInternal_ShouldSetAuthentication_WhenTokenIsValid"
"","2","deleteCategory_ShouldThrowAndNotEvictCache_WhenCategoryDoesNotExist()","","2026-09-15","passed","2026-09-15","","io.github.filipchyla.shopapi.product.category.CategoryServiceCacheTest.DeleteCategory","io.github.filipchyla.shopapi.product.category.CategoryServiceCacheTest$DeleteCategory","deleteCategory_ShouldThrowAndNotEvictCache_WhenCategoryDoesNotExist"
"","2","mergeCart_IsNotAccessible_WithoutAuthentication()","","2026-09-15","passed","2026-09-15","","io.github.filipchyla.shopapi.config.authorization.CartAuthorizationTest","io.github.filipchyla.shopapi.config.authorization.CartAuthorizationTest","mergeCart_IsNotAccessible_WithoutAuthentication"
"","1","addItem_ShouldThrowProductNotFound_WhenProductIsInactiveOrNotFound()","","2026-09-15","passed","2026-09-15","","io.github.filipchyla.shopapi.cart.service.CartServiceTest.AddItem","io.github.filipchyla.shopapi.cart.service.CartServiceTest$AddItem","addItem_ShouldThrowProductNotFound_WhenProductIsInactiveOrNotFound"
"","4","merge_ShouldMergeSuccessfulItemsAndSkipFailingOnes_WhenMixed()","","2026-09-15","passed","2026-09-15","","io.github.filipchyla.shopapi.cart.service.CartMergeServiceTest.PartialFailure","io.github.filipchyla.shopapi.cart.service.CartMergeServiceTest$PartialFailure","merge_ShouldMergeSuccessfulItemsAndSkipFailingOnes_WhenMixed"
"","3","addItem_ShouldNotReturnNewToken_WhenGuestWithExistingCookieAddsItem()","","2026-09-15","passed","2026-09-15","","io.github.filipchyla.shopapi.cart.CartFacadeTest.AddItem","io.github.filipchyla.shopapi.cart.CartFacadeTest$AddItem","addItem_ShouldNotReturnNewToken_WhenGuestWithExistingCookieAddsItem"
"","1","removeItem_ShouldThrowNotFound_WhenItemDoesNotExist()","","2026-09-15","passed","2026-09-15","","io.github.filipchyla.shopapi.cart.service.CartServiceTest.RemoveItem","io.github.filipchyla.shopapi.cart.service.CartServiceTest$RemoveItem","removeItem_ShouldThrowNotFound_WhenItemDoesNotExist"
"","1","getCategoryTree_ShouldHitRepositoryAgain_AfterCacheIsManuallyCleared()","","2026-09-15","passed","2026-09-15","","io.github.filipchyla.shopapi.product.category.CategoryServiceCacheTest.GetCategoryTree","io.github.filipchyla.shopapi.product.category.CategoryServiceCacheTest$GetCategoryTree","getCategoryTree_ShouldHitRepositoryAgain_AfterCacheIsManuallyCleared"
"","2","patchUser_ShouldUpdateUser_WhenUserExists()","","2026-09-15","passed","2026-09-15","","io.github.filipchyla.shopapi.user.UserServiceTest","io.github.filipchyla.shopapi.user.UserServiceTest","patchUser_ShouldUpdateUser_WhenUserExists"
"","286","getCategories_ReturnsEmptyList_WhenNoCategoriesExist()","","2026-09-15","passed","2026-09-15","","io.github.filipchyla.shopapi.product.category.CategoryIntegrationTest.GetCategories","io.github.filipchyla.shopapi.product.category.CategoryIntegrationTest$GetCategories","getCategories_ReturnsEmptyList_WhenNoCategoriesExist"
"","283","addProduct_ReturnsUnauthorized_WhenNoTokenProvided()","","2026-09-15","passed","2026-09-15","","io.github.filipchyla.shopapi.product.ProductIntegrationTest.AddProduct","io.github.filipchyla.shopapi.product.ProductIntegrationTest$AddProduct","addProduct_ReturnsUnauthorized_WhenNoTokenProvided"
"","2","addCategory_ShouldThrowNotFound_WhenParentDoesNotExist()","","2026-09-15","passed","2026-09-15","","io.github.filipchyla.shopapi.product.category.CategoryServiceTest.AddCategory","io.github.filipchyla.shopapi.product.category.CategoryServiceTest$AddCategory","addCategory_ShouldThrowNotFound_WhenParentDoesNotExist"
"","12","cookieBasedEndpoints_ShouldNotReturnForbidden_WhenCsrfTokenPresent(HttpMethod, String) [1] method=POST, url=/api/v1/auth/refresh","","2026-09-15","passed","2026-09-15","","io.github.filipchyla.shopapi.config.CsrfConfigurationTest","io.github.filipchyla.shopapi.config.CsrfConfigurationTest","cookieBasedEndpoints_ShouldNotReturnForbidden_WhenCsrfTokenPresent"
"","2","addProduct_ShouldSaveProduct_WhenCategoryExists()","","2026-09-15","passed","2026-09-15","","io.github.filipchyla.shopapi.product.ProductServiceTest.AddProduct","io.github.filipchyla.shopapi.product.ProductServiceTest$AddProduct","addProduct_ShouldSaveProduct_WhenCategoryExists"
"","1","validateAddition_ShouldPass_WhenDistinctItemsReachMaxAllowedBoundaryForNewItem()","","2026-09-15","passed","2026-09-15","","io.github.filipchyla.shopapi.cart.CartLimitPolicyTest.ValidateAddition","io.github.filipchyla.shopapi.cart.CartLimitPolicyTest$ValidateAddition","validateAddition_ShouldPass_WhenDistinctItemsReachMaxAllowedBoundaryForNewItem"
"","13","addOrIncreaseItem_ShouldUpdateQuantity_WhenProductAlreadyInCart()","","2026-09-15","passed","2026-09-15","","io.github.filipchyla.shopapi.cart.domain.CartDomainTest.GuestCartModel","io.github.filipchyla.shopapi.cart.domain.CartDomainTest$GuestCartModel","addOrIncreaseItem_ShouldUpdateQuantity_WhenProductAlreadyInCart"
"","289","updateCategory_ReturnsNotFound_WhenCategoryDoesNotExist()","","2026-09-15","passed","2026-09-15","","io.github.filipchyla.shopapi.product.category.CategoryIntegrationTest.UpdateCategory","io.github.filipchyla.shopapi.product.category.CategoryIntegrationTest$UpdateCategory","updateCategory_ReturnsNotFound_WhenCategoryDoesNotExist"
"","3","addItem_ShouldThrowLimitExceeded_WhenQuantityAboveMax()","","2026-09-15","passed","2026-09-15","","io.github.filipchyla.shopapi.cart.service.GuestCartServiceTest.AddItem","io.github.filipchyla.shopapi.cart.service.GuestCartServiceTest$AddItem","addItem_ShouldThrowLimitExceeded_WhenQuantityAboveMax"
"","316","deleteCategory_DeletesCategory_WhenAdminAndCategoryExists()","","2026-09-15","passed","2026-09-15","","io.github.filipchyla.shopapi.product.category.CategoryIntegrationTest.DeleteCategory","io.github.filipchyla.shopapi.product.category.CategoryIntegrationTest$DeleteCategory","deleteCategory_DeletesCategory_WhenAdminAndCategoryExists"
"","11","addItem_ShouldSetCartTokenCookie_WhenGuestHasNoCookieYet()","","2026-09-15","passed","2026-09-15","","io.github.filipchyla.shopapi.cart.CartControllerTest.AddItem","io.github.filipchyla.shopapi.cart.CartControllerTest$AddItem","addItem_ShouldSetCartTokenCookie_WhenGuestHasNoCookieYet"
"","1","getProductById_ShouldCallRepositoryOnlyOnce_WhenCalledMultipleTimesWithSameId()","","2026-09-15","passed","2026-09-15","","io.github.filipchyla.shopapi.product.ProductServiceCacheTest.GetProductById","io.github.filipchyla.shopapi.product.ProductServiceCacheTest$GetProductById","getProductById_ShouldCallRepositoryOnlyOnce_WhenCalledMultipleTimesWithSameId"
"","160","addItem_ReturnsConflict_WhenStockInsufficient()","","2026-09-15","passed","2026-09-15","","io.github.filipchyla.shopapi.cart.CartIntegrationTest.GuestFlow","io.github.filipchyla.shopapi.cart.CartIntegrationTest$GuestFlow","addItem_ReturnsConflict_WhenStockInsufficient"
"","1","merge_ShouldPassCorrectProductIdAndQuantity_ForEachGuestItem()","","2026-09-15","passed","2026-09-15","","io.github.filipchyla.shopapi.cart.service.CartMergeServiceTest.HappyPath","io.github.filipchyla.shopapi.cart.service.CartMergeServiceTest$HappyPath","merge_ShouldPassCorrectProductIdAndQuantity_ForEachGuestItem"
"","290","updateProduct_ReturnsBadRequest_WhenPriceIsNegative()","","2026-09-15","passed","2026-09-15","","io.github.filipchyla.shopapi.product.ProductIntegrationTest.UpdateProduct","io.github.filipchyla.shopapi.product.ProductIntegrationTest$UpdateProduct","updateProduct_ReturnsBadRequest_WhenPriceIsNegative"
"","2","updateItemQuantity_ShouldThrowInsufficientStock_WhenPolicyRejectsUpdate()","","2026-09-15","passed","2026-09-15","","io.github.filipchyla.shopapi.cart.service.CartServiceTest.UpdateItemQuantity","io.github.filipchyla.shopapi.cart.service.CartServiceTest$UpdateItemQuantity","updateItemQuantity_ShouldThrowInsufficientStock_WhenPolicyRejectsUpdate"
"","12","cookieBasedEndpoints_ShouldReturnForbidden_WhenCsrfTokenMissing(HttpMethod, String) [1] method=POST, url=/api/v1/auth/refresh","","2026-09-15","passed","2026-09-15","","io.github.filipchyla.shopapi.config.CsrfConfigurationTest","io.github.filipchyla.shopapi.config.CsrfConfigurationTest","cookieBasedEndpoints_ShouldReturnForbidden_WhenCsrfTokenMissing"
"","1","shouldRotateTokenAndReturnNewAccessToken_whenRequestIsValid()","","2026-09-15","passed","2026-09-15","","io.github.filipchyla.shopapi.auth.AuthenticationFacadeTest.RefreshTokenTest","io.github.filipchyla.shopapi.auth.AuthenticationFacadeTest$RefreshTokenTest","shouldRotateTokenAndReturnNewAccessToken_whenRequestIsValid"
"","3","getCategoryTree_ShouldHandlesMultipleRootsWithSeparateSubtrees()","","2026-09-15","passed","2026-09-15","","io.github.filipchyla.shopapi.product.category.CategoryServiceTest.GetCategoryTree","io.github.filipchyla.shopapi.product.category.CategoryServiceTest$GetCategoryTree","getCategoryTree_ShouldHandlesMultipleRootsWithSeparateSubtrees"
"","236","mergeCart_MovesGuestItemsToUserCart_AndClearsCookie()","","2026-09-15","passed","2026-09-15","","io.github.filipchyla.shopapi.cart.CartIntegrationTest.MergeFlow","io.github.filipchyla.shopapi.cart.CartIntegrationTest$MergeFlow","mergeCart_MovesGuestItemsToUserCart_AndClearsCookie"
"","283","addProduct_ReturnsForbidden_WhenUserIsNotAdmin()","","2026-09-15","passed","2026-09-15","","io.github.filipchyla.shopapi.product.ProductIntegrationTest.AddProduct","io.github.filipchyla.shopapi.product.ProductIntegrationTest$AddProduct","addProduct_ReturnsForbidden_WhenUserIsNotAdmin"
"","1","updateCategory_ShouldThrowNotFound_WhenCategoryDoesNotExist()","","2026-09-15","passed","2026-09-15","","io.github.filipchyla.shopapi.product.category.CategoryServiceTest.UpdateCategory","io.github.filipchyla.shopapi.product.category.CategoryServiceTest$UpdateCategory","updateCategory_ShouldThrowNotFound_WhenCategoryDoesNotExist"
"","287","updateCategory_ReturnsNotFound_WhenNewParentDoesNotExist()","","2026-09-15","passed","2026-09-15","","io.github.filipchyla.shopapi.product.category.CategoryIntegrationTest.UpdateCategory","io.github.filipchyla.shopapi.product.category.CategoryIntegrationTest$UpdateCategory","updateCategory_ReturnsNotFound_WhenNewParentDoesNotExist"
"","2","shouldThrowWhenDeserializationFails()","","2026-09-15","passed","2026-09-15","","io.github.filipchyla.shopapi.auth.service.RefreshTokenServiceTest.GetUserIdFromToken","io.github.filipchyla.shopapi.auth.service.RefreshTokenServiceTest$GetUserIdFromToken","shouldThrowWhenDeserializationFails"
"","4","postCategories_IsNotAccessible_WithoutAuthentication()","","2026-09-15","passed","2026-09-15","","io.github.filipchyla.shopapi.config.authorization.CategoryAuthorizationTest","io.github.filipchyla.shopapi.config.authorization.CategoryAuthorizationTest","postCategories_IsNotAccessible_WithoutAuthentication"
"","3","addOrIncreaseItem_ShouldAddNewItem_WhenProductNotInCart()","","2026-09-15","passed","2026-09-15","","io.github.filipchyla.shopapi.cart.domain.CartDomainTest.GuestCartModel","io.github.filipchyla.shopapi.cart.domain.CartDomainTest$GuestCartModel","addOrIncreaseItem_ShouldAddNewItem_WhenProductNotInCart"
"","286","getProducts_FiltersByCategoryId()","","2026-09-15","passed","2026-09-15","","io.github.filipchyla.shopapi.product.ProductIntegrationTest.GetProducts","io.github.filipchyla.shopapi.product.ProductIntegrationTest$GetProducts","getProducts_FiltersByCategoryId"
"","1","doFilterInternal_ShouldContinueChainWithoutAuthentication_WhenHeaderIsNotBearer()","","2026-09-15","passed","2026-09-15","","io.github.filipchyla.shopapi.security.filter.JwtAuthenticationFilterTest","io.github.filipchyla.shopapi.security.filter.JwtAuthenticationFilterTest","doFilterInternal_ShouldContinueChainWithoutAuthentication_WhenHeaderIsNotBearer"
"","1","doFilterInternal_ShouldNotSetAuthentication_WhenUsernameIsNull()","","2026-09-15","passed","2026-09-15","","io.github.filipchyla.shopapi.security.filter.JwtAuthenticationFilterTest","io.github.filipchyla.shopapi.security.filter.JwtAuthenticationFilterTest","doFilterInternal_ShouldNotSetAuthentication_WhenUsernameIsNull"
"","2","shouldRevokeFamilyWhenOldTokenIsNotFamilyHead()","","2026-09-15","passed","2026-09-15","","io.github.filipchyla.shopapi.auth.service.RefreshTokenServiceTest.RotateToken","io.github.filipchyla.shopapi.auth.service.RefreshTokenServiceTest$RotateToken","shouldRevokeFamilyWhenOldTokenIsNotFamilyHead"
"","284","addProduct_ReturnsNotFound_WhenCategoryIdDoesNotExist()","","2026-09-15","passed","2026-09-15","","io.github.filipchyla.shopapi.product.ProductIntegrationTest.AddProduct","io.github.filipchyla.shopapi.product.ProductIntegrationTest$AddProduct","addProduct_ReturnsNotFound_WhenCategoryIdDoesNotExist"
"","286","updateStock_ReturnsForbidden_WhenUserIsNotAdmin()","","2026-09-15","passed","2026-09-15","","io.github.filipchyla.shopapi.product.ProductIntegrationTest.UpdateStock","io.github.filipchyla.shopapi.product.ProductIntegrationTest$UpdateStock","updateStock_ReturnsForbidden_WhenUserIsNotAdmin"
"","80","updateProduct_ShouldNotWriteToCache_WhenCategoryDoesNotExist()","","2026-09-15","passed","2026-09-15","","io.github.filipchyla.shopapi.product.ProductServiceCacheTest.UpdateProduct","io.github.filipchyla.shopapi.product.ProductServiceCacheTest$UpdateProduct","updateProduct_ShouldNotWriteToCache_WhenCategoryDoesNotExist"
"","1","shouldEvictOldestSessionWhenLimitIsExceeded()","","2026-09-15","passed","2026-09-15","","io.github.filipchyla.shopapi.auth.service.RefreshTokenServiceTest.CreateNewToken","io.github.filipchyla.shopapi.auth.service.RefreshTokenServiceTest$CreateNewToken","shouldEvictOldestSessionWhenLimitIsExceeded"
"","2","getUserEntity_ShouldReturnUserEntity_WhenUserExists()","","2026-09-15","passed","2026-09-15","","io.github.filipchyla.shopapi.user.UserServiceTest","io.github.filipchyla.shopapi.user.UserServiceTest","getUserEntity_ShouldReturnUserEntity_WhenUserExists"
"","2","addCategory_ShouldSaveCategoryWithoutParent_WhenParentIdIsNull()","","2026-09-15","passed","2026-09-15","","io.github.filipchyla.shopapi.product.category.CategoryServiceTest.AddCategory","io.github.filipchyla.shopapi.product.category.CategoryServiceTest$AddCategory","addCategory_ShouldSaveCategoryWithoutParent_WhenParentIdIsNull"
"","2","merge_ShouldSkipItemsThatFailWithBadRequest_ButStillClearGuestCart()","","2026-09-15","passed","2026-09-15","","io.github.filipchyla.shopapi.cart.service.CartMergeServiceTest.PartialFailure","io.github.filipchyla.shopapi.cart.service.CartMergeServiceTest$PartialFailure","merge_ShouldSkipItemsThatFailWithBadRequest_ButStillClearGuestCart"
"","1","quantityIfAdded_ShouldReturnDelta_WhenProductNotInCart()","","2026-09-15","passed","2026-09-15","","io.github.filipchyla.shopapi.cart.domain.CartDomainTest.CartEntity","io.github.filipchyla.shopapi.cart.domain.CartDomainTest$CartEntity","quantityIfAdded_ShouldReturnDelta_WhenProductNotInCart"
"","1","getItems_ShouldReturnUnmodifiableList()","","2026-09-15","passed","2026-09-15","","io.github.filipchyla.shopapi.cart.domain.CartDomainTest.CartEntity","io.github.filipchyla.shopapi.cart.domain.CartDomainTest$CartEntity","getItems_ShouldReturnUnmodifiableList"
"","8","getMe_IsAccessible_WhenAuthenticated()","","2026-09-15","passed","2026-09-15","","io.github.filipchyla.shopapi.config.authorization.UserAuthorizationTest","io.github.filipchyla.shopapi.config.authorization.UserAuthorizationTest","getMe_IsAccessible_WhenAuthenticated"
"","1","addItem_ShouldAddNewLineItem_WhenProductNotYetInCart()","","2026-09-15","passed","2026-09-15","","io.github.filipchyla.shopapi.cart.service.CartServiceTest.AddItem","io.github.filipchyla.shopapi.cart.service.CartServiceTest$AddItem","addItem_ShouldAddNewLineItem_WhenProductNotYetInCart"
"","2","merge_ShouldClearGuestCartAndSkipAddItem_WhenGuestCartHasNoItems()","","2026-09-15","passed","2026-09-15","","io.github.filipchyla.shopapi.cart.service.CartMergeServiceTest.HappyPath","io.github.filipchyla.shopapi.cart.service.CartMergeServiceTest$HappyPath","merge_ShouldClearGuestCartAndSkipAddItem_WhenGuestCartHasNoItems"
"","3","register_ShouldReturnBadRequest_WhenPasswordIsWeak()","","2026-09-15","passed","2026-09-15","","io.github.filipchyla.shopapi.auth.AuthenticationControllerTest.RegisterRequestTest","io.github.filipchyla.shopapi.auth.AuthenticationControllerTest$RegisterRequestTest","register_ShouldReturnBadRequest_WhenPasswordIsWeak"
"","5","getProduct_ShouldReturnProduct_WhenProductExists()","","2026-09-15","passed","2026-09-15","","io.github.filipchyla.shopapi.product.controller.ProductControllerTest.GetProduct","io.github.filipchyla.shopapi.product.controller.ProductControllerTest$GetProduct","getProduct_ShouldReturnProduct_WhenProductExists"
"","4","getCategories_ShouldReturnCategoryTreeFromService_WhenCategoriesExist()","","2026-09-15","passed","2026-09-15","","io.github.filipchyla.shopapi.product.category.controller.CategoryControllerTest.GetCategories","io.github.filipchyla.shopapi.product.category.controller.CategoryControllerTest$GetCategories","getCategories_ShouldReturnCategoryTreeFromService_WhenCategoriesExist"
"","9","postCategories_IsAccessible_WhenAdmin()","","2026-09-15","passed","2026-09-15","","io.github.filipchyla.shopapi.config.authorization.CategoryAuthorizationTest","io.github.filipchyla.shopapi.config.authorization.CategoryAuthorizationTest","postCategories_IsAccessible_WhenAdmin"
"","2","updateItemQuantity_ShouldUpdateQuantity_WhenItemExists()","","2026-09-15","passed","2026-09-15","","io.github.filipchyla.shopapi.cart.service.GuestCartServiceTest.UpdateAndRemove","io.github.filipchyla.shopapi.cart.service.GuestCartServiceTest$UpdateAndRemove","updateItemQuantity_ShouldUpdateQuantity_WhenItemExists"
"","2","merge_ShouldAddAllItemsAndClearGuestCart_WhenEverythingSucceeds()","","2026-09-15","passed","2026-09-15","","io.github.filipchyla.shopapi.cart.service.CartMergeServiceTest.HappyPath","io.github.filipchyla.shopapi.cart.service.CartMergeServiceTest$HappyPath","merge_ShouldAddAllItemsAndClearGuestCart_WhenEverythingSucceeds"
"","280","getProducts_ReturnsBadRequest_WhenSortFieldIsNotAllowed()","","2026-09-15","passed","2026-09-15","","io.github.filipchyla.shopapi.product.ProductIntegrationTest.GetProducts","io.github.filipchyla.shopapi.product.ProductIntegrationTest$GetProducts","getProducts_ReturnsBadRequest_WhenSortFieldIsNotAllowed"
"","6","getProducts_ShouldPassFiltersToService_WhenCategoryAndPriceRangeProvided()","","2026-09-15","passed","2026-09-15","","io.github.filipchyla.shopapi.product.controller.ProductControllerTest.GetProducts","io.github.filipchyla.shopapi.product.controller.ProductControllerTest$GetProducts","getProducts_ShouldPassFiltersToService_WhenCategoryAndPriceRangeProvided"
"","4","addItem_ShouldReturnBadRequest_WhenQuantityExceedsMax()","","2026-09-15","passed","2026-09-15","","io.github.filipchyla.shopapi.cart.CartControllerTest.AddItem","io.github.filipchyla.shopapi.cart.CartControllerTest$AddItem","addItem_ShouldReturnBadRequest_WhenQuantityExceedsMax"
"","4","addItem_ShouldNotSetCookie_WhenGuestAlreadyHasCartToken()","","2026-09-15","passed","2026-09-15","","io.github.filipchyla.shopapi.cart.CartControllerTest.AddItem","io.github.filipchyla.shopapi.cart.CartControllerTest$AddItem","addItem_ShouldNotSetCookie_WhenGuestAlreadyHasCartToken"
"","2","findProducts_ShouldReturnPage_WhenFiltersAreValid()","","2026-09-15","passed","2026-09-15","","io.github.filipchyla.shopapi.product.ProductServiceTest.FindProducts","io.github.filipchyla.shopapi.product.ProductServiceTest$FindProducts","findProducts_ShouldReturnPage_WhenFiltersAreValid"
"","1","updateStock_ShouldThrowInvalidStockQuantity_WhenStockQuantityWouldBeNegative()","","2026-09-15","passed","2026-09-15","","io.github.filipchyla.shopapi.product.ProductServiceTest.UpdateStock","io.github.filipchyla.shopapi.product.ProductServiceTest$UpdateStock","updateStock_ShouldThrowInvalidStockQuantity_WhenStockQuantityWouldBeNegative"
"","1","removeStaleItems_ShouldDropItemsNotInValidSet()","","2026-09-15","passed","2026-09-15","","io.github.filipchyla.shopapi.cart.domain.CartDomainTest.GuestCartModel","io.github.filipchyla.shopapi.cart.domain.CartDomainTest$GuestCartModel","removeStaleItems_ShouldDropItemsNotInValidSet"
"","3","logoutAll_IsNotAccessible_WithoutAuthentication()","","2026-09-15","passed","2026-09-15","","io.github.filipchyla.shopapi.config.authorization.AuthenticationAuthorizationTest","io.github.filipchyla.shopapi.config.authorization.AuthenticationAuthorizationTest","logoutAll_IsNotAccessible_WithoutAuthentication"
"","288","updateCategory_ReturnsForbidden_WhenUserIsNotAdmin()","","2026-09-15","passed","2026-09-15","","io.github.filipchyla.shopapi.product.category.CategoryIntegrationTest.UpdateCategory","io.github.filipchyla.shopapi.product.category.CategoryIntegrationTest$UpdateCategory","updateCategory_ReturnsForbidden_WhenUserIsNotAdmin"
"","1","deleteProduct_ShouldMarkProductInactive_WhenProductExists()","","2026-09-15","passed","2026-09-15","","io.github.filipchyla.shopapi.product.ProductServiceTest.DeleteProduct","io.github.filipchyla.shopapi.product.ProductServiceTest$DeleteProduct","deleteProduct_ShouldMarkProductInactive_WhenProductExists"
"","2","updateItemQuantity_ShouldDelegateToCartService_WhenAuthenticated()","","2026-09-15","passed","2026-09-15","","io.github.filipchyla.shopapi.cart.CartFacadeTest.UpdateItemQuantity","io.github.filipchyla.shopapi.cart.CartFacadeTest$UpdateItemQuantity","updateItemQuantity_ShouldDelegateToCartService_WhenAuthenticated"
"","0","lineTotal_ShouldReturnZero_WhenQuantityIsZero()","","2026-09-15","passed","2026-09-15","","io.github.filipchyla.shopapi.cart.PriceCalculatorTest.LineTotal","io.github.filipchyla.shopapi.cart.PriceCalculatorTest$LineTotal","lineTotal_ShouldReturnZero_WhenQuantityIsZero"
"","2","cookieBasedEndpoints_ShouldReturnForbidden_WhenCsrfTokenMissing(HttpMethod, String) [5] method=DELETE, url=/api/v1/cart/items/*","","2026-09-15","passed","2026-09-15","","io.github.filipchyla.shopapi.config.CsrfConfigurationTest","io.github.filipchyla.shopapi.config.CsrfConfigurationTest","cookieBasedEndpoints_ShouldReturnForbidden_WhenCsrfTokenMissing"
"","2","isTokenValid_ShouldThrowException_WhenTokenIsExpired()","","2026-09-15","passed","2026-09-15","","io.github.filipchyla.shopapi.auth.service.JwtServiceTest","io.github.filipchyla.shopapi.auth.service.JwtServiceTest","isTokenValid_ShouldThrowException_WhenTokenIsExpired"
"","3","addItem_ShouldCorrectlyAccumulateQuantity_WhenProductAlreadyExistsInCart()","","2026-09-15","passed","2026-09-15","","io.github.filipchyla.shopapi.cart.service.GuestCartServiceTest.AddItem","io.github.filipchyla.shopapi.cart.service.GuestCartServiceTest$AddItem","addItem_ShouldCorrectlyAccumulateQuantity_WhenProductAlreadyExistsInCart"
"","302","deleteProduct_DeletesProduct_WhenAdminAndProductExists()","","2026-09-15","passed","2026-09-15","","io.github.filipchyla.shopapi.product.ProductIntegrationTest.DeleteProduct","io.github.filipchyla.shopapi.product.ProductIntegrationTest$DeleteProduct","deleteProduct_DeletesProduct_WhenAdminAndProductExists"
"","160","addItem_CreatesCookieAndAddsItem_WhenNoCookiePresent()","","2026-09-15","passed","2026-09-15","","io.github.filipchyla.shopapi.cart.CartIntegrationTest.GuestFlow","io.github.filipchyla.shopapi.cart.CartIntegrationTest$GuestFlow","addItem_CreatesCookieAndAddsItem_WhenNoCookiePresent"
"","4","authenticate_ShouldReturnAccessTokenAndSetRefreshCookie_WhenRequestIsValid()","","2026-09-15","passed","2026-09-15","","io.github.filipchyla.shopapi.auth.AuthenticationControllerTest.AuthenticationRequestTest","io.github.filipchyla.shopapi.auth.AuthenticationControllerTest$AuthenticationRequestTest","authenticate_ShouldReturnAccessTokenAndSetRefreshCookie_WhenRequestIsValid"
"","293","addCategory_EvictsTreeCache_SoNewCategoryIsVisibleImmediately()","","2026-09-15","passed","2026-09-15","","io.github.filipchyla.shopapi.product.category.CategoryIntegrationTest.AddCategory","io.github.filipchyla.shopapi.product.category.CategoryIntegrationTest$AddCategory","addCategory_EvictsTreeCache_SoNewCategoryIsVisibleImmediately"
"","1","isTokenValid_ShouldReturnTrue_WhenTokenIsForUser()","","2026-09-15","passed","2026-09-15","","io.github.filipchyla.shopapi.auth.service.JwtServiceTest","io.github.filipchyla.shopapi.auth.service.JwtServiceTest","isTokenValid_ShouldReturnTrue_WhenTokenIsForUser"
"","1","validateAddition_ShouldThrowLimitExceeded_WhenRequestedQuantityExceedsMaxPerItem()","","2026-09-15","passed","2026-09-15","","io.github.filipchyla.shopapi.cart.CartLimitPolicyTest.ValidateAddition","io.github.filipchyla.shopapi.cart.CartLimitPolicyTest$ValidateAddition","validateAddition_ShouldThrowLimitExceeded_WhenRequestedQuantityExceedsMaxPerItem"
"","2","updateStock_ShouldOverwriteExistingCacheEntry()","","2026-09-15","passed","2026-09-15","","io.github.filipchyla.shopapi.product.ProductServiceCacheTest.UpdateStock","io.github.filipchyla.shopapi.product.ProductServiceCacheTest$UpdateStock","updateStock_ShouldOverwriteExistingCacheEntry"
"","189","shouldRemoveOrphanedTokensFromSessionSet()","","2026-09-15","passed","2026-09-15","","io.github.filipchyla.shopapi.auth.service.RefreshTokenServiceTest.RevokeAllForUser","io.github.filipchyla.shopapi.auth.service.RefreshTokenServiceTest$RevokeAllForUser","shouldRemoveOrphanedTokensFromSessionSet"
"","1","addItem_ShouldNotReturnNewToken_WhenAuthenticatedUserAddsItem()","","2026-09-15","passed","2026-09-15","","io.github.filipchyla.shopapi.cart.CartFacadeTest.AddItem","io.github.filipchyla.shopapi.cart.CartFacadeTest$AddItem","addItem_ShouldNotReturnNewToken_WhenAuthenticatedUserAddsItem"
"","8","updatePassword_ShouldUpdatePassword_WhenRequestIsValid()","","2026-09-15","passed","2026-09-15","","io.github.filipchyla.shopapi.user.UserControllerTest","io.github.filipchyla.shopapi.user.UserControllerTest","updatePassword_ShouldUpdatePassword_WhenRequestIsValid"
"","19","getProducts_IsAccessible_WithoutAuthentication()","","2026-09-15","passed","2026-09-15","","io.github.filipchyla.shopapi.config.authorization.ProductAuthorizationTest","io.github.filipchyla.shopapi.config.authorization.ProductAuthorizationTest","getProducts_IsAccessible_WithoutAuthentication"
"","0","isPriceChanged_ShouldReturnFalse_WhenPricesEqualRegardlessOfScale()","","2026-09-15","passed","2026-09-15","","io.github.filipchyla.shopapi.cart.PriceCalculatorTest.IsPriceChanged","io.github.filipchyla.shopapi.cart.PriceCalculatorTest$IsPriceChanged","isPriceChanged_ShouldReturnFalse_WhenPricesEqualRegardlessOfScale"
"","1","getCart_ShouldReturnExistingCart_WhenOneExistsForUser()","","2026-09-15","passed","2026-09-15","","io.github.filipchyla.shopapi.cart.service.CartServiceTest.GetCart","io.github.filipchyla.shopapi.cart.service.CartServiceTest$GetCart","getCart_ShouldReturnExistingCart_WhenOneExistsForUser"
"","3","addCategory_ShouldCreateCategoryAndReturnsMappedResponse_WhenRequestIsCorrect()","","2026-09-15","passed","2026-09-15","","io.github.filipchyla.shopapi.product.category.controller.CategoryAdminControllerTest.AddCategory","io.github.filipchyla.shopapi.product.category.controller.CategoryAdminControllerTest$AddCategory","addCategory_ShouldCreateCategoryAndReturnsMappedResponse_WhenRequestIsCorrect"
"","77","updateMe_ShouldClearInfo_WhenRequestHasEmptyStrings()","","2026-09-15","passed","2026-09-15","","io.github.filipchyla.shopapi.user.UserIntegrationTest","io.github.filipchyla.shopapi.user.UserIntegrationTest","updateMe_ShouldClearInfo_WhenRequestHasEmptyStrings"
"","4","refresh_ShouldReturnUnauthorized_WhenCookieIsWrongOrExpired()","","2026-09-15","passed","2026-09-15","","io.github.filipchyla.shopapi.auth.AuthenticationControllerTest.RefreshTokenCookieTest","io.github.filipchyla.shopapi.auth.AuthenticationControllerTest$RefreshTokenCookieTest","refresh_ShouldReturnUnauthorized_WhenCookieIsWrongOrExpired"
"","10","mergeCart_IsAccessible_WhenAuthenticated()","","2026-09-15","passed","2026-09-15","","io.github.filipchyla.shopapi.config.authorization.CartAuthorizationTest","io.github.filipchyla.shopapi.config.authorization.CartAuthorizationTest","mergeCart_IsAccessible_WhenAuthenticated"
"","2","logoutAll_ShouldRevokeAllTokensForUser_WhenUserIsAuthenticated()","","2026-09-15","passed","2026-09-15","","io.github.filipchyla.shopapi.auth.AuthenticationControllerTest.LogoutTest","io.github.filipchyla.shopapi.auth.AuthenticationControllerTest$LogoutTest","logoutAll_ShouldRevokeAllTokensForUser_WhenUserIsAuthenticated"
"","139","clearCart_ShouldClearAllItems_WhenCartExists()","","2026-09-15","passed","2026-09-15","","io.github.filipchyla.shopapi.cart.service.CartServiceTest.ClearCart","io.github.filipchyla.shopapi.cart.service.CartServiceTest$ClearCart","clearCart_ShouldClearAllItems_WhenCartExists"
"","2","updateCategory_ShouldThrowCategoryCycleException_WhenChildCategoryIsSetAsParent()","","2026-09-15","passed","2026-09-15","","io.github.filipchyla.shopapi.product.category.CategoryServiceTest.UpdateCategory","io.github.filipchyla.shopapi.product.category.CategoryServiceTest$UpdateCategory","updateCategory_ShouldThrowCategoryCycleException_WhenChildCategoryIsSetAsParent"
"","293","updateCategory_ReassignsParent_WhenParentIdProvided()","","2026-09-15","passed","2026-09-15","","io.github.filipchyla.shopapi.product.category.CategoryIntegrationTest.UpdateCategory","io.github.filipchyla.shopapi.product.category.CategoryIntegrationTest$UpdateCategory","updateCategory_ReassignsParent_WhenParentIdProvided"
"","4","addItem_ShouldReturnBadRequest_WhenQuantityIsZero()","","2026-09-15","passed","2026-09-15","","io.github.filipchyla.shopapi.cart.CartControllerTest.AddItem","io.github.filipchyla.shopapi.cart.CartControllerTest$AddItem","addItem_ShouldReturnBadRequest_WhenQuantityIsZero"
"","8","getCategories_IsAccessible_WithoutAuthentication()","","2026-09-15","passed","2026-09-15","","io.github.filipchyla.shopapi.config.authorization.CategoryAuthorizationTest","io.github.filipchyla.shopapi.config.authorization.CategoryAuthorizationTest","getCategories_IsAccessible_WithoutAuthentication"
"","2","updateProduct_ShouldReturnNotFound_WhenCategoryDoesNotExist()","","2026-09-15","passed","2026-09-15","","io.github.filipchyla.shopapi.product.controller.ProductAdminControllerTest.UpdateProduct","io.github.filipchyla.shopapi.product.controller.ProductAdminControllerTest$UpdateProduct","updateProduct_ShouldReturnNotFound_WhenCategoryDoesNotExist"
"","1","quantityIfAdded_ShouldReturnSum_WhenProductAlreadyInCart()","","2026-09-15","passed","2026-09-15","","io.github.filipchyla.shopapi.cart.domain.CartDomainTest.GuestCartModel","io.github.filipchyla.shopapi.cart.domain.CartDomainTest$GuestCartModel","quantityIfAdded_ShouldReturnSum_WhenProductAlreadyInCart"
"","2","removeItem_ShouldDelegateToCartService_WhenAuthenticated()","","2026-09-15","passed","2026-09-15","","io.github.filipchyla.shopapi.cart.CartFacadeTest.RemoveItem","io.github.filipchyla.shopapi.cart.CartFacadeTest$RemoveItem","removeItem_ShouldDelegateToCartService_WhenAuthenticated"
"","2","findProducts_ShouldThrowIllegalArgumentException_WhenMinPriceGreaterThanMaxPrice()","","2026-09-15","passed","2026-09-15","","io.github.filipchyla.shopapi.product.ProductServiceTest.FindProducts","io.github.filipchyla.shopapi.product.ProductServiceTest$FindProducts","findProducts_ShouldThrowIllegalArgumentException_WhenMinPriceGreaterThanMaxPrice"
"","1","deleteCategory_ShouldDelegateToRepository()","","2026-09-15","passed","2026-09-15","","io.github.filipchyla.shopapi.product.category.CategoryServiceTest.DeleteCategory","io.github.filipchyla.shopapi.product.category.CategoryServiceTest$DeleteCategory","deleteCategory_ShouldDelegateToRepository"
"","15","patchMe_ShouldReturnBadRequest_WhenRequestIsInvalid()","","2026-09-15","passed","2026-09-15","","io.github.filipchyla.shopapi.user.UserControllerTest","io.github.filipchyla.shopapi.user.UserControllerTest","patchMe_ShouldReturnBadRequest_WhenRequestIsInvalid"
"","161","getCart_ReturnsPreviouslyAddedItems_WhenCookieReused()","","2026-09-15","passed","2026-09-15","","io.github.filipchyla.shopapi.cart.CartIntegrationTest.GuestFlow","io.github.filipchyla.shopapi.cart.CartIntegrationTest$GuestFlow","getCart_ReturnsPreviouslyAddedItems_WhenCookieReused"
"","291","addCategory_CreatesSubcategory_WhenParentIdProvided()","","2026-09-15","passed","2026-09-15","","io.github.filipchyla.shopapi.product.category.CategoryIntegrationTest.AddCategory","io.github.filipchyla.shopapi.product.category.CategoryIntegrationTest$AddCategory","addCategory_CreatesSubcategory_WhenParentIdProvided"
"","309","getProducts_FiltersByPriceRange()","","2026-09-15","passed","2026-09-15","","io.github.filipchyla.shopapi.product.ProductIntegrationTest.GetProducts","io.github.filipchyla.shopapi.product.ProductIntegrationTest$GetProducts","getProducts_FiltersByPriceRange"
"","1","shouldNotRevokeAnything_whenTokenIsNull()","","2026-09-15","passed","2026-09-15","","io.github.filipchyla.shopapi.auth.AuthenticationFacadeTest.RevokeSingleForUserTest","io.github.filipchyla.shopapi.auth.AuthenticationFacadeTest$RevokeSingleForUserTest","shouldNotRevokeAnything_whenTokenIsNull"
"","1","updateStock_ShouldThrowNotFound_WhenProductDoesNotExist()","","2026-09-15","passed","2026-09-15","","io.github.filipchyla.shopapi.product.ProductServiceTest.UpdateStock","io.github.filipchyla.shopapi.product.ProductServiceTest$UpdateStock","updateStock_ShouldThrowNotFound_WhenProductDoesNotExist"
"","287","getCategories_ReturnsNestedTree_WhenParentAndChildExist()","","2026-09-15","passed","2026-09-15","","io.github.filipchyla.shopapi.product.category.CategoryIntegrationTest.GetCategories","io.github.filipchyla.shopapi.product.category.CategoryIntegrationTest$GetCategories","getCategories_ReturnsNestedTree_WhenParentAndChildExist"
"","1","updateCategory_ShouldNotOverrideParent_WhenParentIdIsNull()","","2026-09-15","passed","2026-09-15","","io.github.filipchyla.shopapi.product.category.CategoryServiceTest.UpdateCategory","io.github.filipchyla.shopapi.product.category.CategoryServiceTest$UpdateCategory","updateCategory_ShouldNotOverrideParent_WhenParentIdIsNull"
"","2","updateCategory_ShouldThrowNotFound_WhenParentDoesNotExist()","","2026-09-15","passed","2026-09-15","","io.github.filipchyla.shopapi.product.category.CategoryServiceTest.UpdateCategory","io.github.filipchyla.shopapi.product.category.CategoryServiceTest$UpdateCategory","updateCategory_ShouldThrowNotFound_WhenParentDoesNotExist"
"","2","addProduct_ShouldThrowNotFound_WhenCategoryDoesNotExist()","","2026-09-15","passed","2026-09-15","","io.github.filipchyla.shopapi.product.ProductServiceTest.AddProduct","io.github.filipchyla.shopapi.product.ProductServiceTest$AddProduct","addProduct_ShouldThrowNotFound_WhenCategoryDoesNotExist"
"","5","shouldThrowUserDisabledException_whenUserAccountIsDeactivated()","","2026-09-15","passed","2026-09-15","","io.github.filipchyla.shopapi.auth.AuthenticationFacadeTest.RefreshTokenTest","io.github.filipchyla.shopapi.auth.AuthenticationFacadeTest$RefreshTokenTest","shouldThrowUserDisabledException_whenUserAccountIsDeactivated"
"","1","addOrIncreaseItem_ShouldUpdateQuantity_WhenProductAlreadyInCart()","","2026-09-15","passed","2026-09-15","","io.github.filipchyla.shopapi.cart.domain.CartDomainTest.CartEntity","io.github.filipchyla.shopapi.cart.domain.CartDomainTest$CartEntity","addOrIncreaseItem_ShouldUpdateQuantity_WhenProductAlreadyInCart"
"","17","updateItemQuantity_ShouldReturnBadRequest_WhenQuantityIsZeroOrNegative()","","2026-09-15","passed","2026-09-15","","io.github.filipchyla.shopapi.cart.CartControllerTest.UpdateItemQuantity","io.github.filipchyla.shopapi.cart.CartControllerTest$UpdateItemQuantity","updateItemQuantity_ShouldReturnBadRequest_WhenQuantityIsZeroOrNegative"
"","5","deleteCategory_ReturnsForbidden_WhenUser()","","2026-09-15","passed","2026-09-15","","io.github.filipchyla.shopapi.config.authorization.CategoryAuthorizationTest","io.github.filipchyla.shopapi.config.authorization.CategoryAuthorizationTest","deleteCategory_ReturnsForbidden_WhenUser"
"","291","updateProduct_ReturnsForbidden_WhenUserIsNotAdmin()","","2026-09-15","passed","2026-09-15","","io.github.filipchyla.shopapi.product.ProductIntegrationTest.UpdateProduct","io.github.filipchyla.shopapi.product.ProductIntegrationTest$UpdateProduct","updateProduct_ReturnsForbidden_WhenUserIsNotAdmin"
"","2","getProducts_ShouldReturnEmptyContent_WhenNoProductsExist()","","2026-09-15","passed","2026-09-15","","io.github.filipchyla.shopapi.product.controller.ProductControllerTest.GetProducts","io.github.filipchyla.shopapi.product.controller.ProductControllerTest$GetProducts","getProducts_ShouldReturnEmptyContent_WhenNoProductsExist"
"","1","doFilterInternal_ShouldThrowClassCastException_WhenCsrfAttributeHasWrongType()","","2026-09-15","passed","2026-09-15","","io.github.filipchyla.shopapi.security.filter.CsrfCookieFilterTest","io.github.filipchyla.shopapi.security.filter.CsrfCookieFilterTest","doFilterInternal_ShouldThrowClassCastException_WhenCsrfAttributeHasWrongType"
"","4","updateItemQuantity_ShouldReturnBadRequest_WhenQuantityExceedsMaxAllowed()","","2026-09-15","passed","2026-09-15","","io.github.filipchyla.shopapi.cart.CartControllerTest.UpdateItemQuantity","io.github.filipchyla.shopapi.cart.CartControllerTest$UpdateItemQuantity","updateItemQuantity_ShouldReturnBadRequest_WhenQuantityExceedsMaxAllowed"
"","2","updateItemQuantity_ShouldThrowNotFound_WhenItemMissing()","","2026-09-15","passed","2026-09-15","","io.github.filipchyla.shopapi.cart.service.GuestCartServiceTest.UpdateAndRemove","io.github.filipchyla.shopapi.cart.service.GuestCartServiceTest$UpdateAndRemove","updateItemQuantity_ShouldThrowNotFound_WhenItemMissing"
"","1","addNewItem_ShouldInitializeItemAndSetSnapshot()","","2026-09-15","passed","2026-09-15","","io.github.filipchyla.shopapi.cart.domain.CartDomainTest.CartEntity","io.github.filipchyla.shopapi.cart.domain.CartDomainTest$CartEntity","addNewItem_ShouldInitializeItemAndSetSnapshot"
"","10","update_ShouldReturnNotFound_WhenIdDoesNotExist()","","2026-09-15","passed","2026-09-15","","io.github.filipchyla.shopapi.product.category.controller.CategoryAdminControllerTest.UpdateCategory","io.github.filipchyla.shopapi.product.category.controller.CategoryAdminControllerTest$UpdateCategory","update_ShouldReturnNotFound_WhenIdDoesNotExist"
"","2","authenticate_ShouldReturnBadRequest_WhenCredentialsAreInvalid()","","2026-09-15","passed","2026-09-15","","io.github.filipchyla.shopapi.auth.AuthenticationControllerTest.AuthenticationRequestTest","io.github.filipchyla.shopapi.auth.AuthenticationControllerTest$AuthenticationRequestTest","authenticate_ShouldReturnBadRequest_WhenCredentialsAreInvalid"
"","1","shouldDeleteTokenSessionAndFamily()","","2026-09-15","passed","2026-09-15","","io.github.filipchyla.shopapi.auth.service.RefreshTokenServiceTest.RevokeToken","io.github.filipchyla.shopapi.auth.service.RefreshTokenServiceTest$RevokeToken","shouldDeleteTokenSessionAndFamily"
"","5","updateItemQuantity_IsAccessible_WithoutAuthentication()","","2026-09-15","passed","2026-09-15","","io.github.filipchyla.shopapi.config.authorization.CartAuthorizationTest","io.github.filipchyla.shopapi.config.authorization.CartAuthorizationTest","updateItemQuantity_IsAccessible_WithoutAuthentication"
"","9","cookieBasedEndpoints_ShouldNotReturnForbidden_WhenCsrfTokenPresent(HttpMethod, String) [2] method=POST, url=/api/v1/auth/logout","","2026-09-15","passed","2026-09-15","","io.github.filipchyla.shopapi.config.CsrfConfigurationTest","io.github.filipchyla.shopapi.config.CsrfConfigurationTest","cookieBasedEndpoints_ShouldNotReturnForbidden_WhenCsrfTokenPresent"
"","2","addItem_ShouldStoreItem_WhenValid()","","2026-09-15","passed","2026-09-15","","io.github.filipchyla.shopapi.cart.service.GuestCartServiceTest.AddItem","io.github.filipchyla.shopapi.cart.service.GuestCartServiceTest$AddItem","addItem_ShouldStoreItem_WhenValid"
"","2","removeItem_ShouldThrowNotFound_WhenItemNotInCart()","","2026-09-15","passed","2026-09-15","","io.github.filipchyla.shopapi.cart.domain.CartDomainTest.CartEntity","io.github.filipchyla.shopapi.cart.domain.CartDomainTest$CartEntity","removeItem_ShouldThrowNotFound_WhenItemNotInCart"
"","6","updatePassword_ShouldReturnBadRequest_WhenNewPasswordIsWeak()","","2026-09-15","passed","2026-09-15","","io.github.filipchyla.shopapi.user.UserControllerTest","io.github.filipchyla.shopapi.user.UserControllerTest","updatePassword_ShouldReturnBadRequest_WhenNewPasswordIsWeak"
"","1","changePassword_ShouldThrowException_WhenCurrentPasswordIsIncorrect()","","2026-09-15","passed","2026-09-15","","io.github.filipchyla.shopapi.auth.service.AuthenticationServiceTest","io.github.filipchyla.shopapi.auth.service.AuthenticationServiceTest","changePassword_ShouldThrowException_WhenCurrentPasswordIsIncorrect"
"","286","addCategory_ReturnsForbidden_WhenUserIsNotAdmin()","","2026-09-15","passed","2026-09-15","","io.github.filipchyla.shopapi.product.category.CategoryIntegrationTest.AddCategory","io.github.filipchyla.shopapi.product.category.CategoryIntegrationTest$AddCategory","addCategory_ReturnsForbidden_WhenUserIsNotAdmin"
"","2","updateProduct_ShouldThrowNotFound_WhenCategoryDoesNotExist()","","2026-09-15","passed","2026-09-15","","io.github.filipchyla.shopapi.product.ProductServiceTest.UpdateProduct","io.github.filipchyla.shopapi.product.ProductServiceTest$UpdateProduct","updateProduct_ShouldThrowNotFound_WhenCategoryDoesNotExist"
"","183","refresh_ShouldRotateCookieAndReturnsNewAccessToken_WhenCookieIsCorrect()","","2026-09-15","passed","2026-09-15","","io.github.filipchyla.shopapi.auth.AuthIntegrationTest","io.github.filipchyla.shopapi.auth.AuthIntegrationTest","refresh_ShouldRotateCookieAndReturnsNewAccessToken_WhenCookieIsCorrect"
"","2","removeItem_ShouldDelegateToGuestCartService_WhenGuest()","","2026-09-15","passed","2026-09-15","","io.github.filipchyla.shopapi.cart.CartFacadeTest.RemoveItem","io.github.filipchyla.shopapi.cart.CartFacadeTest$RemoveItem","removeItem_ShouldDelegateToGuestCartService_WhenGuest"
"","433","deleteCategory_ReturnsNotFound_WhenCategoryDoesNotExist()","","2026-09-15","passed","2026-09-15","","io.github.filipchyla.shopapi.product.category.CategoryIntegrationTest.DeleteCategory","io.github.filipchyla.shopapi.product.category.CategoryIntegrationTest$DeleteCategory","deleteCategory_ReturnsNotFound_WhenCategoryDoesNotExist"
"","4","getCart_ShouldReturnCart_ForGuestWithExistingCookie()","","2026-09-15","passed","2026-09-15","","io.github.filipchyla.shopapi.cart.CartControllerTest.GetCart","io.github.filipchyla.shopapi.cart.CartControllerTest$GetCart","getCart_ShouldReturnCart_ForGuestWithExistingCookie"
"","2","getProductById_ShouldThrowNotFound_WhenProductDoesNotExist()","","2026-09-15","passed","2026-09-15","","io.github.filipchyla.shopapi.product.ProductServiceTest.GetProductById","io.github.filipchyla.shopapi.product.ProductServiceTest$GetProductById","getProductById_ShouldThrowNotFound_WhenProductDoesNotExist"
"","292","deleteCategory_ReturnsForbidden_WhenUserIsNotAdmin()","","2026-09-15","passed","2026-09-15","","io.github.filipchyla.shopapi.product.category.CategoryIntegrationTest.DeleteCategory","io.github.filipchyla.shopapi.product.category.CategoryIntegrationTest$DeleteCategory","deleteCategory_ReturnsForbidden_WhenUserIsNotAdmin"
"","84","refresh_ShouldReturnUnauthorized_WhenCookieIsIncorrect()","","2026-09-15","passed","2026-09-15","","io.github.filipchyla.shopapi.auth.AuthIntegrationTest","io.github.filipchyla.shopapi.auth.AuthIntegrationTest","refresh_ShouldReturnUnauthorized_WhenCookieIsIncorrect"
"","16","getCart_ShouldReturnMappedCart_WhenCartExists()","","2026-09-15","passed","2026-09-15","","io.github.filipchyla.shopapi.cart.service.GuestCartServiceTest.GetCart","io.github.filipchyla.shopapi.cart.service.GuestCartServiceTest$GetCart","getCart_ShouldReturnMappedCart_WhenCartExists"
"","2","getCart_ShouldDelegateToGuestCartService_WhenPrincipalIsNull()","","2026-09-15","passed","2026-09-15","","io.github.filipchyla.shopapi.cart.CartFacadeTest.GetCart","io.github.filipchyla.shopapi.cart.CartFacadeTest$GetCart","getCart_ShouldDelegateToGuestCartService_WhenPrincipalIsNull"
"","1","register_ShouldThrowException_WhenEmailIsTaken()","","2026-09-15","passed","2026-09-15","","io.github.filipchyla.shopapi.auth.service.AuthenticationServiceTest","io.github.filipchyla.shopapi.auth.service.AuthenticationServiceTest","register_ShouldThrowException_WhenEmailIsTaken"
"","1","doFilterInternal_ShouldNotOverrideExistingAuthentication()","","2026-09-15","passed","2026-09-15","","io.github.filipchyla.shopapi.security.filter.JwtAuthenticationFilterTest","io.github.filipchyla.shopapi.security.filter.JwtAuthenticationFilterTest","doFilterInternal_ShouldNotOverrideExistingAuthentication"
"","214","register_ShouldReturnConflict_WhenEmailAlreadyUsed()","","2026-09-15","passed","2026-09-15","","io.github.filipchyla.shopapi.auth.AuthIntegrationTest","io.github.filipchyla.shopapi.auth.AuthIntegrationTest","register_ShouldReturnConflict_WhenEmailAlreadyUsed"
"","72","refresh_ReturnBadRequest_WhenCookieIsMissing()","","2026-09-15","passed","2026-09-15","","io.github.filipchyla.shopapi.auth.AuthIntegrationTest","io.github.filipchyla.shopapi.auth.AuthIntegrationTest","refresh_ReturnBadRequest_WhenCookieIsMissing"
"","5","register_IsAccessible_WithoutAuthentication()","","2026-09-15","passed","2026-09-15","","io.github.filipchyla.shopapi.config.authorization.AuthenticationAuthorizationTest","io.github.filipchyla.shopapi.config.authorization.AuthenticationAuthorizationTest","register_IsAccessible_WithoutAuthentication"
"","0","extractUsername_ShouldThrowException_WhenTokenIsInvalid()","","2026-09-15","passed","2026-09-15","","io.github.filipchyla.shopapi.auth.service.JwtServiceTest","io.github.filipchyla.shopapi.auth.service.JwtServiceTest","extractUsername_ShouldThrowException_WhenTokenIsInvalid"
"","162","register_ShouldReturnPrincipal_WhenSuccessful()","","2026-09-15","passed","2026-09-15","","io.github.filipchyla.shopapi.auth.service.AuthenticationServiceTest","io.github.filipchyla.shopapi.auth.service.AuthenticationServiceTest","register_ShouldReturnPrincipal_WhenSuccessful"
"","229","updatePassword_ShouldChangePassword_WhenCurrentPasswordIsCorrect()","","2026-09-15","passed","2026-09-15","","io.github.filipchyla.shopapi.user.UserIntegrationTest","io.github.filipchyla.shopapi.user.UserIntegrationTest","updatePassword_ShouldChangePassword_WhenCurrentPasswordIsCorrect"
"","2","addItem_ShouldThrowLimitExceeded_WhenTotalQuantityExceedsMax()","","2026-09-15","passed","2026-09-15","","io.github.filipchyla.shopapi.cart.service.CartServiceTest.AddItem","io.github.filipchyla.shopapi.cart.service.CartServiceTest$AddItem","addItem_ShouldThrowLimitExceeded_WhenTotalQuantityExceedsMax"
"","1","doFilterInternal_ShouldReturnForbidden_WhenUserIsDisabled()","","2026-09-15","passed","2026-09-15","","io.github.filipchyla.shopapi.security.filter.JwtAuthenticationFilterTest","io.github.filipchyla.shopapi.security.filter.JwtAuthenticationFilterTest","doFilterInternal_ShouldReturnForbidden_WhenUserIsDisabled"
"","1","validateQuantityUpdate_ShouldPass_WhenValidAndInStock()","","2026-09-15","passed","2026-09-15","","io.github.filipchyla.shopapi.cart.CartLimitPolicyTest.ValidateQuantityUpdate","io.github.filipchyla.shopapi.cart.CartLimitPolicyTest$ValidateQuantityUpdate","validateQuantityUpdate_ShouldPass_WhenValidAndInStock"
"","288","addCategory_CreatesRootCategory_WhenAdminAndValidRequest()","","2026-09-15","passed","2026-09-15","","io.github.filipchyla.shopapi.product.category.CategoryIntegrationTest.AddCategory","io.github.filipchyla.shopapi.product.category.CategoryIntegrationTest$AddCategory","addCategory_CreatesRootCategory_WhenAdminAndValidRequest"
"","282","addCategory_ReturnsUnauthorized_WhenNoTokenProvided()","","2026-09-15","passed","2026-09-15","","io.github.filipchyla.shopapi.product.category.CategoryIntegrationTest.AddCategory","io.github.filipchyla.shopapi.product.category.CategoryIntegrationTest$AddCategory","addCategory_ReturnsUnauthorized_WhenNoTokenProvided"
"","2","deleteProduct_ShouldNotEvictOtherCachedEntries()","","2026-09-15","passed","2026-09-15","","io.github.filipchyla.shopapi.product.ProductServiceCacheTest.DeleteProduct","io.github.filipchyla.shopapi.product.ProductServiceCacheTest$DeleteProduct","deleteProduct_ShouldNotEvictOtherCachedEntries"
"","289","deleteProduct_ReturnsUnauthorized_WhenNoTokenProvided()","","2026-09-15","passed","2026-09-15","","io.github.filipchyla.shopapi.product.ProductIntegrationTest.DeleteProduct","io.github.filipchyla.shopapi.product.ProductIntegrationTest$DeleteProduct","deleteProduct_ReturnsUnauthorized_WhenNoTokenProvided"
"","49","patchUser_ShouldThrowUserNotFoundException_WhenUserDoesNotExist()","","2026-09-15","passed","2026-09-15","","io.github.filipchyla.shopapi.user.UserServiceTest","io.github.filipchyla.shopapi.user.UserServiceTest","patchUser_ShouldThrowUserNotFoundException_WhenUserDoesNotExist"
"","3","getProducts_ShouldReturnPageOfProducts_WhenNoFiltersProvided()","","2026-09-15","passed","2026-09-15","","io.github.filipchyla.shopapi.product.controller.ProductControllerTest.GetProducts","io.github.filipchyla.shopapi.product.controller.ProductControllerTest$GetProducts","getProducts_ShouldReturnPageOfProducts_WhenNoFiltersProvided"
"","1","validateAddition_ShouldPass_WhenExistingItemInFullCart()","","2026-09-15","passed","2026-09-15","","io.github.filipchyla.shopapi.cart.CartLimitPolicyTest.ValidateAddition","io.github.filipchyla.shopapi.cart.CartLimitPolicyTest$ValidateAddition","validateAddition_ShouldPass_WhenExistingItemInFullCart"
"","7","cookieBasedEndpoints_ShouldNotReturnForbidden_WhenCsrfTokenPresent(HttpMethod, String) [5] method=DELETE, url=/api/v1/cart/items/*","","2026-09-15","passed","2026-09-15","","io.github.filipchyla.shopapi.config.CsrfConfigurationTest","io.github.filipchyla.shopapi.config.CsrfConfigurationTest","cookieBasedEndpoints_ShouldNotReturnForbidden_WhenCsrfTokenPresent"
"","79","getMe_ShouldReturnCurrentUser()","","2026-09-15","passed","2026-09-15","","io.github.filipchyla.shopapi.user.UserIntegrationTest","io.github.filipchyla.shopapi.user.UserIntegrationTest","getMe_ShouldReturnCurrentUser"
"","598","mergeCart_ReturnsUnauthorized_WhenNoToken()","","2026-09-15","passed","2026-09-15","","io.github.filipchyla.shopapi.cart.CartIntegrationTest.MergeFlow","io.github.filipchyla.shopapi.cart.CartIntegrationTest$MergeFlow","mergeCart_ReturnsUnauthorized_WhenNoToken"
"","6","update_ShouldUpdateCategoryAndReturnsMappedResponse_WhenRequestIsValid()","","2026-09-15","passed","2026-09-15","","io.github.filipchyla.shopapi.product.category.controller.CategoryAdminControllerTest.UpdateCategory","io.github.filipchyla.shopapi.product.category.controller.CategoryAdminControllerTest$UpdateCategory","update_ShouldUpdateCategoryAndReturnsMappedResponse_WhenRequestIsValid"
"","1","shouldThrowWhenSerializationFails()","","2026-09-15","passed","2026-09-15","","io.github.filipchyla.shopapi.auth.service.RefreshTokenServiceTest.CreateNewToken","io.github.filipchyla.shopapi.auth.service.RefreshTokenServiceTest$CreateNewToken","shouldThrowWhenSerializationFails"
"","1","validateAddition_ShouldPass_WhenRequestedQuantityEqualsMaxPerItem()","","2026-09-15","passed","2026-09-15","","io.github.filipchyla.shopapi.cart.CartLimitPolicyTest.ValidateAddition","io.github.filipchyla.shopapi.cart.CartLimitPolicyTest$ValidateAddition","validateAddition_ShouldPass_WhenRequestedQuantityEqualsMaxPerItem"
"","3","shouldRevokeOldTokenAndCreateNewTokenInSameFamily()","","2026-09-15","passed","2026-09-15","","io.github.filipchyla.shopapi.auth.service.RefreshTokenServiceTest.RotateToken","io.github.filipchyla.shopapi.auth.service.RefreshTokenServiceTest$RotateToken","shouldRevokeOldTokenAndCreateNewTokenInSameFamily"
"","2","addCategory_ShouldSetParentAndSave_WhenParentIdIsProvided()","","2026-09-15","passed","2026-09-15","","io.github.filipchyla.shopapi.product.category.CategoryServiceTest.AddCategory","io.github.filipchyla.shopapi.product.category.CategoryServiceTest$AddCategory","addCategory_ShouldSetParentAndSave_WhenParentIdIsProvided"
"","1","shouldPropagateException_whenEmailIsTaken()","","2026-09-15","passed","2026-09-15","","io.github.filipchyla.shopapi.auth.AuthenticationFacadeTest.RegisterUserAndReturnTokensTest","io.github.filipchyla.shopapi.auth.AuthenticationFacadeTest$RegisterUserAndReturnTokensTest","shouldPropagateException_whenEmailIsTaken"
"","1","shouldRevokeTokenAndReturnExpiredCookie_whenTokenIsPresent()","","2026-09-15","passed","2026-09-15","","io.github.filipchyla.shopapi.auth.AuthenticationFacadeTest.RevokeSingleForUserTest","io.github.filipchyla.shopapi.auth.AuthenticationFacadeTest$RevokeSingleForUserTest","shouldRevokeTokenAndReturnExpiredCookie_whenTokenIsPresent"
"","34","mergeCart_ShouldReturnOkAndClearCookie_WhenAuthenticated()","","2026-09-15","passed","2026-09-15","","io.github.filipchyla.shopapi.cart.CartControllerTest.MergeCart","io.github.filipchyla.shopapi.cart.CartControllerTest$MergeCart","mergeCart_ShouldReturnOkAndClearCookie_WhenAuthenticated"
"","280","getProducts_ReturnsEmptyPage_WhenNoProductsExist()","","2026-09-15","passed","2026-09-15","","io.github.filipchyla.shopapi.product.ProductIntegrationTest.GetProducts","io.github.filipchyla.shopapi.product.ProductIntegrationTest$GetProducts","getProducts_ReturnsEmptyPage_WhenNoProductsExist"
"","81","updateProduct_ShouldThrowNotFound_WhenProductDoesNotExist()","","2026-09-15","passed","2026-09-15","","io.github.filipchyla.shopapi.product.ProductServiceTest.UpdateProduct","io.github.filipchyla.shopapi.product.ProductServiceTest$UpdateProduct","updateProduct_ShouldThrowNotFound_WhenProductDoesNotExist"
"","3","addItem_ShouldReturnBadRequest_WhenProductIdIsNull()","","2026-09-15","passed","2026-09-15","","io.github.filipchyla.shopapi.cart.CartControllerTest.AddItem","io.github.filipchyla.shopapi.cart.CartControllerTest$AddItem","addItem_ShouldReturnBadRequest_WhenProductIdIsNull"
"","1","removeItem_ShouldThrowNotFound_WhenItemNotInCart()","","2026-09-15","passed","2026-09-15","","io.github.filipchyla.shopapi.cart.domain.CartDomainTest.GuestCartModel","io.github.filipchyla.shopapi.cart.domain.CartDomainTest$GuestCartModel","removeItem_ShouldThrowNotFound_WhenItemNotInCart"
"","0","validateQuantityUpdate_ShouldThrowLimitExceeded_WhenNewQuantityExceedsMaxPerItem()","","2026-09-15","passed","2026-09-15","","io.github.filipchyla.shopapi.cart.CartLimitPolicyTest.ValidateQuantityUpdate","io.github.filipchyla.shopapi.cart.CartLimitPolicyTest$ValidateQuantityUpdate","validateQuantityUpdate_ShouldThrowLimitExceeded_WhenNewQuantityExceedsMaxPerItem"
"","1","getCategoryTree_ShouldReturnEmptyList_WhenNoCategoriesExist()","","2026-09-15","passed","2026-09-15","","io.github.filipchyla.shopapi.product.category.CategoryServiceTest.GetCategoryTree","io.github.filipchyla.shopapi.product.category.CategoryServiceTest$GetCategoryTree","getCategoryTree_ShouldReturnEmptyList_WhenNoCategoriesExist"
"","145","logout_ClearsCookieAndInvalidatesToken()","","2026-09-15","passed","2026-09-15","","io.github.filipchyla.shopapi.auth.AuthIntegrationTest","io.github.filipchyla.shopapi.auth.AuthIntegrationTest","logout_ClearsCookieAndInvalidatesToken"
"","286","updateStock_ReturnsNotFound_WhenProductDoesNotExist()","","2026-09-15","passed","2026-09-15","","io.github.filipchyla.shopapi.product.ProductIntegrationTest.UpdateStock","io.github.filipchyla.shopapi.product.ProductIntegrationTest$UpdateStock","updateStock_ReturnsNotFound_WhenProductDoesNotExist"
"","290","updateCategory_KeepsExistingName_WhenNameIsNull()","","2026-09-15","passed","2026-09-15","","io.github.filipchyla.shopapi.product.category.CategoryIntegrationTest.UpdateCategory","io.github.filipchyla.shopapi.product.category.CategoryIntegrationTest$UpdateCategory","updateCategory_KeepsExistingName_WhenNameIsNull"
"","9","updateProduct_ShouldReturnNotFound_WhenProductDoesNotExist()","","2026-09-15","passed","2026-09-15","","io.github.filipchyla.shopapi.product.controller.ProductAdminControllerTest.UpdateProduct","io.github.filipchyla.shopapi.product.controller.ProductAdminControllerTest$UpdateProduct","updateProduct_ShouldReturnNotFound_WhenProductDoesNotExist"
"","3","addProduct_ShouldCreateProductAndReturnMappedResponse_WhenRequestIsValid()","","2026-09-15","passed","2026-09-15","","io.github.filipchyla.shopapi.product.controller.ProductAdminControllerTest.AddProduct","io.github.filipchyla.shopapi.product.controller.ProductAdminControllerTest$AddProduct","addProduct_ShouldCreateProductAndReturnMappedResponse_WhenRequestIsValid"
"","5","deleteProduct_ShouldDeleteProductAndReturnConfirmationMessage()","","2026-09-15","passed","2026-09-15","","io.github.filipchyla.shopapi.product.controller.ProductAdminControllerTest.DeleteProduct","io.github.filipchyla.shopapi.product.controller.ProductAdminControllerTest$DeleteProduct","deleteProduct_ShouldDeleteProductAndReturnConfirmationMessage"
"","1","getCategoryById_ShouldReturnCategory_WhenItExists()","","2026-09-15","passed","2026-09-15","","io.github.filipchyla.shopapi.product.category.CategoryServiceTest.GetCategoryById","io.github.filipchyla.shopapi.product.category.CategoryServiceTest$GetCategoryById","getCategoryById_ShouldReturnCategory_WhenItExists"
"","12","headerBasedEndpoints_ShouldNotRequireCsrf()","","2026-09-15","passed","2026-09-15","","io.github.filipchyla.shopapi.config.CsrfConfigurationTest","io.github.filipchyla.shopapi.config.CsrfConfigurationTest","headerBasedEndpoints_ShouldNotRequireCsrf"
"","16","deleteMe_ShouldDeactivateUser_WhenHeExists()","","2026-09-15","passed","2026-09-15","","io.github.filipchyla.shopapi.user.UserControllerTest","io.github.filipchyla.shopapi.user.UserControllerTest","deleteMe_ShouldDeactivateUser_WhenHeExists"
"","1","getProductById_ShouldReturnProductResponse_WhenProductExists()","","2026-09-15","passed","2026-09-15","","io.github.filipchyla.shopapi.product.ProductServiceTest.GetProductById","io.github.filipchyla.shopapi.product.ProductServiceTest$GetProductById","getProductById_ShouldReturnProductResponse_WhenProductExists"
"","5","updateProduct_ShouldUpdateProductAndReturnMappedResponse_WhenRequestIsValid()","","2026-09-15","passed","2026-09-15","","io.github.filipchyla.shopapi.product.controller.ProductAdminControllerTest.UpdateProduct","io.github.filipchyla.shopapi.product.controller.ProductAdminControllerTest$UpdateProduct","updateProduct_ShouldUpdateProductAndReturnMappedResponse_WhenRequestIsValid"
"","12","getCategories_ShouldMapNestedTreeToJson_WhenCategoriesHaveDepth()","","2026-09-15","passed","2026-09-15","","io.github.filipchyla.shopapi.product.category.controller.CategoryControllerTest.GetCategories","io.github.filipchyla.shopapi.product.category.controller.CategoryControllerTest$GetCategories","getCategories_ShouldMapNestedTreeToJson_WhenCategoriesHaveDepth"
"","2","deleteProduct_ShouldThrowNotFound_WhenProductDoesNotExist()","","2026-09-15","passed","2026-09-15","","io.github.filipchyla.shopapi.product.ProductServiceTest.DeleteProduct","io.github.filipchyla.shopapi.product.ProductServiceTest$DeleteProduct","deleteProduct_ShouldThrowNotFound_WhenProductDoesNotExist"
"","2","updateStock_ShouldPopulateCache_SoSubsequentGetDoesNotHitRepository()","","2026-09-15","passed","2026-09-15","","io.github.filipchyla.shopapi.product.ProductServiceCacheTest.UpdateStock","io.github.filipchyla.shopapi.product.ProductServiceCacheTest$UpdateStock","updateStock_ShouldPopulateCache_SoSubsequentGetDoesNotHitRepository"
"","282","getProduct_ReturnsNotFound_WhenProductDoesNotExist()","","2026-09-15","passed","2026-09-15","","io.github.filipchyla.shopapi.product.ProductIntegrationTest.GetProduct","io.github.filipchyla.shopapi.product.ProductIntegrationTest$GetProduct","getProduct_ReturnsNotFound_WhenProductDoesNotExist"
"","2","validateQuantityUpdate_ShouldThrowInsufficientStock_WhenNewQuantityExceedsStock()","","2026-09-15","passed","2026-09-15","","io.github.filipchyla.shopapi.cart.CartLimitPolicyTest.ValidateQuantityUpdate","io.github.filipchyla.shopapi.cart.CartLimitPolicyTest$ValidateQuantityUpdate","validateQuantityUpdate_ShouldThrowInsufficientStock_WhenNewQuantityExceedsStock"
"","286","addCategory_ReturnsNotFound_WhenParentIdDoesNotExist()","","2026-09-15","passed","2026-09-15","","io.github.filipchyla.shopapi.product.category.CategoryIntegrationTest.AddCategory","io.github.filipchyla.shopapi.product.category.CategoryIntegrationTest$AddCategory","addCategory_ReturnsNotFound_WhenParentIdDoesNotExist"
"","3","cookieBasedEndpoints_ShouldReturnForbidden_WhenCsrfTokenMissing(HttpMethod, String) [7] method=POST, url=/api/v1/cart/merge","","2026-09-15","passed","2026-09-15","","io.github.filipchyla.shopapi.config.CsrfConfigurationTest","io.github.filipchyla.shopapi.config.CsrfConfigurationTest","cookieBasedEndpoints_ShouldReturnForbidden_WhenCsrfTokenMissing"
"","2","clearCart_ShouldDoNothing_WhenTokenIsNull()","","2026-09-15","passed","2026-09-15","","io.github.filipchyla.shopapi.cart.service.GuestCartServiceTest.ClearCart","io.github.filipchyla.shopapi.cart.service.GuestCartServiceTest$ClearCart","clearCart_ShouldDoNothing_WhenTokenIsNull"
"","1","lineTotal_ShouldCalculateCorrectTotal()","","2026-09-15","passed","2026-09-15","","io.github.filipchyla.shopapi.cart.PriceCalculatorTest.LineTotal","io.github.filipchyla.shopapi.cart.PriceCalculatorTest$LineTotal","lineTotal_ShouldCalculateCorrectTotal"
"","4","updateStock_IsNotAccessible_WithoutAuthentication()","","2026-09-15","passed","2026-09-15","","io.github.filipchyla.shopapi.config.authorization.ProductAuthorizationTest","io.github.filipchyla.shopapi.config.authorization.ProductAuthorizationTest","updateStock_IsNotAccessible_WithoutAuthentication"
"","9","logoutAll_IsAccessible_WhenAuthenticated()","","2026-09-15","passed","2026-09-15","","io.github.filipchyla.shopapi.config.authorization.AuthenticationAuthorizationTest","io.github.filipchyla.shopapi.config.authorization.AuthenticationAuthorizationTest","logoutAll_IsAccessible_WhenAuthenticated"
"","291","updateProduct_UpdatesFields_WhenAdminAndValidRequest()","","2026-09-15","passed","2026-09-15","","io.github.filipchyla.shopapi.product.ProductIntegrationTest.UpdateProduct","io.github.filipchyla.shopapi.product.ProductIntegrationTest$UpdateProduct","updateProduct_UpdatesFields_WhenAdminAndValidRequest"
"","1","shouldPropagateException_whenRefreshTokenIsInvalidOrExpired()","","2026-09-15","passed","2026-09-15","","io.github.filipchyla.shopapi.auth.AuthenticationFacadeTest.RefreshTokenTest","io.github.filipchyla.shopapi.auth.AuthenticationFacadeTest$RefreshTokenTest","shouldPropagateException_whenRefreshTokenIsInvalidOrExpired"
"","3","updateStock_ReturnsForbidden_WhenUser()","","2026-09-15","passed","2026-09-15","","io.github.filipchyla.shopapi.config.authorization.ProductAuthorizationTest","io.github.filipchyla.shopapi.config.authorization.ProductAuthorizationTest","updateStock_ReturnsForbidden_WhenUser"
"","2","shouldUseDifferentFamilyForEachNewSession()","","2026-09-15","passed","2026-09-15","","io.github.filipchyla.shopapi.auth.service.RefreshTokenServiceTest.CreateNewToken","io.github.filipchyla.shopapi.auth.service.RefreshTokenServiceTest$CreateNewToken","shouldUseDifferentFamilyForEachNewSession"
"","8","getCart_ShouldReturnCart_ForGuestWithNoCookie()","","2026-09-15","passed","2026-09-15","","io.github.filipchyla.shopapi.cart.CartControllerTest.GetCart","io.github.filipchyla.shopapi.cart.CartControllerTest$GetCart","getCart_ShouldReturnCart_ForGuestWithNoCookie"
"","338","updateMe_ShouldUpdateUser_WhenUserExists()","","2026-09-15","passed","2026-09-15","","io.github.filipchyla.shopapi.user.UserIntegrationTest","io.github.filipchyla.shopapi.user.UserIntegrationTest","updateMe_ShouldUpdateUser_WhenUserExists"
"","2","updateItemQuantity_ShouldThrowProductNotFound_WhenProductDoesNotExist()","","2026-09-15","passed","2026-09-15","","io.github.filipchyla.shopapi.cart.service.GuestCartServiceTest.UpdateAndRemove","io.github.filipchyla.shopapi.cart.service.GuestCartServiceTest$UpdateAndRemove","updateItemQuantity_ShouldThrowProductNotFound_WhenProductDoesNotExist"
"","2","merge_ShouldSkipItemsThatFailWithProductNotFound_ButStillClearGuestCart()","","2026-09-15","passed","2026-09-15","","io.github.filipchyla.shopapi.cart.service.CartMergeServiceTest.PartialFailure","io.github.filipchyla.shopapi.cart.service.CartMergeServiceTest$PartialFailure","merge_ShouldSkipItemsThatFailWithProductNotFound_ButStillClearGuestCart"
"","209","createUser_ShouldThrowEmailTakenException_WhenEmailIsTaken()","","2026-09-15","passed","2026-09-15","","io.github.filipchyla.shopapi.user.UserServiceTest","io.github.filipchyla.shopapi.user.UserServiceTest","createUser_ShouldThrowEmailTakenException_WhenEmailIsTaken"
"","292","updateStock_DecreasesQuantity_WhenAdminAndValidRequest()","","2026-09-15","passed","2026-09-15","","io.github.filipchyla.shopapi.product.ProductIntegrationTest.UpdateStock","io.github.filipchyla.shopapi.product.ProductIntegrationTest$UpdateStock","updateStock_DecreasesQuantity_WhenAdminAndValidRequest"
"","17","patchMe_ShouldUpdateOnlyProvidedFields_WhenRequestIsPartial()","","2026-09-15","passed","2026-09-15","","io.github.filipchyla.shopapi.user.UserControllerTest","io.github.filipchyla.shopapi.user.UserControllerTest","patchMe_ShouldUpdateOnlyProvidedFields_WhenRequestIsPartial"
"","156","authenticate_ShouldReturnAuthenticatedUser_WhenCredentialsAreValid()","","2026-09-15","passed","2026-09-15","","io.github.filipchyla.shopapi.auth.service.AuthenticationServiceTest","io.github.filipchyla.shopapi.auth.service.AuthenticationServiceTest","authenticate_ShouldReturnAuthenticatedUser_WhenCredentialsAreValid"
"","163","addItem_PersistsToDatabase_WhenAuthenticated()","","2026-09-15","passed","2026-09-15","","io.github.filipchyla.shopapi.cart.CartIntegrationTest.UserFlow","io.github.filipchyla.shopapi.cart.CartIntegrationTest$UserFlow","addItem_PersistsToDatabase_WhenAuthenticated"
"","1","addItem_ShouldIncreaseQuantity_WhenProductAlreadyInCart()","","2026-09-15","passed","2026-09-15","","io.github.filipchyla.shopapi.cart.service.CartServiceTest.AddItem","io.github.filipchyla.shopapi.cart.service.CartServiceTest$AddItem","addItem_ShouldIncreaseQuantity_WhenProductAlreadyInCart"
"","2","cookieBasedEndpoints_ShouldReturnForbidden_WhenCsrfTokenMissing(HttpMethod, String) [6] method=DELETE, url=/api/v1/cart","","2026-09-15","passed","2026-09-15","","io.github.filipchyla.shopapi.config.CsrfConfigurationTest","io.github.filipchyla.shopapi.config.CsrfConfigurationTest","cookieBasedEndpoints_ShouldReturnForbidden_WhenCsrfTokenMissing"
"","1","shouldThrowWhenOldTokenDoesNotExist()","","2026-09-15","passed","2026-09-15","","io.github.filipchyla.shopapi.auth.service.RefreshTokenServiceTest.RotateToken","io.github.filipchyla.shopapi.auth.service.RefreshTokenServiceTest$RotateToken","shouldThrowWhenOldTokenDoesNotExist"
"","1","doFilterInternal_ShouldNotSetAuthentication_WhenTokenIsInvalid()","","2026-09-15","passed","2026-09-15","","io.github.filipchyla.shopapi.security.filter.JwtAuthenticationFilterTest","io.github.filipchyla.shopapi.security.filter.JwtAuthenticationFilterTest","doFilterInternal_ShouldNotSetAuthentication_WhenTokenIsInvalid"
"","1","addItem_ShouldPassIsNewTrueToPolicy_WhenAddingNewItem()","","2026-09-15","passed","2026-09-15","","io.github.filipchyla.shopapi.cart.service.CartServiceTest.AddItem","io.github.filipchyla.shopapi.cart.service.CartServiceTest$AddItem","addItem_ShouldPassIsNewTrueToPolicy_WhenAddingNewItem"
"","1","shouldCreateTokenAndSaveItsData()","","2026-09-15","passed","2026-09-15","","io.github.filipchyla.shopapi.auth.service.RefreshTokenServiceTest.CreateNewToken","io.github.filipchyla.shopapi.auth.service.RefreshTokenServiceTest$CreateNewToken","shouldCreateTokenAndSaveItsData"
"","1","getCategoryById_ShouldThrowNotFound_WhenCategoryDoesNotExists()","","2026-09-15","passed","2026-09-15","","io.github.filipchyla.shopapi.product.category.CategoryServiceTest.GetCategoryById","io.github.filipchyla.shopapi.product.category.CategoryServiceTest$GetCategoryById","getCategoryById_ShouldThrowNotFound_WhenCategoryDoesNotExists"
"","2","cookieBasedEndpoints_ShouldReturnForbidden_WhenCsrfTokenMissing(HttpMethod, String) [3] method=POST, url=/api/v1/cart/items","","2026-09-15","passed","2026-09-15","","io.github.filipchyla.shopapi.config.CsrfConfigurationTest","io.github.filipchyla.shopapi.config.CsrfConfigurationTest","cookieBasedEndpoints_ShouldReturnForbidden_WhenCsrfTokenMissing"
"","2","shouldDeleteAllUserSessions()","","2026-09-15","passed","2026-09-15","","io.github.filipchyla.shopapi.auth.service.RefreshTokenServiceTest.RevokeAllForUser","io.github.filipchyla.shopapi.auth.service.RefreshTokenServiceTest$RevokeAllForUser","shouldDeleteAllUserSessions"
"","2","register_ShouldReturnBadRequest_WhenEmailIsInvalid()","","2026-09-15","passed","2026-09-15","","io.github.filipchyla.shopapi.auth.AuthenticationControllerTest.RegisterRequestTest","io.github.filipchyla.shopapi.auth.AuthenticationControllerTest$RegisterRequestTest","register_ShouldReturnBadRequest_WhenEmailIsInvalid"
"","2","removeItem_ShouldThrowNotFound_WhenItemMissing()","","2026-09-15","passed","2026-09-15","","io.github.filipchyla.shopapi.cart.service.GuestCartServiceTest.UpdateAndRemove","io.github.filipchyla.shopapi.cart.service.GuestCartServiceTest$UpdateAndRemove","removeItem_ShouldThrowNotFound_WhenItemMissing"
"","2","deleteCategory_ShouldEvictTreeCache()","","2026-09-15","passed","2026-09-15","","io.github.filipchyla.shopapi.product.category.CategoryServiceCacheTest.DeleteCategory","io.github.filipchyla.shopapi.product.category.CategoryServiceCacheTest$DeleteCategory","deleteCategory_ShouldEvictTreeCache"
"","1","shouldThrowWhenTokenDoesNotExist()","","2026-09-15","passed","2026-09-15","","io.github.filipchyla.shopapi.auth.service.RefreshTokenServiceTest.GetUserIdFromToken","io.github.filipchyla.shopapi.auth.service.RefreshTokenServiceTest$GetUserIdFromToken","shouldThrowWhenTokenDoesNotExist"
"","7","authenticate_ShouldReturnUnauthorized_WhenCredentialsAreWrong()","","2026-09-15","passed","2026-09-15","","io.github.filipchyla.shopapi.auth.AuthenticationControllerTest.AuthenticationRequestTest","io.github.filipchyla.shopapi.auth.AuthenticationControllerTest$AuthenticationRequestTest","authenticate_ShouldReturnUnauthorized_WhenCredentialsAreWrong"
"","3","getCart_IsAccessible_WithoutAuthentication()","","2026-09-15","passed","2026-09-15","","io.github.filipchyla.shopapi.config.authorization.CartAuthorizationTest","io.github.filipchyla.shopapi.config.authorization.CartAuthorizationTest","getCart_IsAccessible_WithoutAuthentication"
"","7","register_ShouldReturnBadRequest_WhenBodyInvalid()","","2026-09-15","passed","2026-09-15","","io.github.filipchyla.shopapi.auth.AuthenticationControllerTest.RegisterRequestTest","io.github.filipchyla.shopapi.auth.AuthenticationControllerTest$RegisterRequestTest","register_ShouldReturnBadRequest_WhenBodyInvalid"
"","1","removeItem_ShouldRemoveItem_WhenItExists()","","2026-09-15","passed","2026-09-15","","io.github.filipchyla.shopapi.cart.service.CartServiceTest.RemoveItem","io.github.filipchyla.shopapi.cart.service.CartServiceTest$RemoveItem","removeItem_ShouldRemoveItem_WhenItExists"
"","1","updateStock_ShouldUpdateStockQuantity_WhenProductExists()","","2026-09-15","passed","2026-09-15","","io.github.filipchyla.shopapi.product.ProductServiceTest.UpdateStock","io.github.filipchyla.shopapi.product.ProductServiceTest$UpdateStock","updateStock_ShouldUpdateStockQuantity_WhenProductExists"
"","2","addItem_ShouldThrowInsufficientStock_WhenRequestedQuantityExceedsStock()","","2026-09-15","passed","2026-09-15","","io.github.filipchyla.shopapi.cart.service.CartServiceTest.AddItem","io.github.filipchyla.shopapi.cart.service.CartServiceTest$AddItem","addItem_ShouldThrowInsufficientStock_WhenRequestedQuantityExceedsStock"
"","12","register_ShouldReturnConflict_WhenEmailIsTaken()","","2026-09-15","passed","2026-09-15","","io.github.filipchyla.shopapi.auth.AuthenticationControllerTest.RegisterRequestTest","io.github.filipchyla.shopapi.auth.AuthenticationControllerTest$RegisterRequestTest","register_ShouldReturnConflict_WhenEmailIsTaken"
"","0","extractUsername_ShouldReturnCorrectUsername()","","2026-09-15","passed","2026-09-15","","io.github.filipchyla.shopapi.auth.service.JwtServiceTest","io.github.filipchyla.shopapi.auth.service.JwtServiceTest","extractUsername_ShouldReturnCorrectUsername"
"","152","updateProduct_ShouldPutResultInCache_ForGivenId()","","2026-09-15","passed","2026-09-15","","io.github.filipchyla.shopapi.product.ProductServiceCacheTest.UpdateProduct","io.github.filipchyla.shopapi.product.ProductServiceCacheTest$UpdateProduct","updateProduct_ShouldPutResultInCache_ForGivenId"
"","6","removeItem_IsAccessible_WithoutAuthentication()","","2026-09-15","passed","2026-09-15","","io.github.filipchyla.shopapi.config.authorization.CartAuthorizationTest","io.github.filipchyla.shopapi.config.authorization.CartAuthorizationTest","removeItem_IsAccessible_WithoutAuthentication"
"","2","refresh_ShouldReturnBadRequest_WhenCookieMissing()","","2026-09-15","passed","2026-09-15","","io.github.filipchyla.shopapi.auth.AuthenticationControllerTest.RefreshTokenCookieTest","io.github.filipchyla.shopapi.auth.AuthenticationControllerTest$RefreshTokenCookieTest","refresh_ShouldReturnBadRequest_WhenCookieMissing"
"","2","updateCategory_ShouldOverrideParent_WhenParentIdIsNotNull()","","2026-09-15","passed","2026-09-15","","io.github.filipchyla.shopapi.product.category.CategoryServiceTest.UpdateCategory","io.github.filipchyla.shopapi.product.category.CategoryServiceTest$UpdateCategory","updateCategory_ShouldOverrideParent_WhenParentIdIsNotNull"
"","5","updateStock_ShouldReturnNotFound_WhenProductDoesNotExist()","","2026-09-15","passed","2026-09-15","","io.github.filipchyla.shopapi.product.controller.ProductAdminControllerTest.UpdateStock","io.github.filipchyla.shopapi.product.controller.ProductAdminControllerTest$UpdateStock","updateStock_ShouldReturnNotFound_WhenProductDoesNotExist"
"","2","getCart_ShouldCreateNewCart_WhenNoneExistsForUser()","","2026-09-15","passed","2026-09-15","","io.github.filipchyla.shopapi.cart.service.CartServiceTest.GetCart","io.github.filipchyla.shopapi.cart.service.CartServiceTest$GetCart","getCart_ShouldCreateNewCart_WhenNoneExistsForUser"
"","265","doFilterInternal_ShouldProceedFilterChain_WhenCsrfTokenAbsent()","","2026-09-15","passed","2026-09-15","","io.github.filipchyla.shopapi.security.filter.CsrfCookieFilterTest","io.github.filipchyla.shopapi.security.filter.CsrfCookieFilterTest","doFilterInternal_ShouldProceedFilterChain_WhenCsrfTokenAbsent"
"","288","addCategory_ReturnsBadRequest_WhenNameIsBlank()","","2026-09-15","passed","2026-09-15","","io.github.filipchyla.shopapi.product.category.CategoryIntegrationTest.AddCategory","io.github.filipchyla.shopapi.product.category.CategoryIntegrationTest$AddCategory","addCategory_ReturnsBadRequest_WhenNameIsBlank"
"","4","cookieBasedEndpoints_ShouldNotReturnForbidden_WhenCsrfTokenPresent(HttpMethod, String) [7] method=POST, url=/api/v1/cart/merge","","2026-09-15","passed","2026-09-15","","io.github.filipchyla.shopapi.config.CsrfConfigurationTest","io.github.filipchyla.shopapi.config.CsrfConfigurationTest","cookieBasedEndpoints_ShouldNotReturnForbidden_WhenCsrfTokenPresent"
"","1","deleteProduct_ShouldEvictCacheEntry_ForGivenId()","","2026-09-15","passed","2026-09-15","","io.github.filipchyla.shopapi.product.ProductServiceCacheTest.DeleteProduct","io.github.filipchyla.shopapi.product.ProductServiceCacheTest$DeleteProduct","deleteProduct_ShouldEvictCacheEntry_ForGivenId"
"","1","doFilterInternal_ShouldReturnUnauthorized_WhenTokenIsExpired()","","2026-09-15","passed","2026-09-15","","io.github.filipchyla.shopapi.security.filter.JwtAuthenticationFilterTest","io.github.filipchyla.shopapi.security.filter.JwtAuthenticationFilterTest","doFilterInternal_ShouldReturnUnauthorized_WhenTokenIsExpired"
"","2","register_ShouldReturnAccessTokenAndSetRefreshCookie_WhenRequestIsValid()","","2026-09-15","passed","2026-09-15","","io.github.filipchyla.shopapi.auth.AuthenticationControllerTest.RegisterRequestTest","io.github.filipchyla.shopapi.auth.AuthenticationControllerTest$RegisterRequestTest","register_ShouldReturnAccessTokenAndSetRefreshCookie_WhenRequestIsValid"
"","594","clearCart_ShouldDeleteKey_WhenTokenPresent()","","2026-09-15","passed","2026-09-15","","io.github.filipchyla.shopapi.cart.service.GuestCartServiceTest.ClearCart","io.github.filipchyla.shopapi.cart.service.GuestCartServiceTest$ClearCart","clearCart_ShouldDeleteKey_WhenTokenPresent"
"","1","isTokenValid_ShouldReturnFalse_WhenUsernameDoesNotMatch()","","2026-09-15","passed","2026-09-15","","io.github.filipchyla.shopapi.auth.service.JwtServiceTest","io.github.filipchyla.shopapi.auth.service.JwtServiceTest","isTokenValid_ShouldReturnFalse_WhenUsernameDoesNotMatch"
"","1","totalPrice_ShouldSumLineTotalsCorrectly()","","2026-09-15","passed","2026-09-15","","io.github.filipchyla.shopapi.cart.PriceCalculatorTest.TotalPrice","io.github.filipchyla.shopapi.cart.PriceCalculatorTest$TotalPrice","totalPrice_ShouldSumLineTotalsCorrectly"
"","1","getProductById_ShouldCacheSeparateEntries_ForDifferentIds()","","2026-09-15","passed","2026-09-15","","io.github.filipchyla.shopapi.product.ProductServiceCacheTest.GetProductById","io.github.filipchyla.shopapi.product.ProductServiceCacheTest$GetProductById","getProductById_ShouldCacheSeparateEntries_ForDifferentIds"
"","1","validateAddition_ShouldPass_WhenRequestedQuantityEqualsAvailableStock()","","2026-09-15","passed","2026-09-15","","io.github.filipchyla.shopapi.cart.CartLimitPolicyTest.ValidateAddition","io.github.filipchyla.shopapi.cart.CartLimitPolicyTest$ValidateAddition","validateAddition_ShouldPass_WhenRequestedQuantityEqualsAvailableStock"
"","4","addItem_IsAccessible_WithoutAuthentication()","","2026-09-15","passed","2026-09-15","","io.github.filipchyla.shopapi.config.authorization.CartAuthorizationTest","io.github.filipchyla.shopapi.config.authorization.CartAuthorizationTest","addItem_IsAccessible_WithoutAuthentication"
"","7","getProductById_IsAccessible_WithoutAuthentication()","","2026-09-15","passed","2026-09-15","","io.github.filipchyla.shopapi.config.authorization.ProductAuthorizationTest","io.github.filipchyla.shopapi.config.authorization.ProductAuthorizationTest","getProductById_IsAccessible_WithoutAuthentication"
"","2","updateItemQuantity_ShouldThrowNotFound_WhenItemNotInCart()","","2026-09-15","passed","2026-09-15","","io.github.filipchyla.shopapi.cart.service.CartServiceTest.UpdateItemQuantity","io.github.filipchyla.shopapi.cart.service.CartServiceTest$UpdateItemQuantity","updateItemQuantity_ShouldThrowNotFound_WhenItemNotInCart"
"","1","updateStock_ShouldPutResultInCache_ForGivenId()","","2026-09-15","passed","2026-09-15","","io.github.filipchyla.shopapi.product.ProductServiceCacheTest.UpdateStock","io.github.filipchyla.shopapi.product.ProductServiceCacheTest$UpdateStock","updateStock_ShouldPutResultInCache_ForGivenId"
"","1","shouldPropagateException_whenCredentialsAreWrong()","","2026-09-15","passed","2026-09-15","","io.github.filipchyla.shopapi.auth.AuthenticationFacadeTest.AuthenticateUserAndReturnTokensTest","io.github.filipchyla.shopapi.auth.AuthenticationFacadeTest$AuthenticateUserAndReturnTokensTest","shouldPropagateException_whenCredentialsAreWrong"
"","1","clear_ShouldRemoveAllItems()","","2026-09-15","passed","2026-09-15","","io.github.filipchyla.shopapi.cart.domain.CartDomainTest.CartEntity","io.github.filipchyla.shopapi.cart.domain.CartDomainTest$CartEntity","clear_ShouldRemoveAllItems"
"","2","updateItemQuantity_ShouldUpdateQuantity_WhenItemExistsAndStockSufficient()","","2026-09-15","passed","2026-09-15","","io.github.filipchyla.shopapi.cart.service.CartServiceTest.UpdateItemQuantity","io.github.filipchyla.shopapi.cart.service.CartServiceTest$UpdateItemQuantity","updateItemQuantity_ShouldUpdateQuantity_WhenItemExistsAndStockSufficient"
"","2","getCart_ShouldReturnEmptyCart_WhenTokenIsNull()","","2026-09-15","passed","2026-09-15","","io.github.filipchyla.shopapi.cart.service.GuestCartServiceTest.GetCart","io.github.filipchyla.shopapi.cart.service.GuestCartServiceTest$GetCart","getCart_ShouldReturnEmptyCart_WhenTokenIsNull"
"","16","update_ShouldReturnConflict_WhenCircularCategoryReference()","","2026-09-15","passed","2026-09-15","","io.github.filipchyla.shopapi.product.category.controller.CategoryAdminControllerTest.UpdateCategory","io.github.filipchyla.shopapi.product.category.controller.CategoryAdminControllerTest$UpdateCategory","update_ShouldReturnConflict_WhenCircularCategoryReference"
"","2","getCart_ShouldDelegateToCartService_WhenPrincipalIsPresent()","","2026-09-15","passed","2026-09-15","","io.github.filipchyla.shopapi.cart.CartFacadeTest.GetCart","io.github.filipchyla.shopapi.cart.CartFacadeTest$GetCart","getCart_ShouldDelegateToCartService_WhenPrincipalIsPresent"
"","290","addProduct_CreatesProduct_WhenAdminAndValidRequest()","","2026-09-15","passed","2026-09-15","","io.github.filipchyla.shopapi.product.ProductIntegrationTest.AddProduct","io.github.filipchyla.shopapi.product.ProductIntegrationTest$AddProduct","addProduct_CreatesProduct_WhenAdminAndValidRequest"
"","101","clearCart_ShouldDelegateToCartService_WhenPrincipalIsPresent()","","2026-09-15","passed","2026-09-15","","io.github.filipchyla.shopapi.cart.CartFacadeTest.ClearCart","io.github.filipchyla.shopapi.cart.CartFacadeTest$ClearCart","clearCart_ShouldDelegateToCartService_WhenPrincipalIsPresent"
"","1","doFilterInternal_ShouldContinueChainWithoutAuthentication_WhenNoAuthorizationHeader()","","2026-09-15","passed","2026-09-15","","io.github.filipchyla.shopapi.security.filter.JwtAuthenticationFilterTest","io.github.filipchyla.shopapi.security.filter.JwtAuthenticationFilterTest","doFilterInternal_ShouldContinueChainWithoutAuthentication_WhenNoAuthorizationHeader"
"","1","clearCart_ShouldDelegateToGuestCartService_WhenPrincipalIsNull()","","2026-09-15","passed","2026-09-15","","io.github.filipchyla.shopapi.cart.CartFacadeTest.ClearCart","io.github.filipchyla.shopapi.cart.CartFacadeTest$ClearCart","clearCart_ShouldDelegateToGuestCartService_WhenPrincipalIsNull"
"","4","getUser_ShouldReturnUser_WhenUserExists()","","2026-09-15","passed","2026-09-15","","io.github.filipchyla.shopapi.user.UserServiceTest","io.github.filipchyla.shopapi.user.UserServiceTest","getUser_ShouldReturnUser_WhenUserExists"
"","310","getProduct_ReflectsUpdatedStock_AfterCachePutOnStockUpdate()","","2026-09-15","passed","2026-09-15","","io.github.filipchyla.shopapi.product.ProductIntegrationTest.GetProduct","io.github.filipchyla.shopapi.product.ProductIntegrationTest$GetProduct","getProduct_ReflectsUpdatedStock_AfterCachePutOnStockUpdate"
"","7","createUser_ShouldSaveUser_WhenEmailIsNotTaken()","","2026-09-15","passed","2026-09-15","","io.github.filipchyla.shopapi.user.UserServiceTest","io.github.filipchyla.shopapi.user.UserServiceTest","createUser_ShouldSaveUser_WhenEmailIsNotTaken"
"","6","deleteCategory_IsAccessible_WhenAdmin()","","2026-09-15","passed","2026-09-15","","io.github.filipchyla.shopapi.config.authorization.CategoryAuthorizationTest","io.github.filipchyla.shopapi.config.authorization.CategoryAuthorizationTest","deleteCategory_IsAccessible_WhenAdmin"
"","290","deleteCategory_ReturnsUnauthorized_WhenNoTokenProvided()","","2026-09-15","passed","2026-09-15","","io.github.filipchyla.shopapi.product.category.CategoryIntegrationTest.DeleteCategory","io.github.filipchyla.shopapi.product.category.CategoryIntegrationTest$DeleteCategory","deleteCategory_ReturnsUnauthorized_WhenNoTokenProvided"
"","2","updateItemQuantity_ShouldDelegateToGuestCartService_WhenGuest()","","2026-09-15","passed","2026-09-15","","io.github.filipchyla.shopapi.cart.CartFacadeTest.UpdateItemQuantity","io.github.filipchyla.shopapi.cart.CartFacadeTest$UpdateItemQuantity","updateItemQuantity_ShouldDelegateToGuestCartService_WhenGuest"
"","389","deleteProduct_ReturnsNotFound_WhenProductDoesNotExist()","","2026-09-15","passed","2026-09-15","","io.github.filipchyla.shopapi.product.ProductIntegrationTest.DeleteProduct","io.github.filipchyla.shopapi.product.ProductIntegrationTest$DeleteProduct","deleteProduct_ReturnsNotFound_WhenProductDoesNotExist"
"","0","doFilterInternal_ShouldCallGetToken_WhenCsrfTokenPresent()","","2026-09-15","passed","2026-09-15","","io.github.filipchyla.shopapi.security.filter.CsrfCookieFilterTest","io.github.filipchyla.shopapi.security.filter.CsrfCookieFilterTest","doFilterInternal_ShouldCallGetToken_WhenCsrfTokenPresent"
"","7","delete_ShouldDeleteCategoryAndReturnsConfirmationMessage()","","2026-09-15","passed","2026-09-15","","io.github.filipchyla.shopapi.product.category.controller.CategoryAdminControllerTest.DeleteCategory","io.github.filipchyla.shopapi.product.category.controller.CategoryAdminControllerTest$DeleteCategory","delete_ShouldDeleteCategoryAndReturnsConfirmationMessage"
"","286","getProduct_ReturnsProduct_WhenProductExists()","","2026-09-15","passed","2026-09-15","","io.github.filipchyla.shopapi.product.ProductIntegrationTest.GetProduct","io.github.filipchyla.shopapi.product.ProductIntegrationTest$GetProduct","getProduct_ReturnsProduct_WhenProductExists"
"","84","doFilterInternal_ShouldReturnUnauthorized_WhenTokenIsInvalidJwt()","","2026-09-15","passed","2026-09-15","","io.github.filipchyla.shopapi.security.filter.JwtAuthenticationFilterTest","io.github.filipchyla.shopapi.security.filter.JwtAuthenticationFilterTest","doFilterInternal_ShouldReturnUnauthorized_WhenTokenIsInvalidJwt"
"","7","updateStock_IsAccessible_WhenAdmin()","","2026-09-15","passed","2026-09-15","","io.github.filipchyla.shopapi.config.authorization.ProductAuthorizationTest","io.github.filipchyla.shopapi.config.authorization.ProductAuthorizationTest","updateStock_IsAccessible_WhenAdmin"
"","4","refresh_ShouldRotateTokenAndReturnNewAccessToken_WhenRequestIsValid()","","2026-09-15","passed","2026-09-15","","io.github.filipchyla.shopapi.auth.AuthenticationControllerTest.RefreshTokenCookieTest","io.github.filipchyla.shopapi.auth.AuthenticationControllerTest$RefreshTokenCookieTest","refresh_ShouldRotateTokenAndReturnNewAccessToken_WhenRequestIsValid"
"","2","cookieBasedEndpoints_ShouldReturnForbidden_WhenCsrfTokenMissing(HttpMethod, String) [4] method=PATCH, url=/api/v1/cart/items/*","","2026-09-15","passed","2026-09-15","","io.github.filipchyla.shopapi.config.CsrfConfigurationTest","io.github.filipchyla.shopapi.config.CsrfConfigurationTest","cookieBasedEndpoints_ShouldReturnForbidden_WhenCsrfTokenMissing"
"","5","generateToken_ShouldReturnValidToken()","","2026-09-15","passed","2026-09-15","","io.github.filipchyla.shopapi.auth.service.JwtServiceTest","io.github.filipchyla.shopapi.auth.service.JwtServiceTest","generateToken_ShouldReturnValidToken"
"","0","addOrIncreaseItem_ShouldAddNewItem_WhenProductNotInCart()","","2026-09-15","passed","2026-09-15","","io.github.filipchyla.shopapi.cart.domain.CartDomainTest.CartEntity","io.github.filipchyla.shopapi.cart.domain.CartDomainTest$CartEntity","addOrIncreaseItem_ShouldAddNewItem_WhenProductNotInCart"
"","3","getCategoryTree_ShouldReturnAllCategoriesAsRoots_WhenNoneHaveParent()","","2026-09-15","passed","2026-09-15","","io.github.filipchyla.shopapi.product.category.CategoryServiceTest.GetCategoryTree","io.github.filipchyla.shopapi.product.category.CategoryServiceTest$GetCategoryTree","getCategoryTree_ShouldReturnAllCategoriesAsRoots_WhenNoneHaveParent"
"","7","cookieBasedEndpoints_ShouldNotReturnForbidden_WhenCsrfTokenPresent(HttpMethod, String) [6] method=DELETE, url=/api/v1/cart","","2026-09-15","passed","2026-09-15","","io.github.filipchyla.shopapi.config.CsrfConfigurationTest","io.github.filipchyla.shopapi.config.CsrfConfigurationTest","cookieBasedEndpoints_ShouldNotReturnForbidden_WhenCsrfTokenPresent"
"","1","shouldNotEvictAnythingWhenSessionLimitIsNotExceeded()","","2026-09-15","passed","2026-09-15","","io.github.filipchyla.shopapi.auth.service.RefreshTokenServiceTest.CreateNewToken","io.github.filipchyla.shopapi.auth.service.RefreshTokenServiceTest$CreateNewToken","shouldNotEvictAnythingWhenSessionLimitIsNotExceeded"
"","0","updateItemQuantity_ShouldUpdateQuantity()","","2026-09-15","passed","2026-09-15","","io.github.filipchyla.shopapi.cart.domain.CartDomainTest.CartEntity","io.github.filipchyla.shopapi.cart.domain.CartDomainTest$CartEntity","updateItemQuantity_ShouldUpdateQuantity"
"","10","removeItem_ShouldReturnOk_WhenProductRemoved()","","2026-09-15","passed","2026-09-15","","io.github.filipchyla.shopapi.cart.CartControllerTest.RemoveItem","io.github.filipchyla.shopapi.cart.CartControllerTest$RemoveItem","removeItem_ShouldReturnOk_WhenProductRemoved"
"","211","login_SetsRefreshCookieAndReturnsAccessToken_WhenCredentialsAreCorrect()","","2026-09-15","passed","2026-09-15","","io.github.filipchyla.shopapi.auth.AuthIntegrationTest","io.github.filipchyla.shopapi.auth.AuthIntegrationTest","login_SetsRefreshCookieAndReturnsAccessToken_WhenCredentialsAreCorrect"
"","1","updateItemQuantity_ShouldThrowLimitExceeded_WhenQuantityExceedsMaxItemLimit()","","2026-09-15","passed","2026-09-15","","io.github.filipchyla.shopapi.cart.service.CartServiceTest.UpdateItemQuantity","io.github.filipchyla.shopapi.cart.service.CartServiceTest$UpdateItemQuantity","updateItemQuantity_ShouldThrowLimitExceeded_WhenQuantityExceedsMaxItemLimit"
"","7","addCategory_ShouldReturnNotFound_WhenParentIdDoesNotExist()","","2026-09-15","passed","2026-09-15","","io.github.filipchyla.shopapi.product.category.controller.CategoryAdminControllerTest.AddCategory","io.github.filipchyla.shopapi.product.category.controller.CategoryAdminControllerTest$AddCategory","addCategory_ShouldReturnNotFound_WhenParentIdDoesNotExist"
"","1","authenticate_ShouldThrowException_WhenCredentialsAreInvalid()","","2026-09-15","passed","2026-09-15","","io.github.filipchyla.shopapi.auth.service.AuthenticationServiceTest","io.github.filipchyla.shopapi.auth.service.AuthenticationServiceTest","authenticate_ShouldThrowException_WhenCredentialsAreInvalid"
"","6","logout_ShouldRevokeTokenAndClearCookie_WhenCookiePresent()","","2026-09-15","passed","2026-09-15","","io.github.filipchyla.shopapi.auth.AuthenticationControllerTest.LogoutTest","io.github.filipchyla.shopapi.auth.AuthenticationControllerTest$LogoutTest","logout_ShouldRevokeTokenAndClearCookie_WhenCookiePresent"
"","284","addProduct_ReturnsBadRequest_WhenNameIsBlank()","","2026-09-15","passed","2026-09-15","","io.github.filipchyla.shopapi.product.ProductIntegrationTest.AddProduct","io.github.filipchyla.shopapi.product.ProductIntegrationTest$AddProduct","addProduct_ReturnsBadRequest_WhenNameIsBlank"
"","3","updateStock_ShouldShouldSubtractQuantity_WhenDifferenceIsNegative()","","2026-09-15","passed","2026-09-15","","io.github.filipchyla.shopapi.product.ProductServiceTest.UpdateStock","io.github.filipchyla.shopapi.product.ProductServiceTest$UpdateStock","updateStock_ShouldShouldSubtractQuantity_WhenDifferenceIsNegative"
"","2","getCategoryTree_ShouldStoreResultUnderExpectedCacheKey()","","2026-09-15","passed","2026-09-15","","io.github.filipchyla.shopapi.product.category.CategoryServiceCacheTest.GetCategoryTree","io.github.filipchyla.shopapi.product.category.CategoryServiceCacheTest$GetCategoryTree","getCategoryTree_ShouldStoreResultUnderExpectedCacheKey"
"","5","getCategories_ShouldReturnEmptyArray_WhenNoCategoriesExist()","","2026-09-15","passed","2026-09-15","","io.github.filipchyla.shopapi.product.category.controller.CategoryControllerTest.GetCategories","io.github.filipchyla.shopapi.product.category.controller.CategoryControllerTest$GetCategories","getCategories_ShouldReturnEmptyArray_WhenNoCategoriesExist"
"","3","getCart_ShouldThrowIllegalStateException_WhenJsonIsCorrupted()","","2026-09-15","passed","2026-09-15","","io.github.filipchyla.shopapi.cart.service.GuestCartServiceTest.GetCart","io.github.filipchyla.shopapi.cart.service.GuestCartServiceTest$GetCart","getCart_ShouldThrowIllegalStateException_WhenJsonIsCorrupted"
"","5","getProduct_ShouldReturnNotFound_WhenProductDoesNotExist()","","2026-09-15","passed","2026-09-15","","io.github.filipchyla.shopapi.product.controller.ProductControllerTest.GetProduct","io.github.filipchyla.shopapi.product.controller.ProductControllerTest$GetProduct","getProduct_ShouldReturnNotFound_WhenProductDoesNotExist"
"","2","shouldDoNothingWhenUserHasNoSessions()","","2026-09-15","passed","2026-09-15","","io.github.filipchyla.shopapi.auth.service.RefreshTokenServiceTest.RevokeAllForUser","io.github.filipchyla.shopapi.auth.service.RefreshTokenServiceTest$RevokeAllForUser","shouldDoNothingWhenUserHasNoSessions"
"","4","clearCart_IsAccessible_WithoutAuthentication()","","2026-09-15","passed","2026-09-15","","io.github.filipchyla.shopapi.config.authorization.CartAuthorizationTest","io.github.filipchyla.shopapi.config.authorization.CartAuthorizationTest","clearCart_IsAccessible_WithoutAuthentication"
"","291","updateCategory_UpdatesName_WhenAdminAndValidRequest()","","2026-09-15","passed","2026-09-15","","io.github.filipchyla.shopapi.product.category.CategoryIntegrationTest.UpdateCategory","io.github.filipchyla.shopapi.product.category.CategoryIntegrationTest$UpdateCategory","updateCategory_UpdatesName_WhenAdminAndValidRequest"
"","289","updateProduct_ReturnsNotFound_WhenNewCategoryDoesNotExist()","","2026-09-15","passed","2026-09-15","","io.github.filipchyla.shopapi.product.ProductIntegrationTest.UpdateProduct","io.github.filipchyla.shopapi.product.ProductIntegrationTest$UpdateProduct","updateProduct_ReturnsNotFound_WhenNewCategoryDoesNotExist"
"","1","removeItem_ShouldRemoveItem_WhenItemExists()","","2026-09-15","passed","2026-09-15","","io.github.filipchyla.shopapi.cart.domain.CartDomainTest.GuestCartModel","io.github.filipchyla.shopapi.cart.domain.CartDomainTest$GuestCartModel","removeItem_ShouldRemoveItem_WhenItemExists"
"","148","updatePassword_ShouldReturnError_WhenCurrentPasswordIsIncorrect()","","2026-09-15","passed","2026-09-15","","io.github.filipchyla.shopapi.user.UserIntegrationTest","io.github.filipchyla.shopapi.user.UserIntegrationTest","updatePassword_ShouldReturnError_WhenCurrentPasswordIsIncorrect"
"","8","clearCart_ShouldReturnNoContentAndClearCookie()","","2026-09-15","passed","2026-09-15","","io.github.filipchyla.shopapi.cart.CartControllerTest.ClearCart","io.github.filipchyla.shopapi.cart.CartControllerTest$ClearCart","clearCart_ShouldReturnNoContentAndClearCookie"
"","2","getMe_IsNotAccessible_WithoutAuthentication()","","2026-09-15","passed","2026-09-15","","io.github.filipchyla.shopapi.config.authorization.UserAuthorizationTest","io.github.filipchyla.shopapi.config.authorization.UserAuthorizationTest","getMe_IsNotAccessible_WithoutAuthentication"
"","1","totalPrice_ShouldReturnZero_WhenItemListIsEmpty()","","2026-09-15","passed","2026-09-15","","io.github.filipchyla.shopapi.cart.PriceCalculatorTest.TotalPrice","io.github.filipchyla.shopapi.cart.PriceCalculatorTest$TotalPrice","totalPrice_ShouldReturnZero_WhenItemListIsEmpty"
"","1","shouldReturnAccessTokenAndRefreshCookie_whenAuthenticationIsSuccessful()","","2026-09-15","passed","2026-09-15","","io.github.filipchyla.shopapi.auth.AuthenticationFacadeTest.AuthenticateUserAndReturnTokensTest","io.github.filipchyla.shopapi.auth.AuthenticationFacadeTest$AuthenticateUserAndReturnTokensTest","shouldReturnAccessTokenAndRefreshCookie_whenAuthenticationIsSuccessful"
"","283","getProducts_DoesNotRequireAuthentication()","","2026-09-15","passed","2026-09-15","","io.github.filipchyla.shopapi.product.ProductIntegrationTest.GetProducts","io.github.filipchyla.shopapi.product.ProductIntegrationTest$GetProducts","getProducts_DoesNotRequireAuthentication"
"","63","addCategory_ShouldEvictTreeCache()","","2026-09-15","passed","2026-09-15","","io.github.filipchyla.shopapi.product.category.CategoryServiceCacheTest.AddCategory","io.github.filipchyla.shopapi.product.category.CategoryServiceCacheTest$AddCategory","addCategory_ShouldEvictTreeCache"
"","5","postCategories_ReturnsForbidden_WhenUser()","","2026-09-15","passed","2026-09-15","","io.github.filipchyla.shopapi.config.authorization.CategoryAuthorizationTest","io.github.filipchyla.shopapi.config.authorization.CategoryAuthorizationTest","postCategories_ReturnsForbidden_WhenUser"
"","4","changePassword_IsNotAccessible_WithoutAuthentication()","","2026-09-15","passed","2026-09-15","","io.github.filipchyla.shopapi.config.authorization.UserAuthorizationTest","io.github.filipchyla.shopapi.config.authorization.UserAuthorizationTest","changePassword_IsNotAccessible_WithoutAuthentication"
"","130","deleteMe_ShouldDeactivateCurrentUser()","","2026-09-15","passed","2026-09-15","","io.github.filipchyla.shopapi.user.UserIntegrationTest","io.github.filipchyla.shopapi.user.UserIntegrationTest","deleteMe_ShouldDeactivateCurrentUser"
"","1","validateAddition_ShouldThrowInsufficientStock_WhenRequestedQuantityExceedsAvailableStock()","","2026-09-15","passed","2026-09-15","","io.github.filipchyla.shopapi.cart.CartLimitPolicyTest.ValidateAddition","io.github.filipchyla.shopapi.cart.CartLimitPolicyTest$ValidateAddition","validateAddition_ShouldThrowInsufficientStock_WhenRequestedQuantityExceedsAvailableStock"
"","302","updateProduct_ReassignsCategory_WhenCategoryIdProvided()","","2026-09-15","passed","2026-09-15","","io.github.filipchyla.shopapi.product.ProductIntegrationTest.UpdateProduct","io.github.filipchyla.shopapi.product.ProductIntegrationTest$UpdateProduct","updateProduct_ReassignsCategory_WhenCategoryIdProvided"
"","1","quantityIfAdded_ShouldReturnSum_WhenProductAlreadyInCart()","","2026-09-15","passed","2026-09-15","","io.github.filipchyla.shopapi.cart.domain.CartDomainTest.CartEntity","io.github.filipchyla.shopapi.cart.domain.CartDomainTest$CartEntity","quantityIfAdded_ShouldReturnSum_WhenProductAlreadyInCart"
"","1","merge_ShouldReturnCurrentCart_WhenNoCartTokenPresent()","","2026-09-15","passed","2026-09-15","","io.github.filipchyla.shopapi.cart.service.CartMergeServiceTest.NoGuestToken","io.github.filipchyla.shopapi.cart.service.CartMergeServiceTest$NoGuestToken","merge_ShouldReturnCurrentCart_WhenNoCartTokenPresent"
"","141","register_SetsRefreshCookieAndReturnsAccessToken_WhenCredentialsAreCorrect()","","2026-09-15","passed","2026-09-15","","io.github.filipchyla.shopapi.auth.AuthIntegrationTest","io.github.filipchyla.shopapi.auth.AuthIntegrationTest","register_SetsRefreshCookieAndReturnsAccessToken_WhenCredentialsAreCorrect"
"","139","login_ShouldReturnUnauthorized_WhenCredentialsAreIncorrect()","","2026-09-15","passed","2026-09-15","","io.github.filipchyla.shopapi.auth.AuthIntegrationTest","io.github.filipchyla.shopapi.auth.AuthIntegrationTest","login_ShouldReturnUnauthorized_WhenCredentialsAreIncorrect"
"","78","shouldRevokeAllTokensForUserAndReturnExpiredCookie()","","2026-09-15","passed","2026-09-15","","io.github.filipchyla.shopapi.auth.AuthenticationFacadeTest.RevokeAllTokensForUserTest","io.github.filipchyla.shopapi.auth.AuthenticationFacadeTest$RevokeAllTokensForUserTest","shouldRevokeAllTokensForUserAndReturnExpiredCookie"
"","0","getItems_ShouldReturnUnmodifiableList()","","2026-09-15","passed","2026-09-15","","io.github.filipchyla.shopapi.cart.domain.CartDomainTest.GuestCartModel","io.github.filipchyla.shopapi.cart.domain.CartDomainTest$GuestCartModel","getItems_ShouldReturnUnmodifiableList"
"","7","addProduct_ShouldReturnNotFound_WhenCategoryDoesNotExist()","","2026-09-15","passed","2026-09-15","","io.github.filipchyla.shopapi.product.controller.ProductAdminControllerTest.AddProduct","io.github.filipchyla.shopapi.product.controller.ProductAdminControllerTest$AddProduct","addProduct_ShouldReturnNotFound_WhenCategoryDoesNotExist"
"","12","validateAddition_ShouldThrowLimitExceeded_WhenNewItemExceedsMaxDistinctItems()","","2026-09-15","passed","2026-09-15","","io.github.filipchyla.shopapi.cart.CartLimitPolicyTest.ValidateAddition","io.github.filipchyla.shopapi.cart.CartLimitPolicyTest$ValidateAddition","validateAddition_ShouldThrowLimitExceeded_WhenNewItemExceedsMaxDistinctItems"
"","1","shouldRemoveOrphanedTokenFromSessionSetDuringEviction()","","2026-09-15","passed","2026-09-15","","io.github.filipchyla.shopapi.auth.service.RefreshTokenServiceTest.CreateNewToken","io.github.filipchyla.shopapi.auth.service.RefreshTokenServiceTest$CreateNewToken","shouldRemoveOrphanedTokenFromSessionSetDuringEviction"
"","1","shouldThrowWhenTokenDoesNotExist()","","2026-09-15","passed","2026-09-15","","io.github.filipchyla.shopapi.auth.service.RefreshTokenServiceTest.RevokeToken","io.github.filipchyla.shopapi.auth.service.RefreshTokenServiceTest$RevokeToken","shouldThrowWhenTokenDoesNotExist"
"","2","logout_ShouldStillClearCookie_WhenCookieMissing()","","2026-09-15","passed","2026-09-15","","io.github.filipchyla.shopapi.auth.AuthenticationControllerTest.LogoutTest","io.github.filipchyla.shopapi.auth.AuthenticationControllerTest$LogoutTest","logout_ShouldStillClearCookie_WhenCookieMissing"
"","2","addItem_ShouldThrowProductNotFound_WhenProductDoesNotExistOrInactive()","","2026-09-15","passed","2026-09-15","","io.github.filipchyla.shopapi.cart.service.GuestCartServiceTest.AddItem","io.github.filipchyla.shopapi.cart.service.GuestCartServiceTest$AddItem","addItem_ShouldThrowProductNotFound_WhenProductDoesNotExistOrInactive"
"","26","cookieBasedEndpoints_ShouldNotReturnForbidden_WhenCsrfTokenPresent(HttpMethod, String) [4] method=PATCH, url=/api/v1/cart/items/*","","2026-09-15","passed","2026-09-15","","io.github.filipchyla.shopapi.config.CsrfConfigurationTest","io.github.filipchyla.shopapi.config.CsrfConfigurationTest","cookieBasedEndpoints_ShouldNotReturnForbidden_WhenCsrfTokenPresent"
